id,player_id,hole_number,strokes,updated_at,tournament_id,is_provisional,counts_as,notes,ball_no,entered_by,rule_ball_played,rule_ball_note,rule_ball,rule_ball_alt_strokes,rule_ball_status,rule_ball_counts,round_number,registration_id
37fb94c0-67cf-42d8-8463-38afc3d1cf0b,07cfbc31-606f-4838-ba17-578e0720215d,6,4,2026-03-30T13:38:52.653835+00:00,7716349a-8bb0-46c6-b60c-3594eb7ea60f,false,,,1,07cfbc31-606f-4838-ba17-578e0720215d,false,,false,,,,1,07cfbc31-606f-4838-ba17-578e0720215d
5b2c3f9d-11a7-49bf-8d66-b9c930f95c96,07cfbc31-606f-4838-ba17-578e0720215d,13,4,2026-03-30T13:38:52.653835+00:00,7716349a-8bb0-46c6-b60c-3594eb7ea60f,false,,,1,07cfbc31-606f-4838-ba17-578e0720215d,false,,false,,,,1,
038ee03a-18ec-4b90-84ee-595e7ba4073b,21380286-b867-4919-83b5-08eaac386dfe,1,6,2026-03-30T10:17:59.594132+00:00,7716349a-8bb0-46c6-b60c-3594eb7ea60f,false,,,1,885a2ebf-a33e-44a1-a5dd-ef1922c7778b,false,,false,,,,1,21380286-b867-4919-83b5-08eaac386dfe
7f4765d5-50bb-4ee1-83a7-ab19e63f9bbb,07cfbc31-606f-4838-ba17-578e0720215d,14,6,2026-03-30T13:38:52.653835+00:00,7716349a-8bb0-46c6-b60c-3594eb7ea60f,false,,,1,07cfbc31-606f-4838-ba17-578e0720215d,false,,false,,,,1,
b2fbb3c0-6c4e-4109-92ad-f2907e61d905,3b88eb10-8515-40d0-8108-a94529c534cd,1,4,2026-03-30T13:41:31.214768+00:00,7716349a-8bb0-46c6-b60c-3594eb7ea60f,false,,,1,3b88eb10-8515-40d0-8108-a94529c534cd,false,,false,,,,1,3b88eb10-8515-40d0-8108-a94529c534cd
773ec038-19f7-4a05-8580-d3f0319e27a2,117030b2-c7c3-4bab-ac1d-2b3b81b2b9d1,1,6,2026-03-30T13:42:21.841183+00:00,7716349a-8bb0-46c6-b60c-3594eb7ea60f,false,,,1,117030b2-c7c3-4bab-ac1d-2b3b81b2b9d1,false,,false,,,,1,117030b2-c7c3-4bab-ac1d-2b3b81b2b9d1
3b720dfd-8488-4b66-8b21-7f67a0c57f18,117030b2-c7c3-4bab-ac1d-2b3b81b2b9d1,2,4,2026-03-30T13:42:21.841183+00:00,7716349a-8bb0-46c6-b60c-3594eb7ea60f,false,,,1,b0f8374f-c18d-481e-852b-dfa6aa011ac8,false,,false,,,,1,117030b2-c7c3-4bab-ac1d-2b3b81b2b9d1
6efb4eea-f9e6-4f59-8e73-ee7a5b32672d,6edb8092-3291-45fa-8651-a88b460512ad,1,5,2026-03-30T13:43:17.914795+00:00,7716349a-8bb0-46c6-b60c-3594eb7ea60f,false,,,1,6edb8092-3291-45fa-8651-a88b460512ad,false,,false,,,,1,6edb8092-3291-45fa-8651-a88b460512ad
0cf3f6af-8e6d-4b71-a337-dd23f6ac5353,6edb8092-3291-45fa-8651-a88b460512ad,2,5,2026-03-30T13:43:17.914795+00:00,7716349a-8bb0-46c6-b60c-3594eb7ea60f,false,,,1,117030b2-c7c3-4bab-ac1d-2b3b81b2b9d1,false,,false,,,,1,6edb8092-3291-45fa-8651-a88b460512ad
ab4ea126-a4e3-4a95-b68c-6b7fa2ed0abb,b0f8374f-c18d-481e-852b-dfa6aa011ac8,1,6,2026-03-30T13:44:11.968304+00:00,7716349a-8bb0-46c6-b60c-3594eb7ea60f,false,,,1,6edb8092-3291-45fa-8651-a88b460512ad,false,,false,,,,1,b0f8374f-c18d-481e-852b-dfa6aa011ac8
4c419939-4856-41f6-807e-7f85e0acaf14,b0f8374f-c18d-481e-852b-dfa6aa011ac8,2,4,2026-03-30T13:44:11.968304+00:00,7716349a-8bb0-46c6-b60c-3594eb7ea60f,false,,,1,b0f8374f-c18d-481e-852b-dfa6aa011ac8,false,,false,,,,1,b0f8374f-c18d-481e-852b-dfa6aa011ac8
0b8334e5-2cb8-43d2-87c9-16ef6b3308ae,19b44c8b-f73c-464f-a197-236cf91f225b,1,5,2026-03-30T13:45:57.834424+00:00,7716349a-8bb0-46c6-b60c-3594eb7ea60f,false,,,1,19b44c8b-f73c-464f-a197-236cf91f225b,false,,false,,,,1,19b44c8b-f73c-464f-a197-236cf91f225b
0459a9dd-b62f-4a23-94a3-21b00cf09261,19b44c8b-f73c-464f-a197-236cf91f225b,2,4,2026-03-30T13:45:57.834424+00:00,7716349a-8bb0-46c6-b60c-3594eb7ea60f,false,,,1,4d134271-956f-42fd-95ea-0a6b725123e6,false,,false,,,,1,19b44c8b-f73c-464f-a197-236cf91f225b
750e0e18-7d63-44dd-8b44-a96e3dbec7eb,c0fb8d2a-417b-4d68-918c-fc6d0b9b032c,1,6,2026-03-30T13:47:12.678419+00:00,7716349a-8bb0-46c6-b60c-3594eb7ea60f,false,,,1,5d110f0c-2f85-4f21-bfea-d8a96880f0f4,false,,false,,,,1,c0fb8d2a-417b-4d68-918c-fc6d0b9b032c
cff659ab-b73c-441b-be40-f963b722b149,c0fb8d2a-417b-4d68-918c-fc6d0b9b032c,2,6,2026-03-30T13:47:12.678419+00:00,7716349a-8bb0-46c6-b60c-3594eb7ea60f,false,,,1,5d110f0c-2f85-4f21-bfea-d8a96880f0f4,false,,false,,,,1,c0fb8d2a-417b-4d68-918c-fc6d0b9b032c
4f02ca6d-53fa-41d7-a785-47a5fdf71fbc,885a2ebf-a33e-44a1-a5dd-ef1922c7778b,1,6,2026-03-30T12:55:36.745786+00:00,7716349a-8bb0-46c6-b60c-3594eb7ea60f,false,,,1,885a2ebf-a33e-44a1-a5dd-ef1922c7778b,false,,false,,,,1,885a2ebf-a33e-44a1-a5dd-ef1922c7778b
99a8eb0f-1663-4b39-99ff-f5404965670e,639dca59-1a8d-409a-82c6-584dbb5f34e9,1,5,2026-03-30T13:27:47.779488+00:00,7716349a-8bb0-46c6-b60c-3594eb7ea60f,false,,,1,fdd25cd4-90fe-4002-b08b-95ff807080ba,false,,false,,,,1,639dca59-1a8d-409a-82c6-584dbb5f34e9
5d0d687c-157c-4925-97c9-885acb5aa14e,639dca59-1a8d-409a-82c6-584dbb5f34e9,2,4,2026-03-30T13:27:47.779488+00:00,7716349a-8bb0-46c6-b60c-3594eb7ea60f,false,,,1,fdd25cd4-90fe-4002-b08b-95ff807080ba,false,,false,,,,1,639dca59-1a8d-409a-82c6-584dbb5f34e9
40abe0ba-d129-4672-92b8-ed60b6aedcca,d3d57160-318c-4c35-bb5c-de5a5f07d0e7,1,7,2026-03-30T13:31:35.896064+00:00,7716349a-8bb0-46c6-b60c-3594eb7ea60f,false,,,1,e0adbbeb-e7b5-42d4-9ba3-1d70c15bc9f5,false,,false,,,,1,d3d57160-318c-4c35-bb5c-de5a5f07d0e7
cdc9ed54-c66f-4397-8d7f-d9b817f5dc74,098132e4-eb31-43dd-b487-8f6aea7501e6,1,6,2026-03-30T13:32:18.77522+00:00,7716349a-8bb0-46c6-b60c-3594eb7ea60f,false,,,1,098132e4-eb31-43dd-b487-8f6aea7501e6,false,,false,,,,1,098132e4-eb31-43dd-b487-8f6aea7501e6
2fd79281-b5d2-44c5-b369-9abedbab7478,e0adbbeb-e7b5-42d4-9ba3-1d70c15bc9f5,1,5,2026-03-30T13:32:43.240922+00:00,7716349a-8bb0-46c6-b60c-3594eb7ea60f,false,,,1,e0adbbeb-e7b5-42d4-9ba3-1d70c15bc9f5,false,,false,,,,1,e0adbbeb-e7b5-42d4-9ba3-1d70c15bc9f5
35707132-72fb-4ad0-88b7-d86fa5d0cd09,2cc9e7cd-f36e-4f27-ac2e-6959eecef670,1,9,2026-03-30T13:34:03.303623+00:00,7716349a-8bb0-46c6-b60c-3594eb7ea60f,false,,,1,2cc9e7cd-f36e-4f27-ac2e-6959eecef670,false,,false,,,,1,2cc9e7cd-f36e-4f27-ac2e-6959eecef670
fb380993-4813-498e-a9da-6fa3b6a9e775,707a8d7f-48c8-4aa2-ba77-a822a334b283,1,6,2026-03-30T13:48:25.856588+00:00,7716349a-8bb0-46c6-b60c-3594eb7ea60f,false,,,1,19b44c8b-f73c-464f-a197-236cf91f225b,false,,false,,,,1,707a8d7f-48c8-4aa2-ba77-a822a334b283
9f3098e5-ba89-4b09-9004-f9f5f6de7a19,db214db6-5b8c-432b-a14b-322a17f0f720,1,7,2026-03-30T13:34:39.532485+00:00,7716349a-8bb0-46c6-b60c-3594eb7ea60f,false,,,1,2cc9e7cd-f36e-4f27-ac2e-6959eecef670,false,,false,,,,1,db214db6-5b8c-432b-a14b-322a17f0f720
d7184801-ecbb-4f19-9f96-1fe0b222bfcb,7c4671ff-76ee-4a70-b912-6aa7354774ee,1,5,2026-03-30T13:36:46.652203+00:00,7716349a-8bb0-46c6-b60c-3594eb7ea60f,false,,,1,7c4671ff-76ee-4a70-b912-6aa7354774ee,false,,false,,,,1,7c4671ff-76ee-4a70-b912-6aa7354774ee
177cb021-97cd-4e62-b1f9-0fa59415a445,47b6392b-6476-4a2b-897e-2347b126ab86,1,5,2026-03-30T13:37:43.100691+00:00,7716349a-8bb0-46c6-b60c-3594eb7ea60f,false,,,1,47b6392b-6476-4a2b-897e-2347b126ab86,false,,false,,,,1,47b6392b-6476-4a2b-897e-2347b126ab86
344e4e14-8779-42ca-9cbd-ffd540e9635c,47b6392b-6476-4a2b-897e-2347b126ab86,2,4,2026-03-30T13:37:43.100691+00:00,7716349a-8bb0-46c6-b60c-3594eb7ea60f,false,,,1,7c4671ff-76ee-4a70-b912-6aa7354774ee,false,,false,,,,1,47b6392b-6476-4a2b-897e-2347b126ab86
22313b3b-9976-473b-8827-3d571ab187e9,707a8d7f-48c8-4aa2-ba77-a822a334b283,2,5,2026-03-30T13:48:25.856588+00:00,7716349a-8bb0-46c6-b60c-3594eb7ea60f,false,,,1,707a8d7f-48c8-4aa2-ba77-a822a334b283,false,,false,,,,1,707a8d7f-48c8-4aa2-ba77-a822a334b283
9d3bbdc3-d93f-4c5c-a63c-cbd863ab909b,4d134271-956f-42fd-95ea-0a6b725123e6,1,6,2026-03-30T13:49:09.297106+00:00,7716349a-8bb0-46c6-b60c-3594eb7ea60f,false,,,1,4d134271-956f-42fd-95ea-0a6b725123e6,false,,false,,,,1,4d134271-956f-42fd-95ea-0a6b725123e6
8f375e2c-2550-41af-a89a-8ccfe677a124,4d134271-956f-42fd-95ea-0a6b725123e6,2,6,2026-03-30T13:49:09.297106+00:00,7716349a-8bb0-46c6-b60c-3594eb7ea60f,false,,,1,4d134271-956f-42fd-95ea-0a6b725123e6,false,,false,,,,1,4d134271-956f-42fd-95ea-0a6b725123e6
b2b76d17-f663-4ea6-b3b9-9a52e2728084,5d110f0c-2f85-4f21-bfea-d8a96880f0f4,1,5,2026-03-30T13:50:15.54931+00:00,7716349a-8bb0-46c6-b60c-3594eb7ea60f,false,,,1,5d110f0c-2f85-4f21-bfea-d8a96880f0f4,false,,false,,,,1,5d110f0c-2f85-4f21-bfea-d8a96880f0f4
14e343f7-5e52-4dcf-a347-0a37c352920f,ce23d191-feba-4728-82f1-dc3429b95532,1,6,2026-03-30T14:19:06.489167+00:00,7716349a-8bb0-46c6-b60c-3594eb7ea60f,false,,,1,9dcefb0b-f81d-400a-90bc-514b64341425,false,,false,,,,1,ce23d191-feba-4728-82f1-dc3429b95532
b7d5dada-9acf-4002-b0e9-fdc26582d529,ce23d191-feba-4728-82f1-dc3429b95532,2,4,2026-03-30T14:19:06.489167+00:00,7716349a-8bb0-46c6-b60c-3594eb7ea60f,false,,,1,9dcefb0b-f81d-400a-90bc-514b64341425,false,,false,,,,1,ce23d191-feba-4728-82f1-dc3429b95532
69208fcd-95b0-4b5c-9de1-0a2b14a064b0,9dcefb0b-f81d-400a-90bc-514b64341425,1,5,2026-03-30T14:19:52.846675+00:00,7716349a-8bb0-46c6-b60c-3594eb7ea60f,false,,,1,9dcefb0b-f81d-400a-90bc-514b64341425,false,,false,,,,1,9dcefb0b-f81d-400a-90bc-514b64341425
e4ce82c3-d9ba-44b0-a508-85b97d019706,9dcefb0b-f81d-400a-90bc-514b64341425,2,5,2026-03-30T14:19:52.846675+00:00,7716349a-8bb0-46c6-b60c-3594eb7ea60f,false,,,1,9dcefb0b-f81d-400a-90bc-514b64341425,false,,false,,,,1,9dcefb0b-f81d-400a-90bc-514b64341425
811c794c-12f9-42ed-8bd9-82bdc3154c19,e5564605-a162-4973-b880-2fa2245b8a54,1,7,2026-03-30T14:20:54.103514+00:00,7716349a-8bb0-46c6-b60c-3594eb7ea60f,false,,,1,e5564605-a162-4973-b880-2fa2245b8a54,false,,false,,,,1,e5564605-a162-4973-b880-2fa2245b8a54
d5b555ba-fc6a-46dc-8141-b0c4cdab9612,f88170d0-1f22-42fc-b06f-f43ce3d2c8ff,1,6,2026-03-30T14:36:18.903148+00:00,7716349a-8bb0-46c6-b60c-3594eb7ea60f,false,,,1,0a22a191-8264-4398-8468-2e96074d3366,false,,false,,,,1,f88170d0-1f22-42fc-b06f-f43ce3d2c8ff
fb73f4f6-878d-4ef8-a86d-37435b28336b,0a22a191-8264-4398-8468-2e96074d3366,1,5,2026-03-30T14:38:54.901959+00:00,7716349a-8bb0-46c6-b60c-3594eb7ea60f,false,,,1,0a22a191-8264-4398-8468-2e96074d3366,false,,false,,,,1,0a22a191-8264-4398-8468-2e96074d3366
99a3ec1d-8688-4cdc-821e-19b5facc05e7,0a22a191-8264-4398-8468-2e96074d3366,2,5,2026-03-30T14:38:54.901959+00:00,7716349a-8bb0-46c6-b60c-3594eb7ea60f,false,,,1,0a22a191-8264-4398-8468-2e96074d3366,false,,false,,,,1,0a22a191-8264-4398-8468-2e96074d3366
a46bc549-8cf8-4cfc-b52d-4f472f5ddece,2e22731c-34b3-4726-937a-18e90d4213a7,1,6,2026-03-30T14:41:18.103207+00:00,7716349a-8bb0-46c6-b60c-3594eb7ea60f,false,,,1,7cb8f5cb-1d66-4a8b-a52e-3c0ab48ff137,false,,false,,,,1,2e22731c-34b3-4726-937a-18e90d4213a7
0ecd263f-bca3-495f-916f-259ae51d67dd,2e22731c-34b3-4726-937a-18e90d4213a7,2,4,2026-03-30T14:41:18.103207+00:00,7716349a-8bb0-46c6-b60c-3594eb7ea60f,false,,,1,7cb8f5cb-1d66-4a8b-a52e-3c0ab48ff137,false,,false,,,,1,2e22731c-34b3-4726-937a-18e90d4213a7
b366c92a-a246-4aac-a757-8a51bb52759f,9d71aa32-e0cc-4394-b494-f2cca4e7d382,1,8,2026-03-30T14:42:47.173181+00:00,7716349a-8bb0-46c6-b60c-3594eb7ea60f,false,,,1,9d71aa32-e0cc-4394-b494-f2cca4e7d382,false,,false,,,,1,9d71aa32-e0cc-4394-b494-f2cca4e7d382
f3233ff7-c3c0-4e87-a89a-7cb01335ad0c,9d71aa32-e0cc-4394-b494-f2cca4e7d382,2,5,2026-03-30T14:42:47.173181+00:00,7716349a-8bb0-46c6-b60c-3594eb7ea60f,false,,,1,2e22731c-34b3-4726-937a-18e90d4213a7,false,,false,,,,1,9d71aa32-e0cc-4394-b494-f2cca4e7d382
fef64e70-7617-40c1-a587-7fa4d442aae8,7cb8f5cb-1d66-4a8b-a52e-3c0ab48ff137,1,7,2026-03-30T14:44:03.173753+00:00,7716349a-8bb0-46c6-b60c-3594eb7ea60f,false,,,1,9d71aa32-e0cc-4394-b494-f2cca4e7d382,false,,false,,,,1,7cb8f5cb-1d66-4a8b-a52e-3c0ab48ff137
f7ff58f5-4d2e-44ae-beeb-511f67cb016d,7cb8f5cb-1d66-4a8b-a52e-3c0ab48ff137,2,7,2026-03-30T14:44:03.173753+00:00,7716349a-8bb0-46c6-b60c-3594eb7ea60f,false,,,1,7cb8f5cb-1d66-4a8b-a52e-3c0ab48ff137,false,,false,,,,1,7cb8f5cb-1d66-4a8b-a52e-3c0ab48ff137
47227dc0-646c-426b-b819-11b398a45cb6,78fb4ed0-ba6c-4b98-a34b-bb8fa7f01091,1,6,2026-03-30T14:53:37.590273+00:00,7716349a-8bb0-46c6-b60c-3594eb7ea60f,false,,,1,78fb4ed0-ba6c-4b98-a34b-bb8fa7f01091,false,,false,,,,1,78fb4ed0-ba6c-4b98-a34b-bb8fa7f01091
e7a5a5f9-7895-489f-adbe-7e65e68ebff8,ee5ab7c6-0546-4277-8d04-5e6b48ea52a3,1,6,2026-03-30T14:54:31.140514+00:00,7716349a-8bb0-46c6-b60c-3594eb7ea60f,false,,,1,78fb4ed0-ba6c-4b98-a34b-bb8fa7f01091,false,,false,,,,1,ee5ab7c6-0546-4277-8d04-5e6b48ea52a3
a1c6c2b9-493e-4588-9dcd-49791e91820f,44447724-0d2c-4601-b0c6-e53714d03f63,1,8,2026-03-30T14:56:17.668945+00:00,7716349a-8bb0-46c6-b60c-3594eb7ea60f,false,,,1,44447724-0d2c-4601-b0c6-e53714d03f63,false,,false,,,,1,44447724-0d2c-4601-b0c6-e53714d03f63
240afd9f-a12e-43cf-a3c8-0e3c656499f4,bd565cdc-2b20-4ee1-8358-1c3f10ec8acf,1,6,2026-03-30T14:57:31.875058+00:00,7716349a-8bb0-46c6-b60c-3594eb7ea60f,false,,,1,44447724-0d2c-4601-b0c6-e53714d03f63,false,,false,,,,1,bd565cdc-2b20-4ee1-8358-1c3f10ec8acf
43f96ea3-9d6f-481a-889b-4b630c16b9c5,fdd25cd4-90fe-4002-b08b-95ff807080ba,1,7,2026-03-30T15:02:30.241205+00:00,7716349a-8bb0-46c6-b60c-3594eb7ea60f,false,,,1,fdd25cd4-90fe-4002-b08b-95ff807080ba,false,,false,,,,1,fdd25cd4-90fe-4002-b08b-95ff807080ba
931da720-0d26-416f-901b-0afd54d71047,c9c44f56-2b25-4444-be7a-60dcb33140b2,1,4,2026-03-30T15:10:55.278222+00:00,7716349a-8bb0-46c6-b60c-3594eb7ea60f,false,,,1,f88170d0-1f22-42fc-b06f-f43ce3d2c8ff,false,,false,,,,1,c9c44f56-2b25-4444-be7a-60dcb33140b2
9470603c-6430-4be9-b4b8-19d49217be2a,c9c44f56-2b25-4444-be7a-60dcb33140b2,2,8,2026-03-30T15:10:55.278222+00:00,7716349a-8bb0-46c6-b60c-3594eb7ea60f,false,,,1,f88170d0-1f22-42fc-b06f-f43ce3d2c8ff,false,,false,,,,1,c9c44f56-2b25-4444-be7a-60dcb33140b2
6da454be-9b5f-482b-a896-24bdf70d505c,07cfbc31-606f-4838-ba17-578e0720215d,4,3,2026-03-30T13:38:52.653835+00:00,7716349a-8bb0-46c6-b60c-3594eb7ea60f,false,,,1,e1cc61b9-4c31-4d8e-8bee-b567ce5cca28,false,,false,,,,1,07cfbc31-606f-4838-ba17-578e0720215d
ac6ac4c2-974b-40a6-9d12-462ad50b17e5,07cfbc31-606f-4838-ba17-578e0720215d,5,3,2026-03-30T13:38:52.653835+00:00,7716349a-8bb0-46c6-b60c-3594eb7ea60f,false,,,1,e1cc61b9-4c31-4d8e-8bee-b567ce5cca28,false,,false,,,,1,07cfbc31-606f-4838-ba17-578e0720215d
e90d6fab-1911-463b-b4bb-8b738c421985,07cfbc31-606f-4838-ba17-578e0720215d,15,4,2026-03-30T13:38:52.653835+00:00,7716349a-8bb0-46c6-b60c-3594eb7ea60f,false,,,1,07cfbc31-606f-4838-ba17-578e0720215d,false,,false,,,,1,
3a65ac0b-110d-4553-a550-b9957d930d84,e1cc61b9-4c31-4d8e-8bee-b567ce5cca28,2,3,2026-03-30T13:40:37.758989+00:00,7716349a-8bb0-46c6-b60c-3594eb7ea60f,false,,,1,3b88eb10-8515-40d0-8108-a94529c534cd,false,,false,,,,1,e1cc61b9-4c31-4d8e-8bee-b567ce5cca28
3992a8cc-6b28-49fe-a18a-5b25740f3c80,e1cc61b9-4c31-4d8e-8bee-b567ce5cca28,3,4,2026-03-30T13:40:37.758989+00:00,7716349a-8bb0-46c6-b60c-3594eb7ea60f,false,,,1,3b88eb10-8515-40d0-8108-a94529c534cd,false,,false,,,,1,e1cc61b9-4c31-4d8e-8bee-b567ce5cca28
017f5fc1-8f52-49e6-997b-abff33e310bd,e1cc61b9-4c31-4d8e-8bee-b567ce5cca28,4,4,2026-03-30T13:40:37.758989+00:00,7716349a-8bb0-46c6-b60c-3594eb7ea60f,false,,,1,e1cc61b9-4c31-4d8e-8bee-b567ce5cca28,false,,false,,,,1,e1cc61b9-4c31-4d8e-8bee-b567ce5cca28
9be7597a-2d4b-4248-98d0-36d73cab3356,3b88eb10-8515-40d0-8108-a94529c534cd,3,3,2026-03-30T13:41:31.214768+00:00,7716349a-8bb0-46c6-b60c-3594eb7ea60f,false,,,1,3b88eb10-8515-40d0-8108-a94529c534cd,false,,false,,,,1,3b88eb10-8515-40d0-8108-a94529c534cd
c5921248-a64a-4896-b40a-c3177c6be51f,3b88eb10-8515-40d0-8108-a94529c534cd,4,4,2026-03-30T13:41:31.214768+00:00,7716349a-8bb0-46c6-b60c-3594eb7ea60f,false,,,1,3b88eb10-8515-40d0-8108-a94529c534cd,false,,false,,,,1,3b88eb10-8515-40d0-8108-a94529c534cd
55e13f25-6b6b-4166-9997-df9d1708484b,117030b2-c7c3-4bab-ac1d-2b3b81b2b9d1,3,5,2026-03-30T13:42:21.841183+00:00,7716349a-8bb0-46c6-b60c-3594eb7ea60f,false,,,1,b0f8374f-c18d-481e-852b-dfa6aa011ac8,false,,false,,,,1,117030b2-c7c3-4bab-ac1d-2b3b81b2b9d1
104f434a-6cad-4940-b862-9d6df1cfee68,6edb8092-3291-45fa-8651-a88b460512ad,3,3,2026-03-30T13:43:17.914795+00:00,7716349a-8bb0-46c6-b60c-3594eb7ea60f,false,,,1,6edb8092-3291-45fa-8651-a88b460512ad,false,,false,,,,1,6edb8092-3291-45fa-8651-a88b460512ad
f835cc96-c9ce-4651-8354-444201687d48,639dca59-1a8d-409a-82c6-584dbb5f34e9,3,3,2026-03-30T13:27:47.779488+00:00,7716349a-8bb0-46c6-b60c-3594eb7ea60f,false,,,1,fdd25cd4-90fe-4002-b08b-95ff807080ba,false,,false,,,,1,639dca59-1a8d-409a-82c6-584dbb5f34e9
c894ff03-360e-4d73-9c84-34d07c846894,7c4671ff-76ee-4a70-b912-6aa7354774ee,3,8,2026-03-30T13:36:46.652203+00:00,7716349a-8bb0-46c6-b60c-3594eb7ea60f,false,,,1,7c4671ff-76ee-4a70-b912-6aa7354774ee,false,,false,,,,1,7c4671ff-76ee-4a70-b912-6aa7354774ee
c58c771d-03c3-4291-90a2-fb27514b7383,7c4671ff-76ee-4a70-b912-6aa7354774ee,4,3,2026-03-30T13:36:46.652203+00:00,7716349a-8bb0-46c6-b60c-3594eb7ea60f,false,,,1,7c4671ff-76ee-4a70-b912-6aa7354774ee,false,,false,,,,1,7c4671ff-76ee-4a70-b912-6aa7354774ee
315aa7ff-bb48-4e06-8424-64c4e08aaaf8,7c4671ff-76ee-4a70-b912-6aa7354774ee,5,4,2026-03-30T13:36:46.652203+00:00,7716349a-8bb0-46c6-b60c-3594eb7ea60f,false,,,1,7c4671ff-76ee-4a70-b912-6aa7354774ee,false,,false,,,,1,7c4671ff-76ee-4a70-b912-6aa7354774ee
c1a87394-b76b-44a2-b456-5d19f953f3b0,47b6392b-6476-4a2b-897e-2347b126ab86,3,4,2026-03-30T13:37:43.100691+00:00,7716349a-8bb0-46c6-b60c-3594eb7ea60f,false,,,1,47b6392b-6476-4a2b-897e-2347b126ab86,false,,false,,,,1,47b6392b-6476-4a2b-897e-2347b126ab86
1f39ab93-b3f7-4449-be8f-a1ac90d5a909,47b6392b-6476-4a2b-897e-2347b126ab86,4,4,2026-03-30T13:37:43.100691+00:00,7716349a-8bb0-46c6-b60c-3594eb7ea60f,false,,,1,7c4671ff-76ee-4a70-b912-6aa7354774ee,false,,false,,,,1,47b6392b-6476-4a2b-897e-2347b126ab86
0f107d7c-af98-4789-88fa-0b3cfd6923b3,47b6392b-6476-4a2b-897e-2347b126ab86,5,3,2026-03-30T13:37:43.100691+00:00,7716349a-8bb0-46c6-b60c-3594eb7ea60f,false,,,1,47b6392b-6476-4a2b-897e-2347b126ab86,false,,false,,,,1,47b6392b-6476-4a2b-897e-2347b126ab86
fa5e110c-749f-4ad7-892b-392ba4066c51,b0f8374f-c18d-481e-852b-dfa6aa011ac8,3,4,2026-03-30T13:44:11.968304+00:00,7716349a-8bb0-46c6-b60c-3594eb7ea60f,false,,,1,6edb8092-3291-45fa-8651-a88b460512ad,false,,false,,,,1,b0f8374f-c18d-481e-852b-dfa6aa011ac8
586df85b-24ee-4d66-8501-6c0599089f3d,19b44c8b-f73c-464f-a197-236cf91f225b,3,4,2026-03-30T13:45:57.834424+00:00,7716349a-8bb0-46c6-b60c-3594eb7ea60f,false,,,1,4d134271-956f-42fd-95ea-0a6b725123e6,false,,false,,,,1,19b44c8b-f73c-464f-a197-236cf91f225b
304c74be-1139-495e-a071-1253bed5792b,19b44c8b-f73c-464f-a197-236cf91f225b,4,3,2026-03-30T13:45:57.834424+00:00,7716349a-8bb0-46c6-b60c-3594eb7ea60f,false,,,1,4d134271-956f-42fd-95ea-0a6b725123e6,false,,false,,,,1,19b44c8b-f73c-464f-a197-236cf91f225b
618683a4-0f25-4bb5-986f-93a80f11fdbf,19b44c8b-f73c-464f-a197-236cf91f225b,5,3,2026-03-30T13:45:57.834424+00:00,7716349a-8bb0-46c6-b60c-3594eb7ea60f,false,,,1,19b44c8b-f73c-464f-a197-236cf91f225b,false,,false,,,,1,19b44c8b-f73c-464f-a197-236cf91f225b
3e3c4734-4177-4b31-8cff-0ac559a60da8,c0fb8d2a-417b-4d68-918c-fc6d0b9b032c,3,3,2026-03-30T13:47:12.678419+00:00,7716349a-8bb0-46c6-b60c-3594eb7ea60f,false,,,1,5d110f0c-2f85-4f21-bfea-d8a96880f0f4,false,,false,,,,1,c0fb8d2a-417b-4d68-918c-fc6d0b9b032c
b133de4a-f59f-4215-be38-dee897b874d4,c0fb8d2a-417b-4d68-918c-fc6d0b9b032c,4,3,2026-03-30T13:47:12.678419+00:00,7716349a-8bb0-46c6-b60c-3594eb7ea60f,false,,,1,c0fb8d2a-417b-4d68-918c-fc6d0b9b032c,false,,false,,,,1,c0fb8d2a-417b-4d68-918c-fc6d0b9b032c
61c45fae-2c62-4a43-8cbd-6c0c64ff6dc4,c0fb8d2a-417b-4d68-918c-fc6d0b9b032c,5,5,2026-03-30T13:47:12.678419+00:00,7716349a-8bb0-46c6-b60c-3594eb7ea60f,false,,,1,c0fb8d2a-417b-4d68-918c-fc6d0b9b032c,false,,false,,,,1,c0fb8d2a-417b-4d68-918c-fc6d0b9b032c
0b4afbf1-2a23-4905-a183-05567f4ea219,707a8d7f-48c8-4aa2-ba77-a822a334b283,3,5,2026-03-30T13:48:25.856588+00:00,7716349a-8bb0-46c6-b60c-3594eb7ea60f,false,,,1,707a8d7f-48c8-4aa2-ba77-a822a334b283,false,,false,,,,1,707a8d7f-48c8-4aa2-ba77-a822a334b283
8b9047b7-a5f8-4e55-b53d-ce5975044b4d,707a8d7f-48c8-4aa2-ba77-a822a334b283,4,4,2026-03-30T13:48:25.856588+00:00,7716349a-8bb0-46c6-b60c-3594eb7ea60f,false,,,1,707a8d7f-48c8-4aa2-ba77-a822a334b283,false,,false,,,,1,707a8d7f-48c8-4aa2-ba77-a822a334b283
fcffc10f-4c28-4071-b4fe-bcadf3d58589,707a8d7f-48c8-4aa2-ba77-a822a334b283,5,3,2026-03-30T13:48:25.856588+00:00,7716349a-8bb0-46c6-b60c-3594eb7ea60f,false,,,1,707a8d7f-48c8-4aa2-ba77-a822a334b283,false,,false,,,,1,707a8d7f-48c8-4aa2-ba77-a822a334b283
005b112f-baa5-46f1-a3bb-40bfad2838ea,4d134271-956f-42fd-95ea-0a6b725123e6,3,7,2026-03-30T13:49:09.297106+00:00,7716349a-8bb0-46c6-b60c-3594eb7ea60f,false,,,1,4d134271-956f-42fd-95ea-0a6b725123e6,false,,false,,,,1,4d134271-956f-42fd-95ea-0a6b725123e6
ecebb82c-cf2a-4898-9078-e9cc33bb6520,4d134271-956f-42fd-95ea-0a6b725123e6,4,3,2026-03-30T13:49:09.297106+00:00,7716349a-8bb0-46c6-b60c-3594eb7ea60f,false,,,1,4d134271-956f-42fd-95ea-0a6b725123e6,false,,false,,,,1,4d134271-956f-42fd-95ea-0a6b725123e6
b49921c9-c737-4851-801d-d5ffd69f724b,4d134271-956f-42fd-95ea-0a6b725123e6,5,4,2026-03-30T13:49:09.297106+00:00,7716349a-8bb0-46c6-b60c-3594eb7ea60f,false,,,1,707a8d7f-48c8-4aa2-ba77-a822a334b283,false,,false,,,,1,4d134271-956f-42fd-95ea-0a6b725123e6
844f27f9-f605-4c25-8e8a-46a413780c1c,5d110f0c-2f85-4f21-bfea-d8a96880f0f4,3,4,2026-03-30T13:50:15.54931+00:00,7716349a-8bb0-46c6-b60c-3594eb7ea60f,false,,,1,5d110f0c-2f85-4f21-bfea-d8a96880f0f4,false,,false,,,,1,5d110f0c-2f85-4f21-bfea-d8a96880f0f4
8442574e-b219-4f9d-8ce8-4c3d544becf8,5d110f0c-2f85-4f21-bfea-d8a96880f0f4,4,2,2026-03-30T13:50:15.54931+00:00,7716349a-8bb0-46c6-b60c-3594eb7ea60f,false,,,1,c0fb8d2a-417b-4d68-918c-fc6d0b9b032c,false,,false,,,,1,5d110f0c-2f85-4f21-bfea-d8a96880f0f4
c567ab4d-f33f-442f-8c59-4f741fadcfe9,5d110f0c-2f85-4f21-bfea-d8a96880f0f4,5,4,2026-03-30T13:50:15.54931+00:00,7716349a-8bb0-46c6-b60c-3594eb7ea60f,false,,,1,c0fb8d2a-417b-4d68-918c-fc6d0b9b032c,false,,false,,,,1,5d110f0c-2f85-4f21-bfea-d8a96880f0f4
97627eb2-32f1-44d1-a0dc-776c026f1eed,ce23d191-feba-4728-82f1-dc3429b95532,3,4,2026-03-30T14:19:06.489167+00:00,7716349a-8bb0-46c6-b60c-3594eb7ea60f,false,,,1,9dcefb0b-f81d-400a-90bc-514b64341425,false,,false,,,,1,ce23d191-feba-4728-82f1-dc3429b95532
ec8db214-1fd8-4596-b29b-af76e41ab243,ce23d191-feba-4728-82f1-dc3429b95532,4,3,2026-03-30T14:19:06.489167+00:00,7716349a-8bb0-46c6-b60c-3594eb7ea60f,false,,,1,ce23d191-feba-4728-82f1-dc3429b95532,false,,false,,,,1,ce23d191-feba-4728-82f1-dc3429b95532
964c306c-e336-4397-8833-53736d48ba15,9dcefb0b-f81d-400a-90bc-514b64341425,3,5,2026-03-30T14:19:52.846675+00:00,7716349a-8bb0-46c6-b60c-3594eb7ea60f,false,,,1,e5564605-a162-4973-b880-2fa2245b8a54,false,,false,,,,1,9dcefb0b-f81d-400a-90bc-514b64341425
e6d5ae67-e157-40bb-94a0-19af6e88d5ba,9dcefb0b-f81d-400a-90bc-514b64341425,4,4,2026-03-30T14:19:52.846675+00:00,7716349a-8bb0-46c6-b60c-3594eb7ea60f,false,,,1,e5564605-a162-4973-b880-2fa2245b8a54,false,,false,,,,1,9dcefb0b-f81d-400a-90bc-514b64341425
df46e566-a4fb-4120-b689-7caa2e47d99d,e5564605-a162-4973-b880-2fa2245b8a54,2,6,2026-03-30T14:20:54.103514+00:00,7716349a-8bb0-46c6-b60c-3594eb7ea60f,false,,,1,e5564605-a162-4973-b880-2fa2245b8a54,false,,false,,,,1,e5564605-a162-4973-b880-2fa2245b8a54
c98b9b58-724c-4c1e-86ae-23bb2c25da73,e5564605-a162-4973-b880-2fa2245b8a54,3,6,2026-03-30T14:20:54.103514+00:00,7716349a-8bb0-46c6-b60c-3594eb7ea60f,false,,,1,e5564605-a162-4973-b880-2fa2245b8a54,false,,false,,,,1,e5564605-a162-4973-b880-2fa2245b8a54
75246ed5-e3e1-46ce-952c-a1debfb83933,e5564605-a162-4973-b880-2fa2245b8a54,4,3,2026-03-30T14:20:54.103514+00:00,7716349a-8bb0-46c6-b60c-3594eb7ea60f,false,,,1,e5564605-a162-4973-b880-2fa2245b8a54,false,,false,,,,1,e5564605-a162-4973-b880-2fa2245b8a54
32ee5a95-4740-45b9-a087-12e2b51abe42,f88170d0-1f22-42fc-b06f-f43ce3d2c8ff,2,4,2026-03-30T14:36:18.903148+00:00,7716349a-8bb0-46c6-b60c-3594eb7ea60f,false,,,1,0a22a191-8264-4398-8468-2e96074d3366,false,,false,,,,1,f88170d0-1f22-42fc-b06f-f43ce3d2c8ff
d03d2514-21b4-47ee-901a-23d70deffd70,f88170d0-1f22-42fc-b06f-f43ce3d2c8ff,3,7,2026-03-30T14:36:18.903148+00:00,7716349a-8bb0-46c6-b60c-3594eb7ea60f,false,,,1,0a22a191-8264-4398-8468-2e96074d3366,false,,false,,,,1,f88170d0-1f22-42fc-b06f-f43ce3d2c8ff
a83f05b0-dd1f-4066-b187-2a3bbc83b3f3,0a22a191-8264-4398-8468-2e96074d3366,3,5,2026-03-30T14:38:54.901959+00:00,7716349a-8bb0-46c6-b60c-3594eb7ea60f,false,,,1,0a22a191-8264-4398-8468-2e96074d3366,false,,false,,,,1,0a22a191-8264-4398-8468-2e96074d3366
163c0452-8bec-4553-926c-e7aab088452a,2e22731c-34b3-4726-937a-18e90d4213a7,3,4,2026-03-30T14:41:18.103207+00:00,7716349a-8bb0-46c6-b60c-3594eb7ea60f,false,,,1,7cb8f5cb-1d66-4a8b-a52e-3c0ab48ff137,false,,false,,,,1,2e22731c-34b3-4726-937a-18e90d4213a7
8de00faf-9a6e-4504-84ec-6199932005bb,9d71aa32-e0cc-4394-b494-f2cca4e7d382,3,4,2026-03-30T14:42:47.173181+00:00,7716349a-8bb0-46c6-b60c-3594eb7ea60f,false,,,1,2e22731c-34b3-4726-937a-18e90d4213a7,false,,false,,,,1,9d71aa32-e0cc-4394-b494-f2cca4e7d382
4625c382-6b06-4c6f-94f8-b7ac107f1f93,7cb8f5cb-1d66-4a8b-a52e-3c0ab48ff137,3,5,2026-03-30T14:44:03.173753+00:00,7716349a-8bb0-46c6-b60c-3594eb7ea60f,false,,,1,7cb8f5cb-1d66-4a8b-a52e-3c0ab48ff137,false,,false,,,,1,7cb8f5cb-1d66-4a8b-a52e-3c0ab48ff137
8f3561d6-6a00-4e94-90b2-9b2bdfcf8062,fdd25cd4-90fe-4002-b08b-95ff807080ba,2,9,2026-03-30T15:02:30.241205+00:00,7716349a-8bb0-46c6-b60c-3594eb7ea60f,false,,,1,fdd25cd4-90fe-4002-b08b-95ff807080ba,false,,false,,,,1,fdd25cd4-90fe-4002-b08b-95ff807080ba
9db6b0ea-d8dd-47a6-be6d-72ca0b85c13b,fdd25cd4-90fe-4002-b08b-95ff807080ba,3,5,2026-03-30T15:02:30.241205+00:00,7716349a-8bb0-46c6-b60c-3594eb7ea60f,false,,,1,fdd25cd4-90fe-4002-b08b-95ff807080ba,false,,false,,,,1,fdd25cd4-90fe-4002-b08b-95ff807080ba
2fc8dd30-8f25-4b58-b3b7-e42c73e529a2,fdd25cd4-90fe-4002-b08b-95ff807080ba,4,2,2026-03-30T15:02:30.241205+00:00,7716349a-8bb0-46c6-b60c-3594eb7ea60f,false,,,1,fdd25cd4-90fe-4002-b08b-95ff807080ba,false,,false,,,,1,fdd25cd4-90fe-4002-b08b-95ff807080ba
067ed21a-3d87-4904-a807-477860935b46,c9c44f56-2b25-4444-be7a-60dcb33140b2,3,4,2026-03-30T15:10:55.278222+00:00,7716349a-8bb0-46c6-b60c-3594eb7ea60f,false,,,1,c9c44f56-2b25-4444-be7a-60dcb33140b2,false,,false,,,,1,c9c44f56-2b25-4444-be7a-60dcb33140b2
05f271de-6ae0-4c27-be7e-d59ea90f0da6,07cfbc31-606f-4838-ba17-578e0720215d,7,3,2026-03-30T13:38:52.653835+00:00,7716349a-8bb0-46c6-b60c-3594eb7ea60f,false,,,1,07cfbc31-606f-4838-ba17-578e0720215d,false,,false,,,,1,07cfbc31-606f-4838-ba17-578e0720215d
adea20c4-8f9f-46e3-9ddd-f3154bd68830,07cfbc31-606f-4838-ba17-578e0720215d,8,4,2026-03-30T13:38:52.653835+00:00,7716349a-8bb0-46c6-b60c-3594eb7ea60f,false,,,1,07cfbc31-606f-4838-ba17-578e0720215d,false,,false,,,,1,07cfbc31-606f-4838-ba17-578e0720215d
6fa6d5b1-0472-4eb5-9e2f-614151f63ed5,07cfbc31-606f-4838-ba17-578e0720215d,9,4,2026-03-30T13:38:52.653835+00:00,7716349a-8bb0-46c6-b60c-3594eb7ea60f,false,,,1,e1cc61b9-4c31-4d8e-8bee-b567ce5cca28,false,,false,,,,1,
5a7bfac1-f3ae-4644-a41d-6b812cb371c5,07cfbc31-606f-4838-ba17-578e0720215d,10,4,2026-03-30T13:38:52.653835+00:00,7716349a-8bb0-46c6-b60c-3594eb7ea60f,false,,,1,e1cc61b9-4c31-4d8e-8bee-b567ce5cca28,false,,false,,,,1,
57abe957-583a-4575-84c6-163fd56d0fae,07cfbc31-606f-4838-ba17-578e0720215d,16,4,2026-03-30T13:38:52.653835+00:00,7716349a-8bb0-46c6-b60c-3594eb7ea60f,false,,,1,07cfbc31-606f-4838-ba17-578e0720215d,false,,false,,,,1,
7037f685-2a73-40ad-b96e-90a7f1cbefa4,07cfbc31-606f-4838-ba17-578e0720215d,17,5,2026-03-30T13:38:52.653835+00:00,7716349a-8bb0-46c6-b60c-3594eb7ea60f,false,,,1,07cfbc31-606f-4838-ba17-578e0720215d,false,,false,,,,1,
2a2399e2-b3f0-4ddb-a88f-35b6d998de1f,07cfbc31-606f-4838-ba17-578e0720215d,18,5,2026-03-30T13:38:52.653835+00:00,7716349a-8bb0-46c6-b60c-3594eb7ea60f,false,,,1,07cfbc31-606f-4838-ba17-578e0720215d,false,,false,,,,1,
1d1cda8c-7f83-4f40-aeda-0a5cec8ff06a,e1cc61b9-4c31-4d8e-8bee-b567ce5cca28,6,5,2026-03-30T13:40:37.758989+00:00,7716349a-8bb0-46c6-b60c-3594eb7ea60f,false,,,1,e1cc61b9-4c31-4d8e-8bee-b567ce5cca28,false,,false,,,,1,e1cc61b9-4c31-4d8e-8bee-b567ce5cca28
cc51f846-89ad-4689-b923-54fdc87dfc51,21380286-b867-4919-83b5-08eaac386dfe,8,5,2026-03-30T12:09:16.619707+00:00,7716349a-8bb0-46c6-b60c-3594eb7ea60f,false,,,1,21380286-b867-4919-83b5-08eaac386dfe,false,,false,,,,1,
81865cc8-f57a-4866-8358-c705190e8ca7,e1cc61b9-4c31-4d8e-8bee-b567ce5cca28,7,2,2026-03-30T13:40:37.758989+00:00,7716349a-8bb0-46c6-b60c-3594eb7ea60f,false,,,1,e1cc61b9-4c31-4d8e-8bee-b567ce5cca28,false,,false,,,,1,e1cc61b9-4c31-4d8e-8bee-b567ce5cca28
82cb0797-f3cb-40e9-b8a3-4c3d3570188d,e1cc61b9-4c31-4d8e-8bee-b567ce5cca28,8,4,2026-03-30T13:40:37.758989+00:00,7716349a-8bb0-46c6-b60c-3594eb7ea60f,false,,,1,e1cc61b9-4c31-4d8e-8bee-b567ce5cca28,false,,false,,,,1,
0f24b138-791c-4c6c-9173-27f984a485bc,e1cc61b9-4c31-4d8e-8bee-b567ce5cca28,9,5,2026-03-30T13:40:37.758989+00:00,7716349a-8bb0-46c6-b60c-3594eb7ea60f,false,,,1,e1cc61b9-4c31-4d8e-8bee-b567ce5cca28,false,,false,,,,1,
85a97567-17df-4e6c-bc68-4707c7616413,19b44c8b-f73c-464f-a197-236cf91f225b,7,4,2026-03-30T13:45:57.834424+00:00,7716349a-8bb0-46c6-b60c-3594eb7ea60f,false,,,1,19b44c8b-f73c-464f-a197-236cf91f225b,false,,false,,,,1,
f2b8b584-a28c-4eb7-a83e-1f5d1c66ba72,19b44c8b-f73c-464f-a197-236cf91f225b,9,5,2026-03-30T13:45:57.834424+00:00,7716349a-8bb0-46c6-b60c-3594eb7ea60f,false,,,1,4d134271-956f-42fd-95ea-0a6b725123e6,false,,false,,,,1,
89bf3b6e-e303-46c8-ab15-ea96b3416bdf,885a2ebf-a33e-44a1-a5dd-ef1922c7778b,2,9,2026-03-30T12:55:36.745786+00:00,7716349a-8bb0-46c6-b60c-3594eb7ea60f,false,,,1,885a2ebf-a33e-44a1-a5dd-ef1922c7778b,false,,false,,,,1,
9082c4da-bfe1-410e-a01c-d861265503b0,19b44c8b-f73c-464f-a197-236cf91f225b,10,5,2026-03-30T13:45:57.834424+00:00,7716349a-8bb0-46c6-b60c-3594eb7ea60f,false,,,1,4d134271-956f-42fd-95ea-0a6b725123e6,false,,false,,,,1,
c540e562-caf9-4184-a3ce-94d39f0f283a,c0fb8d2a-417b-4d68-918c-fc6d0b9b032c,7,4,2026-03-30T13:47:12.678419+00:00,7716349a-8bb0-46c6-b60c-3594eb7ea60f,false,,,1,c0fb8d2a-417b-4d68-918c-fc6d0b9b032c,false,,false,,,,1,
32ba89c1-cd2e-4c4c-bd85-ccdbcd65481f,885a2ebf-a33e-44a1-a5dd-ef1922c7778b,5,5,2026-03-30T12:55:36.745786+00:00,7716349a-8bb0-46c6-b60c-3594eb7ea60f,false,,,1,885a2ebf-a33e-44a1-a5dd-ef1922c7778b,false,,false,,,,1,
d60ca84c-03a6-4602-9805-b833ceb87fad,d3d57160-318c-4c35-bb5c-de5a5f07d0e7,2,5,2026-03-30T13:31:35.896064+00:00,7716349a-8bb0-46c6-b60c-3594eb7ea60f,false,,,1,d3d57160-318c-4c35-bb5c-de5a5f07d0e7,false,,false,,,,1,
eba4ea55-fe3e-4380-b2c4-248466adc213,d3d57160-318c-4c35-bb5c-de5a5f07d0e7,8,5,2026-03-30T13:31:35.896064+00:00,7716349a-8bb0-46c6-b60c-3594eb7ea60f,false,,,1,d3d57160-318c-4c35-bb5c-de5a5f07d0e7,false,,false,,,,1,
4354e932-cbf3-4fe7-a050-f7afb76990da,d3d57160-318c-4c35-bb5c-de5a5f07d0e7,9,6,2026-03-30T13:31:35.896064+00:00,7716349a-8bb0-46c6-b60c-3594eb7ea60f,false,,,1,d3d57160-318c-4c35-bb5c-de5a5f07d0e7,false,,false,,,,1,
53a7951b-0a04-47b4-a959-b0e3abc3b8f7,098132e4-eb31-43dd-b487-8f6aea7501e6,2,6,2026-03-30T13:32:18.77522+00:00,7716349a-8bb0-46c6-b60c-3594eb7ea60f,false,,,1,098132e4-eb31-43dd-b487-8f6aea7501e6,false,,false,,,,1,
163e878b-7e25-4b74-95e5-c3891817dd1a,098132e4-eb31-43dd-b487-8f6aea7501e6,5,3,2026-03-30T13:32:18.77522+00:00,7716349a-8bb0-46c6-b60c-3594eb7ea60f,false,,,1,d3d57160-318c-4c35-bb5c-de5a5f07d0e7,false,,false,,,,1,
2075a01f-f4f5-443e-b9cf-e4b12d96783c,707a8d7f-48c8-4aa2-ba77-a822a334b283,6,4,2026-03-30T13:48:25.856588+00:00,7716349a-8bb0-46c6-b60c-3594eb7ea60f,false,,,1,707a8d7f-48c8-4aa2-ba77-a822a334b283,false,,false,,,,1,
9d41b06b-761d-4c4e-8fd3-cb2e617a9db3,e0adbbeb-e7b5-42d4-9ba3-1d70c15bc9f5,2,6,2026-03-30T13:32:43.240922+00:00,7716349a-8bb0-46c6-b60c-3594eb7ea60f,false,,,1,098132e4-eb31-43dd-b487-8f6aea7501e6,false,,false,,,,1,
43604171-9d4e-4f2b-aed4-f24612618eef,707a8d7f-48c8-4aa2-ba77-a822a334b283,7,4,2026-03-30T13:48:25.856588+00:00,7716349a-8bb0-46c6-b60c-3594eb7ea60f,false,,,1,707a8d7f-48c8-4aa2-ba77-a822a334b283,false,,false,,,,1,
c00db6ae-ffb0-4fb9-912c-fbb1adc24715,db214db6-5b8c-432b-a14b-322a17f0f720,7,2,2026-03-30T13:34:39.532485+00:00,7716349a-8bb0-46c6-b60c-3594eb7ea60f,false,,,1,db214db6-5b8c-432b-a14b-322a17f0f720,false,,false,,,,1,
bdbb3e93-8c6a-4b4f-9f29-51360876ed2a,7c4671ff-76ee-4a70-b912-6aa7354774ee,6,5,2026-03-30T13:36:46.652203+00:00,7716349a-8bb0-46c6-b60c-3594eb7ea60f,false,,,1,7c4671ff-76ee-4a70-b912-6aa7354774ee,false,,false,,,,1,7c4671ff-76ee-4a70-b912-6aa7354774ee
4307c3c9-6264-4e90-b2d4-fa73db685786,7c4671ff-76ee-4a70-b912-6aa7354774ee,7,3,2026-03-30T13:36:46.652203+00:00,7716349a-8bb0-46c6-b60c-3594eb7ea60f,false,,,1,7c4671ff-76ee-4a70-b912-6aa7354774ee,false,,false,,,,1,7c4671ff-76ee-4a70-b912-6aa7354774ee
4a5fb7a7-c35a-4695-b392-fa64f59cf73f,7c4671ff-76ee-4a70-b912-6aa7354774ee,8,5,2026-03-30T13:36:46.652203+00:00,7716349a-8bb0-46c6-b60c-3594eb7ea60f,false,,,1,7c4671ff-76ee-4a70-b912-6aa7354774ee,false,,false,,,,1,7c4671ff-76ee-4a70-b912-6aa7354774ee
aa4e73a6-1698-4b91-b96a-c0f2ae884070,47b6392b-6476-4a2b-897e-2347b126ab86,6,4,2026-03-30T13:37:43.100691+00:00,7716349a-8bb0-46c6-b60c-3594eb7ea60f,false,,,1,7c4671ff-76ee-4a70-b912-6aa7354774ee,false,,false,,,,1,47b6392b-6476-4a2b-897e-2347b126ab86
3af10a79-fe46-496d-b263-a332da52b8c8,47b6392b-6476-4a2b-897e-2347b126ab86,7,3,2026-03-30T13:37:43.100691+00:00,7716349a-8bb0-46c6-b60c-3594eb7ea60f,false,,,1,47b6392b-6476-4a2b-897e-2347b126ab86,false,,false,,,,1,47b6392b-6476-4a2b-897e-2347b126ab86
1e65ac40-c5c4-42c4-aa25-0cf2e4578834,47b6392b-6476-4a2b-897e-2347b126ab86,8,5,2026-03-30T13:37:43.100691+00:00,7716349a-8bb0-46c6-b60c-3594eb7ea60f,false,,,1,7c4671ff-76ee-4a70-b912-6aa7354774ee,false,,false,,,,1,47b6392b-6476-4a2b-897e-2347b126ab86
9c328d25-1645-4df9-9c86-10cba4e5b01a,707a8d7f-48c8-4aa2-ba77-a822a334b283,8,7,2026-03-30T13:48:25.856588+00:00,7716349a-8bb0-46c6-b60c-3594eb7ea60f,false,,,1,707a8d7f-48c8-4aa2-ba77-a822a334b283,false,,false,,,,1,
0a6b740c-98b6-4b43-bfb8-853e202890a5,21380286-b867-4919-83b5-08eaac386dfe,2,12,2026-03-30T10:42:36.920668+00:00,7716349a-8bb0-46c6-b60c-3594eb7ea60f,false,,,1,885a2ebf-a33e-44a1-a5dd-ef1922c7778b,false,,false,,,,1,
466048e3-d03a-4977-8ae3-eae801187008,707a8d7f-48c8-4aa2-ba77-a822a334b283,9,5,2026-03-30T13:48:25.856588+00:00,7716349a-8bb0-46c6-b60c-3594eb7ea60f,false,,,1,707a8d7f-48c8-4aa2-ba77-a822a334b283,false,,false,,,,1,
1ac8676b-0747-4499-9a4c-32e540241b00,707a8d7f-48c8-4aa2-ba77-a822a334b283,10,5,2026-03-30T13:48:25.856588+00:00,7716349a-8bb0-46c6-b60c-3594eb7ea60f,false,,,1,707a8d7f-48c8-4aa2-ba77-a822a334b283,false,,false,,,,1,
cd491b10-e735-4558-814f-38c7706b20b9,707a8d7f-48c8-4aa2-ba77-a822a334b283,11,3,2026-03-30T13:48:25.856588+00:00,7716349a-8bb0-46c6-b60c-3594eb7ea60f,false,,,1,707a8d7f-48c8-4aa2-ba77-a822a334b283,false,,false,,,,1,
876a5958-c885-4103-b57e-993450035e4b,707a8d7f-48c8-4aa2-ba77-a822a334b283,12,6,2026-03-30T13:48:25.856588+00:00,7716349a-8bb0-46c6-b60c-3594eb7ea60f,false,,,1,707a8d7f-48c8-4aa2-ba77-a822a334b283,false,,false,,,,1,
0b1a2456-3ae3-4fb2-a063-0c8b1d30ce21,707a8d7f-48c8-4aa2-ba77-a822a334b283,13,4,2026-03-30T13:48:25.856588+00:00,7716349a-8bb0-46c6-b60c-3594eb7ea60f,false,,,1,707a8d7f-48c8-4aa2-ba77-a822a334b283,false,,false,,,,1,
dadf6b2f-22ac-4793-b654-50d172b22e30,707a8d7f-48c8-4aa2-ba77-a822a334b283,14,5,2026-03-30T13:48:25.856588+00:00,7716349a-8bb0-46c6-b60c-3594eb7ea60f,false,,,1,707a8d7f-48c8-4aa2-ba77-a822a334b283,false,,false,,,,1,
996c7e95-ce85-4cfd-9c83-8703d72e786a,707a8d7f-48c8-4aa2-ba77-a822a334b283,15,4,2026-03-30T13:48:25.856588+00:00,7716349a-8bb0-46c6-b60c-3594eb7ea60f,false,,,1,707a8d7f-48c8-4aa2-ba77-a822a334b283,false,,false,,,,1,
872c6261-950f-41fb-b2b1-3f74579676b7,707a8d7f-48c8-4aa2-ba77-a822a334b283,16,4,2026-03-30T13:48:25.856588+00:00,7716349a-8bb0-46c6-b60c-3594eb7ea60f,false,,,1,707a8d7f-48c8-4aa2-ba77-a822a334b283,false,,false,,,,1,
e751fc7c-44c0-401c-a8ba-3fe3aa95b362,707a8d7f-48c8-4aa2-ba77-a822a334b283,17,5,2026-03-30T13:48:25.856588+00:00,7716349a-8bb0-46c6-b60c-3594eb7ea60f,false,,,1,707a8d7f-48c8-4aa2-ba77-a822a334b283,false,,false,,,,1,
2f0f5f47-3430-42f4-a6ef-f322bb42d161,707a8d7f-48c8-4aa2-ba77-a822a334b283,18,5,2026-03-30T13:48:25.856588+00:00,7716349a-8bb0-46c6-b60c-3594eb7ea60f,false,,,1,707a8d7f-48c8-4aa2-ba77-a822a334b283,false,,false,,,,1,
255f2f40-4377-433b-9953-e633c7c93fe6,4d134271-956f-42fd-95ea-0a6b725123e6,7,3,2026-03-30T13:49:09.297106+00:00,7716349a-8bb0-46c6-b60c-3594eb7ea60f,false,,,1,707a8d7f-48c8-4aa2-ba77-a822a334b283,false,,false,,,,1,
f85a763c-a7b4-4b3f-b82d-5a39b39443fe,4d134271-956f-42fd-95ea-0a6b725123e6,8,5,2026-03-30T13:49:09.297106+00:00,7716349a-8bb0-46c6-b60c-3594eb7ea60f,false,,,1,4d134271-956f-42fd-95ea-0a6b725123e6,false,,false,,,,1,
f7a6a592-ba58-4379-84a6-35b8581972f3,5d110f0c-2f85-4f21-bfea-d8a96880f0f4,7,4,2026-03-30T13:50:15.54931+00:00,7716349a-8bb0-46c6-b60c-3594eb7ea60f,false,,,1,c0fb8d2a-417b-4d68-918c-fc6d0b9b032c,false,,false,,,,1,
ed5e6697-b306-43c4-ac54-94925f9ffd1c,ce23d191-feba-4728-82f1-dc3429b95532,9,6,2026-03-30T14:19:06.489167+00:00,7716349a-8bb0-46c6-b60c-3594eb7ea60f,false,,,1,ce23d191-feba-4728-82f1-dc3429b95532,false,,false,,,,1,
5faec7bb-4f58-42aa-906e-38a1c1a8fe18,e5564605-a162-4973-b880-2fa2245b8a54,9,6,2026-03-30T14:20:54.103514+00:00,7716349a-8bb0-46c6-b60c-3594eb7ea60f,false,,,1,e5564605-a162-4973-b880-2fa2245b8a54,false,,false,,,,1,
6e58fc95-1d06-428b-9e43-4c5f6ab81650,e5564605-a162-4973-b880-2fa2245b8a54,15,4,2026-03-30T14:20:54.103514+00:00,7716349a-8bb0-46c6-b60c-3594eb7ea60f,false,,,1,e5564605-a162-4973-b880-2fa2245b8a54,false,,false,,,,1,
0f5ffe00-3e30-474c-9367-897c618f69e6,e5564605-a162-4973-b880-2fa2245b8a54,16,5,2026-03-30T14:20:54.103514+00:00,7716349a-8bb0-46c6-b60c-3594eb7ea60f,false,,,1,e5564605-a162-4973-b880-2fa2245b8a54,false,,false,,,,1,
b39e9e08-d036-46c2-8823-b3631ed86f0a,e5564605-a162-4973-b880-2fa2245b8a54,17,6,2026-03-30T14:20:54.103514+00:00,7716349a-8bb0-46c6-b60c-3594eb7ea60f,false,,,1,e5564605-a162-4973-b880-2fa2245b8a54,false,,false,,,,1,
dcb45c89-490f-405c-a748-aff4ff00a692,e5564605-a162-4973-b880-2fa2245b8a54,18,6,2026-03-30T14:20:54.103514+00:00,7716349a-8bb0-46c6-b60c-3594eb7ea60f,false,,,1,e5564605-a162-4973-b880-2fa2245b8a54,false,,false,,,,1,
63ed1dab-37cf-42fa-bba6-76321b56c1ab,2e22731c-34b3-4726-937a-18e90d4213a7,4,4,2026-03-30T14:41:18.103207+00:00,7716349a-8bb0-46c6-b60c-3594eb7ea60f,false,,,1,7cb8f5cb-1d66-4a8b-a52e-3c0ab48ff137,false,,false,,,,1,
42e21ae9-093c-4cba-bc92-b07ae2ca2084,2e22731c-34b3-4726-937a-18e90d4213a7,7,3,2026-03-30T14:41:18.103207+00:00,7716349a-8bb0-46c6-b60c-3594eb7ea60f,false,,,1,2e22731c-34b3-4726-937a-18e90d4213a7,false,,false,,,,1,
e0786457-c8a1-48db-b382-91a7ec3d1bea,2e22731c-34b3-4726-937a-18e90d4213a7,8,5,2026-03-30T14:41:18.103207+00:00,7716349a-8bb0-46c6-b60c-3594eb7ea60f,false,,,1,2e22731c-34b3-4726-937a-18e90d4213a7,false,,false,,,,1,
fc1378c2-a316-45ad-9792-33a64c6ba66c,7cb8f5cb-1d66-4a8b-a52e-3c0ab48ff137,4,4,2026-03-30T14:44:03.173753+00:00,7716349a-8bb0-46c6-b60c-3594eb7ea60f,false,,,1,7cb8f5cb-1d66-4a8b-a52e-3c0ab48ff137,false,,false,,,,1,
6b9084c3-8cc0-4fb0-b664-f07c2ac11e40,07cfbc31-606f-4838-ba17-578e0720215d,3,5,2026-03-30T13:38:52.653835+00:00,7716349a-8bb0-46c6-b60c-3594eb7ea60f,false,,,1,e1cc61b9-4c31-4d8e-8bee-b567ce5cca28,false,,false,,,,1,07cfbc31-606f-4838-ba17-578e0720215d
f7640381-13d1-4d0c-a2f9-6e6490764180,07cfbc31-606f-4838-ba17-578e0720215d,12,5,2026-03-30T13:38:52.653835+00:00,7716349a-8bb0-46c6-b60c-3594eb7ea60f,false,,,1,e1cc61b9-4c31-4d8e-8bee-b567ce5cca28,false,,false,,,,1,
3554786f-0b1e-4285-9aa3-54d082359629,e1cc61b9-4c31-4d8e-8bee-b567ce5cca28,1,5,2026-03-30T13:40:37.758989+00:00,7716349a-8bb0-46c6-b60c-3594eb7ea60f,false,,,1,3b88eb10-8515-40d0-8108-a94529c534cd,false,,false,,,,1,e1cc61b9-4c31-4d8e-8bee-b567ce5cca28
a75f7dae-e82b-4ee2-846b-bb2733305254,e1cc61b9-4c31-4d8e-8bee-b567ce5cca28,5,4,2026-03-30T13:40:37.758989+00:00,7716349a-8bb0-46c6-b60c-3594eb7ea60f,false,,,1,e1cc61b9-4c31-4d8e-8bee-b567ce5cca28,false,,false,,,,1,e1cc61b9-4c31-4d8e-8bee-b567ce5cca28
b6be5dfa-7451-4bd4-a90b-cbcba59947e9,885a2ebf-a33e-44a1-a5dd-ef1922c7778b,8,4,2026-03-30T12:55:36.745786+00:00,7716349a-8bb0-46c6-b60c-3594eb7ea60f,false,,,1,21380286-b867-4919-83b5-08eaac386dfe,false,,false,,,,1,
239ffdb1-8daa-4d3b-9452-1238a76123d6,098132e4-eb31-43dd-b487-8f6aea7501e6,4,3,2026-03-30T13:32:18.77522+00:00,7716349a-8bb0-46c6-b60c-3594eb7ea60f,false,,,1,098132e4-eb31-43dd-b487-8f6aea7501e6,false,,false,,,,1,
7c3f531b-5872-4aba-8fd2-b23b3c738661,e1cc61b9-4c31-4d8e-8bee-b567ce5cca28,13,5,2026-03-30T13:40:37.758989+00:00,7716349a-8bb0-46c6-b60c-3594eb7ea60f,false,,,1,e1cc61b9-4c31-4d8e-8bee-b567ce5cca28,false,,false,,,,1,
e19540ff-904c-4c93-8b7f-6bfd9c0f75bd,21380286-b867-4919-83b5-08eaac386dfe,5,5,2026-03-30T11:18:19.934865+00:00,7716349a-8bb0-46c6-b60c-3594eb7ea60f,false,,,1,885a2ebf-a33e-44a1-a5dd-ef1922c7778b,false,,false,,,,1,
4f21c232-d161-486b-82f4-c6d2f9388aa2,098132e4-eb31-43dd-b487-8f6aea7501e6,6,4,2026-03-30T13:32:18.77522+00:00,7716349a-8bb0-46c6-b60c-3594eb7ea60f,false,,,1,098132e4-eb31-43dd-b487-8f6aea7501e6,false,,false,,,,1,
e90cfa91-bdd7-4230-b6e6-fd464eadbf6c,098132e4-eb31-43dd-b487-8f6aea7501e6,7,3,2026-03-30T13:32:18.77522+00:00,7716349a-8bb0-46c6-b60c-3594eb7ea60f,false,,,1,098132e4-eb31-43dd-b487-8f6aea7501e6,false,,false,,,,1,
d3437a6f-493d-4750-9ca7-826b5eb8896a,e1cc61b9-4c31-4d8e-8bee-b567ce5cca28,14,5,2026-03-30T13:40:37.758989+00:00,7716349a-8bb0-46c6-b60c-3594eb7ea60f,false,,,1,e1cc61b9-4c31-4d8e-8bee-b567ce5cca28,false,,false,,,,1,
a96260e8-1c15-41e9-938f-f71653ebe077,098132e4-eb31-43dd-b487-8f6aea7501e6,8,5,2026-03-30T13:32:18.77522+00:00,7716349a-8bb0-46c6-b60c-3594eb7ea60f,false,,,1,098132e4-eb31-43dd-b487-8f6aea7501e6,false,,false,,,,1,
ee54b807-a6c0-4456-b318-f9879e8184e5,098132e4-eb31-43dd-b487-8f6aea7501e6,9,5,2026-03-30T13:32:18.77522+00:00,7716349a-8bb0-46c6-b60c-3594eb7ea60f,false,,,1,098132e4-eb31-43dd-b487-8f6aea7501e6,false,,false,,,,1,
41d0c95b-155d-46d7-bd7a-9b54dc8caa63,2e22731c-34b3-4726-937a-18e90d4213a7,1,4,2026-03-30T12:33:05.131378+00:00,,false,,,1,2e22731c-34b3-4726-937a-18e90d4213a7,false,,false,,,,1,
9bc73ac4-a832-4330-be69-7e9423db91da,2e22731c-34b3-4726-937a-18e90d4213a7,2,5,2026-03-30T12:33:05.131378+00:00,,false,,,1,2e22731c-34b3-4726-937a-18e90d4213a7,false,,false,,,,1,
36dfdd39-0c25-4de9-b843-d0a64dffe051,2e22731c-34b3-4726-937a-18e90d4213a7,3,3,2026-03-30T12:33:05.131378+00:00,,false,,,1,2e22731c-34b3-4726-937a-18e90d4213a7,false,,false,,,,1,
a70af06e-73b9-415b-a68d-9e972c132b90,2cc9e7cd-f36e-4f27-ac2e-6959eecef670,7,4,2026-03-30T13:34:03.303623+00:00,7716349a-8bb0-46c6-b60c-3594eb7ea60f,false,,,1,db214db6-5b8c-432b-a14b-322a17f0f720,false,,false,,,,1,
dbe4ad85-cbbc-4687-af8d-6fcca0f577e6,e1cc61b9-4c31-4d8e-8bee-b567ce5cca28,15,3,2026-03-30T13:40:37.758989+00:00,7716349a-8bb0-46c6-b60c-3594eb7ea60f,false,,,1,e1cc61b9-4c31-4d8e-8bee-b567ce5cca28,false,,false,,,,1,
60c47ebf-dbb6-4a20-8379-743214a6aaa6,e1cc61b9-4c31-4d8e-8bee-b567ce5cca28,16,4,2026-03-30T13:40:37.758989+00:00,7716349a-8bb0-46c6-b60c-3594eb7ea60f,false,,,1,e1cc61b9-4c31-4d8e-8bee-b567ce5cca28,false,,false,,,,1,
a320dd78-4fc3-4d66-92b0-7b86bd1de65c,e1cc61b9-4c31-4d8e-8bee-b567ce5cca28,17,5,2026-03-30T13:40:37.758989+00:00,7716349a-8bb0-46c6-b60c-3594eb7ea60f,false,,,1,e1cc61b9-4c31-4d8e-8bee-b567ce5cca28,false,,false,,,,1,
79d9e26a-9719-45a0-8bee-521d352c26ed,e1cc61b9-4c31-4d8e-8bee-b567ce5cca28,18,4,2026-03-30T13:40:37.758989+00:00,7716349a-8bb0-46c6-b60c-3594eb7ea60f,false,,,1,e1cc61b9-4c31-4d8e-8bee-b567ce5cca28,false,,false,,,,1,
3384fcd2-cfb0-4519-9f80-d3b56d521bb9,19b44c8b-f73c-464f-a197-236cf91f225b,8,4,2026-03-30T13:45:57.834424+00:00,7716349a-8bb0-46c6-b60c-3594eb7ea60f,false,,,1,4d134271-956f-42fd-95ea-0a6b725123e6,false,,false,,,,1,
00a63d95-aef7-4aac-bd36-5b7d4315ed3c,4d134271-956f-42fd-95ea-0a6b725123e6,6,4,2026-03-30T13:49:09.297106+00:00,7716349a-8bb0-46c6-b60c-3594eb7ea60f,false,,,1,4d134271-956f-42fd-95ea-0a6b725123e6,false,,false,,,,1,
f330d7d8-38a7-4318-bddb-aee78871f585,db214db6-5b8c-432b-a14b-322a17f0f720,3,5,2026-03-30T13:34:39.532485+00:00,7716349a-8bb0-46c6-b60c-3594eb7ea60f,false,,,1,2cc9e7cd-f36e-4f27-ac2e-6959eecef670,false,,false,,,,1,
cd368376-1f74-4fe0-ae73-b49fd7fd428d,db214db6-5b8c-432b-a14b-322a17f0f720,4,3,2026-03-30T13:34:39.532485+00:00,7716349a-8bb0-46c6-b60c-3594eb7ea60f,false,,,1,db214db6-5b8c-432b-a14b-322a17f0f720,false,,false,,,,1,
9636ca0d-ee02-4a58-a1d8-da2a2365eb3f,db214db6-5b8c-432b-a14b-322a17f0f720,5,5,2026-03-30T13:34:39.532485+00:00,7716349a-8bb0-46c6-b60c-3594eb7ea60f,false,,,1,db214db6-5b8c-432b-a14b-322a17f0f720,false,,false,,,,1,
1580ff02-7c32-44ff-8c66-013f9d9ed02a,db214db6-5b8c-432b-a14b-322a17f0f720,6,5,2026-03-30T13:34:39.532485+00:00,7716349a-8bb0-46c6-b60c-3594eb7ea60f,false,,,1,db214db6-5b8c-432b-a14b-322a17f0f720,false,,false,,,,1,
4aa0b54c-0180-40d3-a756-c359d088fe49,4d134271-956f-42fd-95ea-0a6b725123e6,12,6,2026-03-30T13:49:09.297106+00:00,7716349a-8bb0-46c6-b60c-3594eb7ea60f,false,,,1,4d134271-956f-42fd-95ea-0a6b725123e6,false,,false,,,,1,
ad2740e6-a44d-4bb9-b790-308ab6f6a44c,4d134271-956f-42fd-95ea-0a6b725123e6,13,4,2026-03-30T13:49:09.297106+00:00,7716349a-8bb0-46c6-b60c-3594eb7ea60f,false,,,1,4d134271-956f-42fd-95ea-0a6b725123e6,false,,false,,,,1,
3ac15078-dc7d-4ade-9015-bac91ee7ece3,4d134271-956f-42fd-95ea-0a6b725123e6,14,4,2026-03-30T13:49:09.297106+00:00,7716349a-8bb0-46c6-b60c-3594eb7ea60f,false,,,1,4d134271-956f-42fd-95ea-0a6b725123e6,false,,false,,,,1,
bb3ff7b5-32d7-475e-bb4d-e13280a1fa99,4d134271-956f-42fd-95ea-0a6b725123e6,15,4,2026-03-30T13:49:09.297106+00:00,7716349a-8bb0-46c6-b60c-3594eb7ea60f,false,,,1,4d134271-956f-42fd-95ea-0a6b725123e6,false,,false,,,,1,
e5be6752-098a-42d9-8023-23d0594976cc,4d134271-956f-42fd-95ea-0a6b725123e6,16,4,2026-03-30T13:49:09.297106+00:00,7716349a-8bb0-46c6-b60c-3594eb7ea60f,false,,,1,4d134271-956f-42fd-95ea-0a6b725123e6,false,,false,,,,1,
ff84669d-6c82-4f4f-97af-c4cbb6b6d19d,4d134271-956f-42fd-95ea-0a6b725123e6,17,4,2026-03-30T13:49:09.297106+00:00,7716349a-8bb0-46c6-b60c-3594eb7ea60f,false,,,1,4d134271-956f-42fd-95ea-0a6b725123e6,false,,false,,,,1,
a05a2728-0a21-445f-9a3a-4da18c994b62,4d134271-956f-42fd-95ea-0a6b725123e6,18,4,2026-03-30T13:49:09.297106+00:00,7716349a-8bb0-46c6-b60c-3594eb7ea60f,false,,,1,4d134271-956f-42fd-95ea-0a6b725123e6,false,,false,,,,1,
955e444d-51ae-4cdd-9a36-5ded0c98576d,f88170d0-1f22-42fc-b06f-f43ce3d2c8ff,4,6,2026-03-30T14:36:18.903148+00:00,7716349a-8bb0-46c6-b60c-3594eb7ea60f,false,,,1,f88170d0-1f22-42fc-b06f-f43ce3d2c8ff,false,,false,,,,1,
93311070-62f6-41a7-ba1b-2190df336818,f88170d0-1f22-42fc-b06f-f43ce3d2c8ff,6,3,2026-03-30T14:36:18.903148+00:00,7716349a-8bb0-46c6-b60c-3594eb7ea60f,false,,,1,f88170d0-1f22-42fc-b06f-f43ce3d2c8ff,false,,false,,,,1,
f0f19472-6fcd-481d-98c2-24d999dfe41e,f88170d0-1f22-42fc-b06f-f43ce3d2c8ff,7,3,2026-03-30T14:36:18.903148+00:00,7716349a-8bb0-46c6-b60c-3594eb7ea60f,false,,,1,f88170d0-1f22-42fc-b06f-f43ce3d2c8ff,false,,false,,,,1,
b3b959e1-c692-4d61-a121-bb5ca989f5fe,f88170d0-1f22-42fc-b06f-f43ce3d2c8ff,8,5,2026-03-30T14:36:18.903148+00:00,7716349a-8bb0-46c6-b60c-3594eb7ea60f,false,,,1,f88170d0-1f22-42fc-b06f-f43ce3d2c8ff,false,,false,,,,1,
fb0c99ad-8cfd-4f93-9f50-8c92a3c27ff3,f88170d0-1f22-42fc-b06f-f43ce3d2c8ff,9,6,2026-03-30T14:36:18.903148+00:00,7716349a-8bb0-46c6-b60c-3594eb7ea60f,false,,,1,f88170d0-1f22-42fc-b06f-f43ce3d2c8ff,false,,false,,,,1,
840a7aa1-773b-456c-b588-acb2df89bc17,f88170d0-1f22-42fc-b06f-f43ce3d2c8ff,10,4,2026-03-30T14:36:18.903148+00:00,7716349a-8bb0-46c6-b60c-3594eb7ea60f,false,,,1,f88170d0-1f22-42fc-b06f-f43ce3d2c8ff,false,,false,,,,1,
b66283cc-47e6-4a0f-947b-0053ecb70662,f88170d0-1f22-42fc-b06f-f43ce3d2c8ff,11,3,2026-03-30T14:36:18.903148+00:00,7716349a-8bb0-46c6-b60c-3594eb7ea60f,false,,,1,f88170d0-1f22-42fc-b06f-f43ce3d2c8ff,false,,false,,,,1,
988c5814-cb10-41be-84a2-81a762fe9015,f88170d0-1f22-42fc-b06f-f43ce3d2c8ff,12,5,2026-03-30T14:36:18.903148+00:00,7716349a-8bb0-46c6-b60c-3594eb7ea60f,false,,,1,f88170d0-1f22-42fc-b06f-f43ce3d2c8ff,false,,false,,,,1,
c4860a0e-1301-4e5c-acbb-0723a1395a90,f88170d0-1f22-42fc-b06f-f43ce3d2c8ff,13,5,2026-03-30T14:36:18.903148+00:00,7716349a-8bb0-46c6-b60c-3594eb7ea60f,false,,,1,f88170d0-1f22-42fc-b06f-f43ce3d2c8ff,false,,false,,,,1,
5a1dadd5-77e4-4b9e-83c8-6e2943b69c2a,f88170d0-1f22-42fc-b06f-f43ce3d2c8ff,14,6,2026-03-30T14:36:18.903148+00:00,7716349a-8bb0-46c6-b60c-3594eb7ea60f,false,,,1,f88170d0-1f22-42fc-b06f-f43ce3d2c8ff,false,,false,,,,1,
9d9db929-86c4-47c7-acf6-dc31d7e370e1,f88170d0-1f22-42fc-b06f-f43ce3d2c8ff,15,4,2026-03-30T14:36:18.903148+00:00,7716349a-8bb0-46c6-b60c-3594eb7ea60f,false,,,1,f88170d0-1f22-42fc-b06f-f43ce3d2c8ff,false,,false,,,,1,
4cdb8e8b-0951-4e84-9ff7-63e9864b8559,f88170d0-1f22-42fc-b06f-f43ce3d2c8ff,16,4,2026-03-30T14:36:18.903148+00:00,7716349a-8bb0-46c6-b60c-3594eb7ea60f,false,,,1,f88170d0-1f22-42fc-b06f-f43ce3d2c8ff,false,,false,,,,1,
91717ad5-d938-4caf-b9f9-5576af52f301,f88170d0-1f22-42fc-b06f-f43ce3d2c8ff,17,5,2026-03-30T14:36:18.903148+00:00,7716349a-8bb0-46c6-b60c-3594eb7ea60f,false,,,1,f88170d0-1f22-42fc-b06f-f43ce3d2c8ff,false,,false,,,,1,
50ee5496-ae87-4d77-8ad2-3d9e5d9ab777,f88170d0-1f22-42fc-b06f-f43ce3d2c8ff,18,6,2026-03-30T14:36:18.903148+00:00,7716349a-8bb0-46c6-b60c-3594eb7ea60f,false,,,1,f88170d0-1f22-42fc-b06f-f43ce3d2c8ff,false,,false,,,,1,
c550d6c6-01f8-42f1-ad56-d50cdc717a96,2e22731c-34b3-4726-937a-18e90d4213a7,9,6,2026-03-30T14:41:18.103207+00:00,7716349a-8bb0-46c6-b60c-3594eb7ea60f,false,,,1,2e22731c-34b3-4726-937a-18e90d4213a7,false,,false,,,,1,
5bbfdf1a-1e1d-4da3-baa1-aa43af3a0dbd,2e22731c-34b3-4726-937a-18e90d4213a7,10,5,2026-03-30T14:41:18.103207+00:00,7716349a-8bb0-46c6-b60c-3594eb7ea60f,false,,,1,2e22731c-34b3-4726-937a-18e90d4213a7,false,,false,,,,1,
5d9de02f-ebaa-4604-8edd-739c2d07a170,2e22731c-34b3-4726-937a-18e90d4213a7,11,4,2026-03-30T14:41:18.103207+00:00,7716349a-8bb0-46c6-b60c-3594eb7ea60f,false,,,1,2e22731c-34b3-4726-937a-18e90d4213a7,false,,false,,,,1,
276060e2-fd05-483e-955d-0376f09cbbb5,2e22731c-34b3-4726-937a-18e90d4213a7,12,4,2026-03-30T14:41:18.103207+00:00,7716349a-8bb0-46c6-b60c-3594eb7ea60f,false,,,1,2e22731c-34b3-4726-937a-18e90d4213a7,false,,false,,,,1,
29a424e5-b393-42c7-be68-5c260a87f0dc,2e22731c-34b3-4726-937a-18e90d4213a7,13,7,2026-03-30T14:41:18.103207+00:00,7716349a-8bb0-46c6-b60c-3594eb7ea60f,false,,,1,2e22731c-34b3-4726-937a-18e90d4213a7,false,,false,,,,1,
c9c8d577-09da-4759-b2b2-475ebdc4a871,2e22731c-34b3-4726-937a-18e90d4213a7,14,7,2026-03-30T14:41:18.103207+00:00,7716349a-8bb0-46c6-b60c-3594eb7ea60f,false,,,1,2e22731c-34b3-4726-937a-18e90d4213a7,false,,false,,,,1,
15b05f12-e29f-4052-afae-e0a4f6360586,2e22731c-34b3-4726-937a-18e90d4213a7,15,4,2026-03-30T14:41:18.103207+00:00,7716349a-8bb0-46c6-b60c-3594eb7ea60f,false,,,1,2e22731c-34b3-4726-937a-18e90d4213a7,false,,false,,,,1,
34266884-9f44-433a-bbd8-374a4379b8bc,2e22731c-34b3-4726-937a-18e90d4213a7,16,6,2026-03-30T14:41:18.103207+00:00,7716349a-8bb0-46c6-b60c-3594eb7ea60f,false,,,1,2e22731c-34b3-4726-937a-18e90d4213a7,false,,false,,,,1,
dfef0c78-0598-4ced-9e02-aca966362cff,2e22731c-34b3-4726-937a-18e90d4213a7,17,5,2026-03-30T14:41:18.103207+00:00,7716349a-8bb0-46c6-b60c-3594eb7ea60f,false,,,1,2e22731c-34b3-4726-937a-18e90d4213a7,false,,false,,,,1,
1a601ddb-d0e0-48b9-ba5d-e5a57031a0f5,2e22731c-34b3-4726-937a-18e90d4213a7,18,9,2026-03-30T14:41:18.103207+00:00,7716349a-8bb0-46c6-b60c-3594eb7ea60f,false,,,1,2e22731c-34b3-4726-937a-18e90d4213a7,false,,false,,,,1,
93627f3c-925f-4052-b842-5596ae6b9b08,7cb8f5cb-1d66-4a8b-a52e-3c0ab48ff137,6,6,2026-03-30T14:44:03.173753+00:00,7716349a-8bb0-46c6-b60c-3594eb7ea60f,false,,,1,7cb8f5cb-1d66-4a8b-a52e-3c0ab48ff137,false,,false,,,,1,
d7c49c8a-71ee-4501-a45e-7584ff319ea9,7cb8f5cb-1d66-4a8b-a52e-3c0ab48ff137,7,3,2026-03-30T14:44:03.173753+00:00,7716349a-8bb0-46c6-b60c-3594eb7ea60f,false,,,1,7cb8f5cb-1d66-4a8b-a52e-3c0ab48ff137,false,,false,,,,1,
f89b6961-4d89-4279-bd91-6178e35d15d6,7cb8f5cb-1d66-4a8b-a52e-3c0ab48ff137,8,5,2026-03-30T14:44:03.173753+00:00,7716349a-8bb0-46c6-b60c-3594eb7ea60f,false,,,1,7cb8f5cb-1d66-4a8b-a52e-3c0ab48ff137,false,,false,,,,1,
08625621-201e-4dd1-aea1-00530725f409,07cfbc31-606f-4838-ba17-578e0720215d,1,5,2026-03-30T13:38:52.653835+00:00,7716349a-8bb0-46c6-b60c-3594eb7ea60f,false,,,1,07cfbc31-606f-4838-ba17-578e0720215d,false,,false,,,,1,07cfbc31-606f-4838-ba17-578e0720215d
027b1127-da81-4f84-b98c-09a674b7c5af,07cfbc31-606f-4838-ba17-578e0720215d,2,5,2026-03-30T13:38:52.653835+00:00,7716349a-8bb0-46c6-b60c-3594eb7ea60f,false,,,1,07cfbc31-606f-4838-ba17-578e0720215d,false,,false,,,,1,07cfbc31-606f-4838-ba17-578e0720215d
d222911a-1f09-471e-b3bd-ac5aadb7a6cd,07cfbc31-606f-4838-ba17-578e0720215d,11,3,2026-03-30T13:38:52.653835+00:00,7716349a-8bb0-46c6-b60c-3594eb7ea60f,false,,,1,e1cc61b9-4c31-4d8e-8bee-b567ce5cca28,false,,false,,,,1,
c33c3f61-42f6-42c0-b223-f081b77d7361,e1cc61b9-4c31-4d8e-8bee-b567ce5cca28,10,4,2026-03-30T13:40:37.758989+00:00,7716349a-8bb0-46c6-b60c-3594eb7ea60f,false,,,1,e1cc61b9-4c31-4d8e-8bee-b567ce5cca28,false,,false,,,,1,
d632aced-a11f-49ad-b0ca-5238db4569a7,3b88eb10-8515-40d0-8108-a94529c534cd,2,4,2026-03-30T13:41:31.214768+00:00,7716349a-8bb0-46c6-b60c-3594eb7ea60f,false,,,1,3b88eb10-8515-40d0-8108-a94529c534cd,false,,false,,,,1,3b88eb10-8515-40d0-8108-a94529c534cd
fca7dd2c-bf46-4cff-a7aa-2405e1ccb55c,d3d57160-318c-4c35-bb5c-de5a5f07d0e7,3,5,2026-03-30T13:31:35.896064+00:00,7716349a-8bb0-46c6-b60c-3594eb7ea60f,false,,,1,e0adbbeb-e7b5-42d4-9ba3-1d70c15bc9f5,false,,false,,,,1,
65963fe3-5f89-476b-ae99-c2eb2c4d5646,e0adbbeb-e7b5-42d4-9ba3-1d70c15bc9f5,8,4,2026-03-30T13:32:43.240922+00:00,7716349a-8bb0-46c6-b60c-3594eb7ea60f,false,,,1,e0adbbeb-e7b5-42d4-9ba3-1d70c15bc9f5,false,,false,,,,1,
5e051c8c-2abd-467b-8a09-f5ee82469edf,e0adbbeb-e7b5-42d4-9ba3-1d70c15bc9f5,9,5,2026-03-30T13:32:43.240922+00:00,7716349a-8bb0-46c6-b60c-3594eb7ea60f,false,,,1,e0adbbeb-e7b5-42d4-9ba3-1d70c15bc9f5,false,,false,,,,1,
804145b1-c6d2-46c7-ba95-9f5c52a29c64,2cc9e7cd-f36e-4f27-ac2e-6959eecef670,5,9,2026-03-30T13:34:03.303623+00:00,7716349a-8bb0-46c6-b60c-3594eb7ea60f,false,,,1,db214db6-5b8c-432b-a14b-322a17f0f720,false,,false,,,,1,
4c4837cd-cde6-4681-83c8-53401dd78063,2cc9e7cd-f36e-4f27-ac2e-6959eecef670,6,14,2026-03-30T13:34:03.303623+00:00,7716349a-8bb0-46c6-b60c-3594eb7ea60f,false,,,1,db214db6-5b8c-432b-a14b-322a17f0f720,false,,false,,,,1,
9f52f2de-f979-4851-bc44-f356873e36b8,7c4671ff-76ee-4a70-b912-6aa7354774ee,13,4,2026-03-30T13:36:46.652203+00:00,7716349a-8bb0-46c6-b60c-3594eb7ea60f,false,,,1,7c4671ff-76ee-4a70-b912-6aa7354774ee,false,,false,,,,1,
7ab1e34d-94c4-44b1-808e-0482ccf1ae46,3b88eb10-8515-40d0-8108-a94529c534cd,5,4,2026-03-30T13:41:31.214768+00:00,7716349a-8bb0-46c6-b60c-3594eb7ea60f,false,,,1,3b88eb10-8515-40d0-8108-a94529c534cd,false,,false,,,,1,
97b98cbf-8d9e-4a5c-9a64-9bfa52ba07bc,7c4671ff-76ee-4a70-b912-6aa7354774ee,14,4,2026-03-30T13:36:46.652203+00:00,7716349a-8bb0-46c6-b60c-3594eb7ea60f,false,,,1,7c4671ff-76ee-4a70-b912-6aa7354774ee,false,,false,,,,1,
f21df197-0ba0-4839-8c3a-4ddcb4f4b683,47b6392b-6476-4a2b-897e-2347b126ab86,13,3,2026-03-30T13:37:43.100691+00:00,7716349a-8bb0-46c6-b60c-3594eb7ea60f,false,,,1,7c4671ff-76ee-4a70-b912-6aa7354774ee,false,,false,,,,1,
2f927241-80de-46e0-ab42-fb8f9c237836,3b88eb10-8515-40d0-8108-a94529c534cd,6,4,2026-03-30T13:41:31.214768+00:00,7716349a-8bb0-46c6-b60c-3594eb7ea60f,false,,,1,3b88eb10-8515-40d0-8108-a94529c534cd,false,,false,,,,1,
045bf343-8461-4139-87e7-4c371a489f3f,3b88eb10-8515-40d0-8108-a94529c534cd,7,4,2026-03-30T13:41:31.214768+00:00,7716349a-8bb0-46c6-b60c-3594eb7ea60f,false,,,1,3b88eb10-8515-40d0-8108-a94529c534cd,false,,false,,,,1,
e7286c64-16d5-47c7-a6d9-a383a712d098,3b88eb10-8515-40d0-8108-a94529c534cd,8,3,2026-03-30T13:41:31.214768+00:00,7716349a-8bb0-46c6-b60c-3594eb7ea60f,false,,,1,3b88eb10-8515-40d0-8108-a94529c534cd,false,,false,,,,1,
776dabf7-7339-471d-a6ac-5ac95e95aaad,3b88eb10-8515-40d0-8108-a94529c534cd,9,6,2026-03-30T13:41:31.214768+00:00,7716349a-8bb0-46c6-b60c-3594eb7ea60f,false,,,1,3b88eb10-8515-40d0-8108-a94529c534cd,false,,false,,,,1,
f546db0f-4bf2-4362-8744-69b38e240415,3b88eb10-8515-40d0-8108-a94529c534cd,10,4,2026-03-30T13:41:31.214768+00:00,7716349a-8bb0-46c6-b60c-3594eb7ea60f,false,,,1,3b88eb10-8515-40d0-8108-a94529c534cd,false,,false,,,,1,
4375405d-426d-41c9-ac12-fa07b17a7ce1,3b88eb10-8515-40d0-8108-a94529c534cd,11,3,2026-03-30T13:41:31.214768+00:00,7716349a-8bb0-46c6-b60c-3594eb7ea60f,false,,,1,3b88eb10-8515-40d0-8108-a94529c534cd,false,,false,,,,1,
756b5dee-2cc9-44a6-8d18-b092157dc523,3b88eb10-8515-40d0-8108-a94529c534cd,12,4,2026-03-30T13:41:31.214768+00:00,7716349a-8bb0-46c6-b60c-3594eb7ea60f,false,,,1,3b88eb10-8515-40d0-8108-a94529c534cd,false,,false,,,,1,
e0938f59-e058-4914-9495-4081580e588d,3b88eb10-8515-40d0-8108-a94529c534cd,13,4,2026-03-30T13:41:31.214768+00:00,7716349a-8bb0-46c6-b60c-3594eb7ea60f,false,,,1,3b88eb10-8515-40d0-8108-a94529c534cd,false,,false,,,,1,
68459c8b-f541-428d-86df-7d4cf325961e,3b88eb10-8515-40d0-8108-a94529c534cd,14,5,2026-03-30T13:41:31.214768+00:00,7716349a-8bb0-46c6-b60c-3594eb7ea60f,false,,,1,3b88eb10-8515-40d0-8108-a94529c534cd,false,,false,,,,1,
ed26f9f4-4f7b-476a-af85-7fdfcf5578db,3b88eb10-8515-40d0-8108-a94529c534cd,15,3,2026-03-30T13:41:31.214768+00:00,7716349a-8bb0-46c6-b60c-3594eb7ea60f,false,,,1,3b88eb10-8515-40d0-8108-a94529c534cd,false,,false,,,,1,
8cd7e02d-70cb-428a-8e92-e2d0800ebce4,3b88eb10-8515-40d0-8108-a94529c534cd,16,3,2026-03-30T13:41:31.214768+00:00,7716349a-8bb0-46c6-b60c-3594eb7ea60f,false,,,1,3b88eb10-8515-40d0-8108-a94529c534cd,false,,false,,,,1,
64b12cbd-d76f-47ed-9f01-4931bd7704b5,3b88eb10-8515-40d0-8108-a94529c534cd,17,5,2026-03-30T13:41:31.214768+00:00,7716349a-8bb0-46c6-b60c-3594eb7ea60f,false,,,1,3b88eb10-8515-40d0-8108-a94529c534cd,false,,false,,,,1,
4480a398-bf74-4ab8-a275-3db554e2797e,3b88eb10-8515-40d0-8108-a94529c534cd,18,4,2026-03-30T13:41:31.214768+00:00,7716349a-8bb0-46c6-b60c-3594eb7ea60f,false,,,1,3b88eb10-8515-40d0-8108-a94529c534cd,false,,false,,,,1,
8a0afa7a-7515-4bda-8ab3-b067025fb55e,5d110f0c-2f85-4f21-bfea-d8a96880f0f4,2,5,2026-03-30T13:50:15.54931+00:00,7716349a-8bb0-46c6-b60c-3594eb7ea60f,false,,,1,5d110f0c-2f85-4f21-bfea-d8a96880f0f4,false,,false,,,,1,5d110f0c-2f85-4f21-bfea-d8a96880f0f4
403a7c53-d72e-47bf-a6b7-ce9a152fc8bc,5d110f0c-2f85-4f21-bfea-d8a96880f0f4,6,3,2026-03-30T13:50:15.54931+00:00,7716349a-8bb0-46c6-b60c-3594eb7ea60f,false,,,1,5d110f0c-2f85-4f21-bfea-d8a96880f0f4,false,,false,,,,1,
f9d853ad-27a1-4554-b340-3c30a06b8011,5d110f0c-2f85-4f21-bfea-d8a96880f0f4,8,5,2026-03-30T13:50:15.54931+00:00,7716349a-8bb0-46c6-b60c-3594eb7ea60f,false,,,1,5d110f0c-2f85-4f21-bfea-d8a96880f0f4,false,,false,,,,1,
2ef585a4-5414-4b12-b396-d8c169390cd5,5d110f0c-2f85-4f21-bfea-d8a96880f0f4,9,5,2026-03-30T13:50:15.54931+00:00,7716349a-8bb0-46c6-b60c-3594eb7ea60f,false,,,1,5d110f0c-2f85-4f21-bfea-d8a96880f0f4,false,,false,,,,1,
76b88ddc-cdd6-41e9-bc72-48c83489ecf3,5d110f0c-2f85-4f21-bfea-d8a96880f0f4,10,4,2026-03-30T13:50:15.54931+00:00,7716349a-8bb0-46c6-b60c-3594eb7ea60f,false,,,1,5d110f0c-2f85-4f21-bfea-d8a96880f0f4,false,,false,,,,1,
fdcc99a9-10ef-4776-a73a-5755699e3021,5d110f0c-2f85-4f21-bfea-d8a96880f0f4,11,3,2026-03-30T13:50:15.54931+00:00,7716349a-8bb0-46c6-b60c-3594eb7ea60f,false,,,1,5d110f0c-2f85-4f21-bfea-d8a96880f0f4,false,,false,,,,1,
088f6e59-140f-4f7c-864c-60931e2c422c,5d110f0c-2f85-4f21-bfea-d8a96880f0f4,12,4,2026-03-30T13:50:15.54931+00:00,7716349a-8bb0-46c6-b60c-3594eb7ea60f,false,,,1,5d110f0c-2f85-4f21-bfea-d8a96880f0f4,false,,false,,,,1,
6218b907-4a9c-4724-a76e-4f80d133a854,5d110f0c-2f85-4f21-bfea-d8a96880f0f4,13,5,2026-03-30T13:50:15.54931+00:00,7716349a-8bb0-46c6-b60c-3594eb7ea60f,false,,,1,5d110f0c-2f85-4f21-bfea-d8a96880f0f4,false,,false,,,,1,
d3554389-883d-4e8b-a223-a825ccc538c2,5d110f0c-2f85-4f21-bfea-d8a96880f0f4,14,5,2026-03-30T13:50:15.54931+00:00,7716349a-8bb0-46c6-b60c-3594eb7ea60f,false,,,1,5d110f0c-2f85-4f21-bfea-d8a96880f0f4,false,,false,,,,1,
c46dcc24-ac71-4fb3-aa32-8dd9d76e0fcb,5d110f0c-2f85-4f21-bfea-d8a96880f0f4,15,3,2026-03-30T13:50:15.54931+00:00,7716349a-8bb0-46c6-b60c-3594eb7ea60f,false,,,1,5d110f0c-2f85-4f21-bfea-d8a96880f0f4,false,,false,,,,1,
d32b2985-acf9-4730-a1d5-015079bf48f6,5d110f0c-2f85-4f21-bfea-d8a96880f0f4,16,4,2026-03-30T13:50:15.54931+00:00,7716349a-8bb0-46c6-b60c-3594eb7ea60f,false,,,1,5d110f0c-2f85-4f21-bfea-d8a96880f0f4,false,,false,,,,1,
9bcebe28-549d-41d6-8800-fa690adbaa38,5d110f0c-2f85-4f21-bfea-d8a96880f0f4,17,5,2026-03-30T13:50:15.54931+00:00,7716349a-8bb0-46c6-b60c-3594eb7ea60f,false,,,1,5d110f0c-2f85-4f21-bfea-d8a96880f0f4,false,,false,,,,1,
3e104b47-ccdc-4d83-b568-e76ffac374ba,5d110f0c-2f85-4f21-bfea-d8a96880f0f4,18,4,2026-03-30T13:50:15.54931+00:00,7716349a-8bb0-46c6-b60c-3594eb7ea60f,false,,,1,5d110f0c-2f85-4f21-bfea-d8a96880f0f4,false,,false,,,,1,
619b03ba-ec2b-4be0-84b1-93fab5d65289,ce23d191-feba-4728-82f1-dc3429b95532,8,5,2026-03-30T14:19:06.489167+00:00,7716349a-8bb0-46c6-b60c-3594eb7ea60f,false,,,1,ce23d191-feba-4728-82f1-dc3429b95532,false,,false,,,,1,
e7fa8462-e0d2-44b6-9f6c-8da0d99fcbb6,2e22731c-34b3-4726-937a-18e90d4213a7,6,4,2026-03-30T14:41:18.103207+00:00,7716349a-8bb0-46c6-b60c-3594eb7ea60f,false,,,1,2e22731c-34b3-4726-937a-18e90d4213a7,false,,false,,,,1,
bcab1d02-a945-4ae4-9c68-7312961b767f,c9c44f56-2b25-4444-be7a-60dcb33140b2,4,3,2026-03-30T15:10:55.278222+00:00,7716349a-8bb0-46c6-b60c-3594eb7ea60f,false,,,1,c9c44f56-2b25-4444-be7a-60dcb33140b2,false,,false,,,,1,
4e38b530-b3a5-492a-891a-8899e6a59efa,c9c44f56-2b25-4444-be7a-60dcb33140b2,5,5,2026-03-30T15:10:55.278222+00:00,7716349a-8bb0-46c6-b60c-3594eb7ea60f,false,,,1,c9c44f56-2b25-4444-be7a-60dcb33140b2,false,,false,,,,1,
2e329554-3fd1-443d-a8ac-e146efc0be11,c9c44f56-2b25-4444-be7a-60dcb33140b2,6,6,2026-03-30T15:10:55.278222+00:00,7716349a-8bb0-46c6-b60c-3594eb7ea60f,false,,,1,c9c44f56-2b25-4444-be7a-60dcb33140b2,false,,false,,,,1,
c9b42201-efb8-401e-859a-752e9f01786d,c9c44f56-2b25-4444-be7a-60dcb33140b2,7,4,2026-03-30T15:10:55.278222+00:00,7716349a-8bb0-46c6-b60c-3594eb7ea60f,false,,,1,c9c44f56-2b25-4444-be7a-60dcb33140b2,false,,false,,,,1,
b4d76774-f7b1-40a4-ad63-09000cdcc742,c9c44f56-2b25-4444-be7a-60dcb33140b2,8,6,2026-03-30T15:10:55.278222+00:00,7716349a-8bb0-46c6-b60c-3594eb7ea60f,false,,,1,c9c44f56-2b25-4444-be7a-60dcb33140b2,false,,false,,,,1,
eba24c26-efe9-480b-be8a-f910a7d26204,e1cc61b9-4c31-4d8e-8bee-b567ce5cca28,11,3,2026-03-30T13:40:37.758989+00:00,7716349a-8bb0-46c6-b60c-3594eb7ea60f,false,,,1,e1cc61b9-4c31-4d8e-8bee-b567ce5cca28,false,,false,,,,1,
d4500560-73fa-479d-9d82-86421426433d,e1cc61b9-4c31-4d8e-8bee-b567ce5cca28,12,3,2026-03-30T13:40:37.758989+00:00,7716349a-8bb0-46c6-b60c-3594eb7ea60f,false,,,1,e1cc61b9-4c31-4d8e-8bee-b567ce5cca28,false,,false,,,,1,
a100b888-0922-4d23-abeb-7eeb7fffc172,21380286-b867-4919-83b5-08eaac386dfe,4,4,2026-03-30T11:04:25.004959+00:00,7716349a-8bb0-46c6-b60c-3594eb7ea60f,false,,,1,885a2ebf-a33e-44a1-a5dd-ef1922c7778b,false,,false,,,,1,
e10bacdb-071b-4693-9c39-b549a7d77b49,117030b2-c7c3-4bab-ac1d-2b3b81b2b9d1,4,4,2026-03-30T13:42:21.841183+00:00,7716349a-8bb0-46c6-b60c-3594eb7ea60f,false,,,1,117030b2-c7c3-4bab-ac1d-2b3b81b2b9d1,false,,false,,,,1,
0df86839-8144-4375-a487-ef388fb01f7f,885a2ebf-a33e-44a1-a5dd-ef1922c7778b,6,5,2026-03-30T12:55:36.745786+00:00,7716349a-8bb0-46c6-b60c-3594eb7ea60f,false,,,1,21380286-b867-4919-83b5-08eaac386dfe,false,,false,,,,1,
a65c39c2-2fee-4db3-b18a-1ac646b4b082,117030b2-c7c3-4bab-ac1d-2b3b81b2b9d1,5,4,2026-03-30T13:42:21.841183+00:00,7716349a-8bb0-46c6-b60c-3594eb7ea60f,false,,,1,117030b2-c7c3-4bab-ac1d-2b3b81b2b9d1,false,,false,,,,1,
376cf76c-7b97-4aad-b866-dddf53096da9,117030b2-c7c3-4bab-ac1d-2b3b81b2b9d1,6,4,2026-03-30T13:42:21.841183+00:00,7716349a-8bb0-46c6-b60c-3594eb7ea60f,false,,,1,117030b2-c7c3-4bab-ac1d-2b3b81b2b9d1,false,,false,,,,1,
ffab557e-01a5-4bdb-a8cc-dfc2dbc45fc6,117030b2-c7c3-4bab-ac1d-2b3b81b2b9d1,7,3,2026-03-30T13:42:21.841183+00:00,7716349a-8bb0-46c6-b60c-3594eb7ea60f,false,,,1,117030b2-c7c3-4bab-ac1d-2b3b81b2b9d1,false,,false,,,,1,
4505d35e-b864-4cd1-8a41-176d1538af6b,e0adbbeb-e7b5-42d4-9ba3-1d70c15bc9f5,5,4,2026-03-30T13:32:43.240922+00:00,7716349a-8bb0-46c6-b60c-3594eb7ea60f,false,,,1,e0adbbeb-e7b5-42d4-9ba3-1d70c15bc9f5,false,,false,,,,1,
e7b07a9c-6549-4c94-948d-78fadfe4a0db,e0adbbeb-e7b5-42d4-9ba3-1d70c15bc9f5,7,3,2026-03-30T13:32:43.240922+00:00,7716349a-8bb0-46c6-b60c-3594eb7ea60f,false,,,1,e0adbbeb-e7b5-42d4-9ba3-1d70c15bc9f5,false,,false,,,,1,
fcfa8908-9271-4143-ae39-8462c9182e23,117030b2-c7c3-4bab-ac1d-2b3b81b2b9d1,8,4,2026-03-30T13:42:21.841183+00:00,7716349a-8bb0-46c6-b60c-3594eb7ea60f,false,,,1,117030b2-c7c3-4bab-ac1d-2b3b81b2b9d1,false,,false,,,,1,
75b6b619-3bb1-4c7b-83c3-6eafebf01814,117030b2-c7c3-4bab-ac1d-2b3b81b2b9d1,9,5,2026-03-30T13:42:21.841183+00:00,7716349a-8bb0-46c6-b60c-3594eb7ea60f,false,,,1,117030b2-c7c3-4bab-ac1d-2b3b81b2b9d1,false,,false,,,,1,
e3ebe5a0-2e7c-4bf8-8ce0-76f3f8e0b534,0d19a809-374b-46bc-ac56-5d1417af6bbf,1,5,2026-03-30T13:35:49.819628+00:00,7716349a-8bb0-46c6-b60c-3594eb7ea60f,false,,,1,0d19a809-374b-46bc-ac56-5d1417af6bbf,false,,false,,,,1,
3ad9dd92-4183-4718-bc5e-684bdeb73498,0d19a809-374b-46bc-ac56-5d1417af6bbf,2,4,2026-03-30T13:35:49.819628+00:00,7716349a-8bb0-46c6-b60c-3594eb7ea60f,false,,,1,0d19a809-374b-46bc-ac56-5d1417af6bbf,false,,false,,,,1,
ff01a49d-21f6-483c-b61e-3b63b7c58779,0d19a809-374b-46bc-ac56-5d1417af6bbf,3,4,2026-03-30T13:35:49.819628+00:00,7716349a-8bb0-46c6-b60c-3594eb7ea60f,false,,,1,0d19a809-374b-46bc-ac56-5d1417af6bbf,false,,false,,,,1,
d1cc9dff-4262-4664-8a02-0e7458b00e01,117030b2-c7c3-4bab-ac1d-2b3b81b2b9d1,10,5,2026-03-30T13:42:21.841183+00:00,7716349a-8bb0-46c6-b60c-3594eb7ea60f,false,,,1,117030b2-c7c3-4bab-ac1d-2b3b81b2b9d1,false,,false,,,,1,
a0b57994-7185-4fab-ba24-9cf1f7976910,117030b2-c7c3-4bab-ac1d-2b3b81b2b9d1,11,3,2026-03-30T13:42:21.841183+00:00,7716349a-8bb0-46c6-b60c-3594eb7ea60f,false,,,1,117030b2-c7c3-4bab-ac1d-2b3b81b2b9d1,false,,false,,,,1,
558cd3ca-c1cd-41ed-b5cb-e9c9bd9a5d25,0d19a809-374b-46bc-ac56-5d1417af6bbf,4,3,2026-03-30T13:35:49.819628+00:00,7716349a-8bb0-46c6-b60c-3594eb7ea60f,false,,,1,0d19a809-374b-46bc-ac56-5d1417af6bbf,false,,false,,,,1,
59ca1ab3-d00a-471e-a925-3cd7f0de6ad2,0d19a809-374b-46bc-ac56-5d1417af6bbf,5,3,2026-03-30T13:35:49.819628+00:00,7716349a-8bb0-46c6-b60c-3594eb7ea60f,false,,,1,0d19a809-374b-46bc-ac56-5d1417af6bbf,false,,false,,,,1,
95ba93bc-78b1-4b6f-b8b2-bcbeee50d8aa,0d19a809-374b-46bc-ac56-5d1417af6bbf,6,4,2026-03-30T13:35:49.819628+00:00,7716349a-8bb0-46c6-b60c-3594eb7ea60f,false,,,1,0d19a809-374b-46bc-ac56-5d1417af6bbf,false,,false,,,,1,
92e6e692-ef7b-45a0-adf8-6fba234d6384,0d19a809-374b-46bc-ac56-5d1417af6bbf,7,3,2026-03-30T13:35:49.819628+00:00,7716349a-8bb0-46c6-b60c-3594eb7ea60f,false,,,1,0d19a809-374b-46bc-ac56-5d1417af6bbf,false,,false,,,,1,
c92b188b-4a71-46d0-8c04-2c7a540a4dac,0d19a809-374b-46bc-ac56-5d1417af6bbf,8,5,2026-03-30T13:35:49.819628+00:00,7716349a-8bb0-46c6-b60c-3594eb7ea60f,false,,,1,0d19a809-374b-46bc-ac56-5d1417af6bbf,false,,false,,,,1,
dd15e03c-8388-4c06-a08a-40cca9bccd0d,0d19a809-374b-46bc-ac56-5d1417af6bbf,9,5,2026-03-30T13:35:49.819628+00:00,7716349a-8bb0-46c6-b60c-3594eb7ea60f,false,,,1,0d19a809-374b-46bc-ac56-5d1417af6bbf,false,,false,,,,1,
b093086c-94df-44e0-9f15-ab416d6bb3ce,0d19a809-374b-46bc-ac56-5d1417af6bbf,10,3,2026-03-30T13:35:49.819628+00:00,7716349a-8bb0-46c6-b60c-3594eb7ea60f,false,,,1,0d19a809-374b-46bc-ac56-5d1417af6bbf,false,,false,,,,1,
520d3488-c20c-4d72-8576-55e3a5905b31,0d19a809-374b-46bc-ac56-5d1417af6bbf,11,2,2026-03-30T13:35:49.819628+00:00,7716349a-8bb0-46c6-b60c-3594eb7ea60f,false,,,1,0d19a809-374b-46bc-ac56-5d1417af6bbf,false,,false,,,,1,
a565b82f-2b75-4a03-ad4e-83fcdd66f388,0d19a809-374b-46bc-ac56-5d1417af6bbf,12,4,2026-03-30T13:35:49.819628+00:00,7716349a-8bb0-46c6-b60c-3594eb7ea60f,false,,,1,0d19a809-374b-46bc-ac56-5d1417af6bbf,false,,false,,,,1,
7284ee71-6d17-4ad9-974c-063b41406768,0d19a809-374b-46bc-ac56-5d1417af6bbf,13,4,2026-03-30T13:35:49.819628+00:00,7716349a-8bb0-46c6-b60c-3594eb7ea60f,false,,,1,0d19a809-374b-46bc-ac56-5d1417af6bbf,false,,false,,,,1,
47f1f845-d3d8-4e95-bb59-58b40abca41a,0d19a809-374b-46bc-ac56-5d1417af6bbf,14,4,2026-03-30T13:35:49.819628+00:00,7716349a-8bb0-46c6-b60c-3594eb7ea60f,false,,,1,0d19a809-374b-46bc-ac56-5d1417af6bbf,false,,false,,,,1,
8bd05056-6193-4efd-a1d4-091b579322b0,0d19a809-374b-46bc-ac56-5d1417af6bbf,15,3,2026-03-30T13:35:49.819628+00:00,7716349a-8bb0-46c6-b60c-3594eb7ea60f,false,,,1,0d19a809-374b-46bc-ac56-5d1417af6bbf,false,,false,,,,1,
3eff87fc-b668-42cf-a01a-09de54266bd9,0d19a809-374b-46bc-ac56-5d1417af6bbf,16,3,2026-03-30T13:35:49.819628+00:00,7716349a-8bb0-46c6-b60c-3594eb7ea60f,false,,,1,0d19a809-374b-46bc-ac56-5d1417af6bbf,false,,false,,,,1,
a641bd5c-6dfe-4ee9-8dbb-6515f92eaa9d,0d19a809-374b-46bc-ac56-5d1417af6bbf,17,5,2026-03-30T13:35:49.819628+00:00,7716349a-8bb0-46c6-b60c-3594eb7ea60f,false,,,1,0d19a809-374b-46bc-ac56-5d1417af6bbf,false,,false,,,,1,
32c321ce-4f85-4ac5-85fc-dc25463effde,0d19a809-374b-46bc-ac56-5d1417af6bbf,18,4,2026-03-30T13:35:49.819628+00:00,7716349a-8bb0-46c6-b60c-3594eb7ea60f,false,,,1,0d19a809-374b-46bc-ac56-5d1417af6bbf,false,,false,,,,1,
0dd05a11-eae9-4a81-9b54-f23c324626ce,7c4671ff-76ee-4a70-b912-6aa7354774ee,12,4,2026-03-30T13:36:46.652203+00:00,7716349a-8bb0-46c6-b60c-3594eb7ea60f,false,,,1,7c4671ff-76ee-4a70-b912-6aa7354774ee,false,,false,,,,1,
6d1d5c6a-3940-4d14-807a-4b139650c60d,7c4671ff-76ee-4a70-b912-6aa7354774ee,16,4,2026-03-30T13:36:46.652203+00:00,7716349a-8bb0-46c6-b60c-3594eb7ea60f,false,,,1,7c4671ff-76ee-4a70-b912-6aa7354774ee,false,,false,,,,1,
57d7af09-04f0-4752-b822-3adda1a06840,47b6392b-6476-4a2b-897e-2347b126ab86,14,5,2026-03-30T13:37:43.100691+00:00,7716349a-8bb0-46c6-b60c-3594eb7ea60f,false,,,1,7c4671ff-76ee-4a70-b912-6aa7354774ee,false,,false,,,,1,
d0641941-fe19-42d4-83af-873b4e8f658d,47b6392b-6476-4a2b-897e-2347b126ab86,15,3,2026-03-30T13:37:43.100691+00:00,7716349a-8bb0-46c6-b60c-3594eb7ea60f,false,,,1,7c4671ff-76ee-4a70-b912-6aa7354774ee,false,,false,,,,1,
049b3ac9-d82d-45f6-8ff0-e14ba102084e,117030b2-c7c3-4bab-ac1d-2b3b81b2b9d1,12,5,2026-03-30T13:42:21.841183+00:00,7716349a-8bb0-46c6-b60c-3594eb7ea60f,false,,,1,117030b2-c7c3-4bab-ac1d-2b3b81b2b9d1,false,,false,,,,1,
bbaa0f8c-c86c-4013-a4c4-affcddf3eb6a,117030b2-c7c3-4bab-ac1d-2b3b81b2b9d1,13,4,2026-03-30T13:42:21.841183+00:00,7716349a-8bb0-46c6-b60c-3594eb7ea60f,false,,,1,117030b2-c7c3-4bab-ac1d-2b3b81b2b9d1,false,,false,,,,1,
b267e489-3ad2-4146-b209-d79fcc25893c,117030b2-c7c3-4bab-ac1d-2b3b81b2b9d1,14,4,2026-03-30T13:42:21.841183+00:00,7716349a-8bb0-46c6-b60c-3594eb7ea60f,false,,,1,117030b2-c7c3-4bab-ac1d-2b3b81b2b9d1,false,,false,,,,1,
00754da6-6bd1-4a74-904a-4e8332e21327,117030b2-c7c3-4bab-ac1d-2b3b81b2b9d1,15,4,2026-03-30T13:42:21.841183+00:00,7716349a-8bb0-46c6-b60c-3594eb7ea60f,false,,,1,117030b2-c7c3-4bab-ac1d-2b3b81b2b9d1,false,,false,,,,1,
cc0dd36d-05ab-4b94-a6b0-fb028c4b1baf,117030b2-c7c3-4bab-ac1d-2b3b81b2b9d1,16,4,2026-03-30T13:42:21.841183+00:00,7716349a-8bb0-46c6-b60c-3594eb7ea60f,false,,,1,117030b2-c7c3-4bab-ac1d-2b3b81b2b9d1,false,,false,,,,1,
b7d1556c-7d37-46f3-acb7-f018fed55af7,117030b2-c7c3-4bab-ac1d-2b3b81b2b9d1,17,4,2026-03-30T13:42:21.841183+00:00,7716349a-8bb0-46c6-b60c-3594eb7ea60f,false,,,1,117030b2-c7c3-4bab-ac1d-2b3b81b2b9d1,false,,false,,,,1,
750e3dab-3fd5-40b1-9793-44c3ce821f2b,117030b2-c7c3-4bab-ac1d-2b3b81b2b9d1,18,5,2026-03-30T13:42:21.841183+00:00,7716349a-8bb0-46c6-b60c-3594eb7ea60f,false,,,1,117030b2-c7c3-4bab-ac1d-2b3b81b2b9d1,false,,false,,,,1,
a79a537c-e280-470c-99c3-81213dc4982c,19b44c8b-f73c-464f-a197-236cf91f225b,11,4,2026-03-30T13:45:57.834424+00:00,7716349a-8bb0-46c6-b60c-3594eb7ea60f,false,,,1,4d134271-956f-42fd-95ea-0a6b725123e6,false,,false,,,,1,
c3c30568-ca0e-40f6-aaa1-98b68579d3a8,4d134271-956f-42fd-95ea-0a6b725123e6,10,4,2026-03-30T13:49:09.297106+00:00,7716349a-8bb0-46c6-b60c-3594eb7ea60f,false,,,1,4d134271-956f-42fd-95ea-0a6b725123e6,false,,false,,,,1,
e10bbf8f-6146-40f4-abb8-50e6f893626d,4d134271-956f-42fd-95ea-0a6b725123e6,11,4,2026-03-30T13:49:09.297106+00:00,7716349a-8bb0-46c6-b60c-3594eb7ea60f,false,,,1,4d134271-956f-42fd-95ea-0a6b725123e6,false,,false,,,,1,
40b7ffa6-02da-4c6c-9ffc-3eea0df71b2d,ce23d191-feba-4728-82f1-dc3429b95532,7,4,2026-03-30T14:19:06.489167+00:00,7716349a-8bb0-46c6-b60c-3594eb7ea60f,false,,,1,ce23d191-feba-4728-82f1-dc3429b95532,false,,false,,,,1,
50ce3f43-fed5-4fda-95b5-0d9862a78bba,e5564605-a162-4973-b880-2fa2245b8a54,8,5,2026-03-30T14:20:54.103514+00:00,7716349a-8bb0-46c6-b60c-3594eb7ea60f,false,,,1,ce23d191-feba-4728-82f1-dc3429b95532,false,,false,,,,1,
4f17df7d-d6d4-41fa-89d2-cc187a510f12,e5564605-a162-4973-b880-2fa2245b8a54,10,5,2026-03-30T14:20:54.103514+00:00,7716349a-8bb0-46c6-b60c-3594eb7ea60f,false,,,1,e5564605-a162-4973-b880-2fa2245b8a54,false,,false,,,,1,
7b3cf852-9c28-4a30-86fe-79dacf96c605,9d71aa32-e0cc-4394-b494-f2cca4e7d382,4,5,2026-03-30T14:42:47.173181+00:00,7716349a-8bb0-46c6-b60c-3594eb7ea60f,false,,,1,9d71aa32-e0cc-4394-b494-f2cca4e7d382,false,,false,,,,1,
3ea5cdca-42f3-42bf-a00b-a32f3058e26d,9d71aa32-e0cc-4394-b494-f2cca4e7d382,5,5,2026-03-30T14:42:47.173181+00:00,7716349a-8bb0-46c6-b60c-3594eb7ea60f,false,,,1,9d71aa32-e0cc-4394-b494-f2cca4e7d382,false,,false,,,,1,
1feae9aa-d61e-442f-9bdb-f9e6213ef61a,9d71aa32-e0cc-4394-b494-f2cca4e7d382,6,5,2026-03-30T14:42:47.173181+00:00,7716349a-8bb0-46c6-b60c-3594eb7ea60f,false,,,1,2e22731c-34b3-4726-937a-18e90d4213a7,false,,false,,,,1,
088b35d8-fbfe-4d52-88e4-3712ad7fbc46,9d71aa32-e0cc-4394-b494-f2cca4e7d382,7,3,2026-03-30T14:42:47.173181+00:00,7716349a-8bb0-46c6-b60c-3594eb7ea60f,false,,,1,9d71aa32-e0cc-4394-b494-f2cca4e7d382,false,,false,,,,1,
3d7cb434-59a8-4e5e-9172-20ee927a8b96,9d71aa32-e0cc-4394-b494-f2cca4e7d382,8,6,2026-03-30T14:42:47.173181+00:00,7716349a-8bb0-46c6-b60c-3594eb7ea60f,false,,,1,9d71aa32-e0cc-4394-b494-f2cca4e7d382,false,,false,,,,1,
8c50011f-36d0-4bd4-a966-b59632553ebd,9d71aa32-e0cc-4394-b494-f2cca4e7d382,9,6,2026-03-30T14:42:47.173181+00:00,7716349a-8bb0-46c6-b60c-3594eb7ea60f,false,,,1,9d71aa32-e0cc-4394-b494-f2cca4e7d382,false,,false,,,,1,
a47d30dd-e067-4302-a522-752cfbcdada5,9d71aa32-e0cc-4394-b494-f2cca4e7d382,10,5,2026-03-30T14:42:47.173181+00:00,7716349a-8bb0-46c6-b60c-3594eb7ea60f,false,,,1,9d71aa32-e0cc-4394-b494-f2cca4e7d382,false,,false,,,,1,
f8f853df-d692-4f62-87e2-a898539711d3,9d71aa32-e0cc-4394-b494-f2cca4e7d382,11,3,2026-03-30T14:42:47.173181+00:00,7716349a-8bb0-46c6-b60c-3594eb7ea60f,false,,,1,9d71aa32-e0cc-4394-b494-f2cca4e7d382,false,,false,,,,1,
e87c261f-95d5-46e7-8cb2-3f44987ca377,9d71aa32-e0cc-4394-b494-f2cca4e7d382,12,4,2026-03-30T14:42:47.173181+00:00,7716349a-8bb0-46c6-b60c-3594eb7ea60f,false,,,1,9d71aa32-e0cc-4394-b494-f2cca4e7d382,false,,false,,,,1,
d886f152-09e9-4d73-9fc7-a325d6d24a1e,9d71aa32-e0cc-4394-b494-f2cca4e7d382,13,4,2026-03-30T14:42:47.173181+00:00,7716349a-8bb0-46c6-b60c-3594eb7ea60f,false,,,1,9d71aa32-e0cc-4394-b494-f2cca4e7d382,false,,false,,,,1,
891e750a-114f-4b5d-8a95-8fe4d803af84,c9c44f56-2b25-4444-be7a-60dcb33140b2,18,5,2026-03-30T15:10:55.278222+00:00,7716349a-8bb0-46c6-b60c-3594eb7ea60f,false,,,1,c9c44f56-2b25-4444-be7a-60dcb33140b2,false,,false,,,,1,
4e155c84-7438-4944-b83d-f69b92d96c0d,6edb8092-3291-45fa-8651-a88b460512ad,4,5,2026-03-30T13:43:17.914795+00:00,7716349a-8bb0-46c6-b60c-3594eb7ea60f,false,,,1,6edb8092-3291-45fa-8651-a88b460512ad,false,,false,,,,1,
3877ee29-ce22-4bfc-ad31-6c2385df5a0c,6edb8092-3291-45fa-8651-a88b460512ad,5,4,2026-03-30T13:43:17.914795+00:00,7716349a-8bb0-46c6-b60c-3594eb7ea60f,false,,,1,6edb8092-3291-45fa-8651-a88b460512ad,false,,false,,,,1,
8b2cafbc-9aef-42ad-b692-9970a2e23e3b,6edb8092-3291-45fa-8651-a88b460512ad,6,5,2026-03-30T13:43:17.914795+00:00,7716349a-8bb0-46c6-b60c-3594eb7ea60f,false,,,1,6edb8092-3291-45fa-8651-a88b460512ad,false,,false,,,,1,
3f3e8ef0-5c3a-41d0-b8a3-17125be56392,885a2ebf-a33e-44a1-a5dd-ef1922c7778b,7,4,2026-03-30T12:55:36.745786+00:00,7716349a-8bb0-46c6-b60c-3594eb7ea60f,false,,,1,885a2ebf-a33e-44a1-a5dd-ef1922c7778b,false,,false,,,,1,
1c45bc1e-288b-4c08-bc76-3cc42db25f44,6edb8092-3291-45fa-8651-a88b460512ad,7,3,2026-03-30T13:43:17.914795+00:00,7716349a-8bb0-46c6-b60c-3594eb7ea60f,false,,,1,6edb8092-3291-45fa-8651-a88b460512ad,false,,false,,,,1,
cdebaae8-6bf4-4b0a-859c-c7df15430749,6edb8092-3291-45fa-8651-a88b460512ad,8,5,2026-03-30T13:43:17.914795+00:00,7716349a-8bb0-46c6-b60c-3594eb7ea60f,false,,,1,6edb8092-3291-45fa-8651-a88b460512ad,false,,false,,,,1,
bf25dfe6-c3cd-4fd3-9324-f9df5b439a79,d3d57160-318c-4c35-bb5c-de5a5f07d0e7,7,2,2026-03-30T13:31:35.896064+00:00,7716349a-8bb0-46c6-b60c-3594eb7ea60f,false,,,1,e0adbbeb-e7b5-42d4-9ba3-1d70c15bc9f5,false,,false,,,,1,
ea915624-c4dd-49ba-9df9-9453bb55aef9,6edb8092-3291-45fa-8651-a88b460512ad,9,7,2026-03-30T13:43:17.914795+00:00,7716349a-8bb0-46c6-b60c-3594eb7ea60f,false,,,1,6edb8092-3291-45fa-8651-a88b460512ad,false,,false,,,,1,
de8540ee-8c89-4bb8-afdb-d3b0d8435c81,db214db6-5b8c-432b-a14b-322a17f0f720,9,9,2026-03-30T13:34:39.532485+00:00,7716349a-8bb0-46c6-b60c-3594eb7ea60f,false,,,1,db214db6-5b8c-432b-a14b-322a17f0f720,false,,false,,,,1,
c160029a-6939-4c57-9157-900b079ac872,7c4671ff-76ee-4a70-b912-6aa7354774ee,2,4,2026-03-30T13:36:46.652203+00:00,7716349a-8bb0-46c6-b60c-3594eb7ea60f,false,,,1,7c4671ff-76ee-4a70-b912-6aa7354774ee,false,,false,,,,1,7c4671ff-76ee-4a70-b912-6aa7354774ee
05451524-3e26-4577-8565-4985875806bb,21380286-b867-4919-83b5-08eaac386dfe,6,5,2026-03-30T11:35:01.418498+00:00,7716349a-8bb0-46c6-b60c-3594eb7ea60f,false,,,1,21380286-b867-4919-83b5-08eaac386dfe,false,,false,,,,1,
bde7d683-a788-47a2-91df-bcbc9da7c08e,6edb8092-3291-45fa-8651-a88b460512ad,10,5,2026-03-30T13:43:17.914795+00:00,7716349a-8bb0-46c6-b60c-3594eb7ea60f,false,,,1,6edb8092-3291-45fa-8651-a88b460512ad,false,,false,,,,1,
62b3b7b8-91bf-4dd3-8049-b6ab3f194a64,6edb8092-3291-45fa-8651-a88b460512ad,11,4,2026-03-30T13:43:17.914795+00:00,7716349a-8bb0-46c6-b60c-3594eb7ea60f,false,,,1,6edb8092-3291-45fa-8651-a88b460512ad,false,,false,,,,1,
0490d4e4-3404-4d0f-9bb2-94fc7189a5a1,6edb8092-3291-45fa-8651-a88b460512ad,12,4,2026-03-30T13:43:17.914795+00:00,7716349a-8bb0-46c6-b60c-3594eb7ea60f,false,,,1,6edb8092-3291-45fa-8651-a88b460512ad,false,,false,,,,1,
a9afebf2-f679-4261-b730-4aebfa9ab933,7c4671ff-76ee-4a70-b912-6aa7354774ee,9,5,2026-03-30T13:36:46.652203+00:00,7716349a-8bb0-46c6-b60c-3594eb7ea60f,false,,,1,7c4671ff-76ee-4a70-b912-6aa7354774ee,false,,false,,,,1,
1aac90e4-2186-4dca-a287-7c75c124c911,7c4671ff-76ee-4a70-b912-6aa7354774ee,15,2,2026-03-30T13:36:46.652203+00:00,7716349a-8bb0-46c6-b60c-3594eb7ea60f,false,,,1,7c4671ff-76ee-4a70-b912-6aa7354774ee,false,,false,,,,1,
bff60efd-0c17-466c-a36d-cb1ab86eb9cc,7c4671ff-76ee-4a70-b912-6aa7354774ee,17,5,2026-03-30T13:36:46.652203+00:00,7716349a-8bb0-46c6-b60c-3594eb7ea60f,false,,,1,7c4671ff-76ee-4a70-b912-6aa7354774ee,false,,false,,,,1,
2a9d1f69-6234-450e-9f25-a5d043bd3315,7c4671ff-76ee-4a70-b912-6aa7354774ee,18,4,2026-03-30T13:36:46.652203+00:00,7716349a-8bb0-46c6-b60c-3594eb7ea60f,false,,,1,7c4671ff-76ee-4a70-b912-6aa7354774ee,false,,false,,,,1,
aaedfc7a-9a19-40db-94cd-17ca50f8a1de,47b6392b-6476-4a2b-897e-2347b126ab86,12,4,2026-03-30T13:37:43.100691+00:00,7716349a-8bb0-46c6-b60c-3594eb7ea60f,false,,,1,7c4671ff-76ee-4a70-b912-6aa7354774ee,false,,false,,,,1,
bbd650c8-2dbe-46bc-aeed-f747dcfc9654,47b6392b-6476-4a2b-897e-2347b126ab86,16,4,2026-03-30T13:37:43.100691+00:00,7716349a-8bb0-46c6-b60c-3594eb7ea60f,false,,,1,7c4671ff-76ee-4a70-b912-6aa7354774ee,false,,false,,,,1,
f6298ec9-00a4-479c-8e37-85b500dbfe2b,6edb8092-3291-45fa-8651-a88b460512ad,13,4,2026-03-30T13:43:17.914795+00:00,7716349a-8bb0-46c6-b60c-3594eb7ea60f,false,,,1,6edb8092-3291-45fa-8651-a88b460512ad,false,,false,,,,1,
69fdde9b-79c7-4ff8-95fe-12bc65a48561,6edb8092-3291-45fa-8651-a88b460512ad,14,5,2026-03-30T13:43:17.914795+00:00,7716349a-8bb0-46c6-b60c-3594eb7ea60f,false,,,1,6edb8092-3291-45fa-8651-a88b460512ad,false,,false,,,,1,
b5106903-e801-48a8-9ec0-a056ebcf5bdc,6edb8092-3291-45fa-8651-a88b460512ad,15,4,2026-03-30T13:43:17.914795+00:00,7716349a-8bb0-46c6-b60c-3594eb7ea60f,false,,,1,6edb8092-3291-45fa-8651-a88b460512ad,false,,false,,,,1,
52a9b7b3-1b38-463c-9e61-f44d7de66919,6edb8092-3291-45fa-8651-a88b460512ad,16,4,2026-03-30T13:43:17.914795+00:00,7716349a-8bb0-46c6-b60c-3594eb7ea60f,false,,,1,6edb8092-3291-45fa-8651-a88b460512ad,false,,false,,,,1,
b1ac945d-0816-45fc-8a46-fd0405ce3e2c,6edb8092-3291-45fa-8651-a88b460512ad,17,4,2026-03-30T13:43:17.914795+00:00,7716349a-8bb0-46c6-b60c-3594eb7ea60f,false,,,1,6edb8092-3291-45fa-8651-a88b460512ad,false,,false,,,,1,
01576501-6d75-467f-89e3-8c87be8a0137,6edb8092-3291-45fa-8651-a88b460512ad,18,4,2026-03-30T13:43:17.914795+00:00,7716349a-8bb0-46c6-b60c-3594eb7ea60f,false,,,1,6edb8092-3291-45fa-8651-a88b460512ad,false,,false,,,,1,
803ceeb9-35bc-48f1-8109-32a812a25569,b0f8374f-c18d-481e-852b-dfa6aa011ac8,4,3,2026-03-30T13:44:11.968304+00:00,7716349a-8bb0-46c6-b60c-3594eb7ea60f,false,,,1,b0f8374f-c18d-481e-852b-dfa6aa011ac8,false,,false,,,,1,
da97e162-8fff-4128-80bb-80ce6389a7e9,b0f8374f-c18d-481e-852b-dfa6aa011ac8,5,4,2026-03-30T13:44:11.968304+00:00,7716349a-8bb0-46c6-b60c-3594eb7ea60f,false,,,1,b0f8374f-c18d-481e-852b-dfa6aa011ac8,false,,false,,,,1,
72e65066-c2f1-4b40-afa7-ffe261bd899d,b0f8374f-c18d-481e-852b-dfa6aa011ac8,6,4,2026-03-30T13:44:11.968304+00:00,7716349a-8bb0-46c6-b60c-3594eb7ea60f,false,,,1,b0f8374f-c18d-481e-852b-dfa6aa011ac8,false,,false,,,,1,
a0d01977-ee75-49de-9d18-51de586814dd,b0f8374f-c18d-481e-852b-dfa6aa011ac8,7,3,2026-03-30T13:44:11.968304+00:00,7716349a-8bb0-46c6-b60c-3594eb7ea60f,false,,,1,b0f8374f-c18d-481e-852b-dfa6aa011ac8,false,,false,,,,1,
0334be6a-bd0e-4500-9574-dd8fe18b9ceb,b0f8374f-c18d-481e-852b-dfa6aa011ac8,8,4,2026-03-30T13:44:11.968304+00:00,7716349a-8bb0-46c6-b60c-3594eb7ea60f,false,,,1,b0f8374f-c18d-481e-852b-dfa6aa011ac8,false,,false,,,,1,
79f81d87-aaec-46dc-a478-f6e1cfb76dd4,b0f8374f-c18d-481e-852b-dfa6aa011ac8,9,5,2026-03-30T13:44:11.968304+00:00,7716349a-8bb0-46c6-b60c-3594eb7ea60f,false,,,1,b0f8374f-c18d-481e-852b-dfa6aa011ac8,false,,false,,,,1,
c3da0f39-fe14-4551-a1ee-4d8a72cd8f5c,b0f8374f-c18d-481e-852b-dfa6aa011ac8,10,5,2026-03-30T13:44:11.968304+00:00,7716349a-8bb0-46c6-b60c-3594eb7ea60f,false,,,1,b0f8374f-c18d-481e-852b-dfa6aa011ac8,false,,false,,,,1,
d40e7d11-a4f4-4aa1-950f-aead805ef856,b0f8374f-c18d-481e-852b-dfa6aa011ac8,11,3,2026-03-30T13:44:11.968304+00:00,7716349a-8bb0-46c6-b60c-3594eb7ea60f,false,,,1,b0f8374f-c18d-481e-852b-dfa6aa011ac8,false,,false,,,,1,
948df0cc-b8fc-4a18-86e6-28fc2318de36,b0f8374f-c18d-481e-852b-dfa6aa011ac8,12,4,2026-03-30T13:44:11.968304+00:00,7716349a-8bb0-46c6-b60c-3594eb7ea60f,false,,,1,b0f8374f-c18d-481e-852b-dfa6aa011ac8,false,,false,,,,1,
ab8100f6-2f56-46bd-9d24-81d331c3883f,b0f8374f-c18d-481e-852b-dfa6aa011ac8,13,5,2026-03-30T13:44:11.968304+00:00,7716349a-8bb0-46c6-b60c-3594eb7ea60f,false,,,1,b0f8374f-c18d-481e-852b-dfa6aa011ac8,false,,false,,,,1,
39060dfd-c83a-41f5-bd4e-d6f38803497d,b0f8374f-c18d-481e-852b-dfa6aa011ac8,14,4,2026-03-30T13:44:11.968304+00:00,7716349a-8bb0-46c6-b60c-3594eb7ea60f,false,,,1,b0f8374f-c18d-481e-852b-dfa6aa011ac8,false,,false,,,,1,
48317402-ce1e-4ead-b4bc-e59b617e480f,b0f8374f-c18d-481e-852b-dfa6aa011ac8,15,4,2026-03-30T13:44:11.968304+00:00,7716349a-8bb0-46c6-b60c-3594eb7ea60f,false,,,1,b0f8374f-c18d-481e-852b-dfa6aa011ac8,false,,false,,,,1,
c7f93c24-07f2-449e-8936-8c0f25a61662,b0f8374f-c18d-481e-852b-dfa6aa011ac8,16,3,2026-03-30T13:44:11.968304+00:00,7716349a-8bb0-46c6-b60c-3594eb7ea60f,false,,,1,b0f8374f-c18d-481e-852b-dfa6aa011ac8,false,,false,,,,1,
f08e5916-e57b-4876-9d1c-09cc91a37317,b0f8374f-c18d-481e-852b-dfa6aa011ac8,17,5,2026-03-30T13:44:11.968304+00:00,7716349a-8bb0-46c6-b60c-3594eb7ea60f,false,,,1,b0f8374f-c18d-481e-852b-dfa6aa011ac8,false,,false,,,,1,
47f0f3b0-4523-4419-9776-2b4c96702fb1,b0f8374f-c18d-481e-852b-dfa6aa011ac8,18,4,2026-03-30T13:44:11.968304+00:00,7716349a-8bb0-46c6-b60c-3594eb7ea60f,false,,,1,b0f8374f-c18d-481e-852b-dfa6aa011ac8,false,,false,,,,1,
38287ca0-0f9e-463c-a848-ba09dd067805,ce23d191-feba-4728-82f1-dc3429b95532,5,4,2026-03-30T14:19:06.489167+00:00,7716349a-8bb0-46c6-b60c-3594eb7ea60f,false,,,1,ce23d191-feba-4728-82f1-dc3429b95532,false,,false,,,,1,
9dedf298-6820-4761-9631-2ea53612c19e,ce23d191-feba-4728-82f1-dc3429b95532,10,5,2026-03-30T14:19:06.489167+00:00,7716349a-8bb0-46c6-b60c-3594eb7ea60f,false,,,1,ce23d191-feba-4728-82f1-dc3429b95532,false,,false,,,,1,
3ac82407-06e1-4431-b7f1-9319b2f0e273,ce23d191-feba-4728-82f1-dc3429b95532,11,4,2026-03-30T14:19:06.489167+00:00,7716349a-8bb0-46c6-b60c-3594eb7ea60f,false,,,1,ce23d191-feba-4728-82f1-dc3429b95532,false,,false,,,,1,
48929b9d-e14d-4747-9738-c376e965e43b,ce23d191-feba-4728-82f1-dc3429b95532,12,4,2026-03-30T14:19:06.489167+00:00,7716349a-8bb0-46c6-b60c-3594eb7ea60f,false,,,1,ce23d191-feba-4728-82f1-dc3429b95532,false,,false,,,,1,
b99784ad-96ed-4403-9692-cd940a68ebfc,ce23d191-feba-4728-82f1-dc3429b95532,13,4,2026-03-30T14:19:06.489167+00:00,7716349a-8bb0-46c6-b60c-3594eb7ea60f,false,,,1,ce23d191-feba-4728-82f1-dc3429b95532,false,,false,,,,1,
50d10253-7207-4ea1-8845-844768f4767e,ce23d191-feba-4728-82f1-dc3429b95532,14,5,2026-03-30T14:19:06.489167+00:00,7716349a-8bb0-46c6-b60c-3594eb7ea60f,false,,,1,ce23d191-feba-4728-82f1-dc3429b95532,false,,false,,,,1,
f896d326-40e7-4754-9a21-27c7b50a10d3,ce23d191-feba-4728-82f1-dc3429b95532,15,3,2026-03-30T14:19:06.489167+00:00,7716349a-8bb0-46c6-b60c-3594eb7ea60f,false,,,1,ce23d191-feba-4728-82f1-dc3429b95532,false,,false,,,,1,
edd56636-e0ee-49a5-8fae-df9ba56e506b,ce23d191-feba-4728-82f1-dc3429b95532,16,4,2026-03-30T14:19:06.489167+00:00,7716349a-8bb0-46c6-b60c-3594eb7ea60f,false,,,1,ce23d191-feba-4728-82f1-dc3429b95532,false,,false,,,,1,
551d9776-7159-423a-ba53-3cce0bb0a881,ce23d191-feba-4728-82f1-dc3429b95532,17,6,2026-03-30T14:19:06.489167+00:00,7716349a-8bb0-46c6-b60c-3594eb7ea60f,false,,,1,ce23d191-feba-4728-82f1-dc3429b95532,false,,false,,,,1,
de34627b-076c-48b7-a77d-698eb824378b,ce23d191-feba-4728-82f1-dc3429b95532,18,5,2026-03-30T14:19:06.489167+00:00,7716349a-8bb0-46c6-b60c-3594eb7ea60f,false,,,1,ce23d191-feba-4728-82f1-dc3429b95532,false,,false,,,,1,
af397b99-be4f-417e-93ec-bcb2c944d8c0,9dcefb0b-f81d-400a-90bc-514b64341425,9,5,2026-03-30T14:19:52.846675+00:00,7716349a-8bb0-46c6-b60c-3594eb7ea60f,false,,,1,e5564605-a162-4973-b880-2fa2245b8a54,false,,false,,,,1,
03cc0c91-0c34-4bf3-add1-7afb6b0607a6,9dcefb0b-f81d-400a-90bc-514b64341425,10,5,2026-03-30T14:19:52.846675+00:00,7716349a-8bb0-46c6-b60c-3594eb7ea60f,false,,,1,e5564605-a162-4973-b880-2fa2245b8a54,false,,false,,,,1,
0039fb1e-c841-406f-a082-6b9b13045382,e5564605-a162-4973-b880-2fa2245b8a54,7,4,2026-03-30T14:20:54.103514+00:00,7716349a-8bb0-46c6-b60c-3594eb7ea60f,false,,,1,ce23d191-feba-4728-82f1-dc3429b95532,false,,false,,,,1,
8e0c215e-ca17-44ef-bd26-736cf879e24c,0a22a191-8264-4398-8468-2e96074d3366,4,4,2026-03-30T14:38:54.901959+00:00,7716349a-8bb0-46c6-b60c-3594eb7ea60f,false,,,1,0a22a191-8264-4398-8468-2e96074d3366,false,,false,,,,1,
28a8bef3-d64c-4c2c-b64e-86713dc78f27,0a22a191-8264-4398-8468-2e96074d3366,6,5,2026-03-30T14:38:54.901959+00:00,7716349a-8bb0-46c6-b60c-3594eb7ea60f,false,,,1,0a22a191-8264-4398-8468-2e96074d3366,false,,false,,,,1,
cdc22227-8d92-4176-85f3-9b350ffe3c78,0a22a191-8264-4398-8468-2e96074d3366,7,4,2026-03-30T14:38:54.901959+00:00,7716349a-8bb0-46c6-b60c-3594eb7ea60f,false,,,1,0a22a191-8264-4398-8468-2e96074d3366,false,,false,,,,1,
38ab4792-08ff-4453-a2ea-eebb4c7523a7,0a22a191-8264-4398-8468-2e96074d3366,8,5,2026-03-30T14:38:54.901959+00:00,7716349a-8bb0-46c6-b60c-3594eb7ea60f,false,,,1,0a22a191-8264-4398-8468-2e96074d3366,false,,false,,,,1,
d8528fad-ee70-4ad1-8146-868c8d9eb12b,0a22a191-8264-4398-8468-2e96074d3366,9,7,2026-03-30T14:38:54.901959+00:00,7716349a-8bb0-46c6-b60c-3594eb7ea60f,false,,,1,0a22a191-8264-4398-8468-2e96074d3366,false,,false,,,,1,
f7856aec-d016-49ac-8af8-5bfa2e698b28,0a22a191-8264-4398-8468-2e96074d3366,10,6,2026-03-30T14:38:54.901959+00:00,7716349a-8bb0-46c6-b60c-3594eb7ea60f,false,,,1,0a22a191-8264-4398-8468-2e96074d3366,false,,false,,,,1,
da49482a-77bb-4159-800f-9e2a9cb4ebb1,19b44c8b-f73c-464f-a197-236cf91f225b,6,3,2026-03-30T13:45:57.834424+00:00,7716349a-8bb0-46c6-b60c-3594eb7ea60f,false,,,1,19b44c8b-f73c-464f-a197-236cf91f225b,false,,false,,,,1,
05437f82-0dcc-4eb7-b7ae-fa96354675b5,19b44c8b-f73c-464f-a197-236cf91f225b,12,5,2026-03-30T13:45:57.834424+00:00,7716349a-8bb0-46c6-b60c-3594eb7ea60f,false,,,1,19b44c8b-f73c-464f-a197-236cf91f225b,false,,false,,,,1,
9b352aa4-4303-443a-a695-bd74e4b74ac1,19b44c8b-f73c-464f-a197-236cf91f225b,13,6,2026-03-30T13:45:57.834424+00:00,7716349a-8bb0-46c6-b60c-3594eb7ea60f,false,,,1,19b44c8b-f73c-464f-a197-236cf91f225b,false,,false,,,,1,
8928a7d8-e42b-4c76-8511-b33007db0e5a,19b44c8b-f73c-464f-a197-236cf91f225b,14,5,2026-03-30T13:45:57.834424+00:00,7716349a-8bb0-46c6-b60c-3594eb7ea60f,false,,,1,19b44c8b-f73c-464f-a197-236cf91f225b,false,,false,,,,1,
055f6683-1d23-4415-b042-fc7ec89e52bc,19b44c8b-f73c-464f-a197-236cf91f225b,15,3,2026-03-30T13:45:57.834424+00:00,7716349a-8bb0-46c6-b60c-3594eb7ea60f,false,,,1,19b44c8b-f73c-464f-a197-236cf91f225b,false,,false,,,,1,
a9cf561b-54d3-4bf0-8aa9-30b5887096ac,885a2ebf-a33e-44a1-a5dd-ef1922c7778b,9,6,2026-03-30T12:55:36.745786+00:00,7716349a-8bb0-46c6-b60c-3594eb7ea60f,false,,,1,885a2ebf-a33e-44a1-a5dd-ef1922c7778b,false,,false,,,,1,
f10812db-c603-410c-90fa-ad35e2cd3082,639dca59-1a8d-409a-82c6-584dbb5f34e9,4,3,2026-03-30T13:27:47.779488+00:00,7716349a-8bb0-46c6-b60c-3594eb7ea60f,false,,,1,fdd25cd4-90fe-4002-b08b-95ff807080ba,false,,false,,,,1,639dca59-1a8d-409a-82c6-584dbb5f34e9
520cf496-f255-488d-8ad0-16955e19ae8d,639dca59-1a8d-409a-82c6-584dbb5f34e9,5,5,2026-03-30T13:27:47.779488+00:00,7716349a-8bb0-46c6-b60c-3594eb7ea60f,false,,,1,fdd25cd4-90fe-4002-b08b-95ff807080ba,false,,false,,,,1,639dca59-1a8d-409a-82c6-584dbb5f34e9
b046352c-39b0-420c-92a9-406dac053b67,639dca59-1a8d-409a-82c6-584dbb5f34e9,6,5,2026-03-30T13:27:47.779488+00:00,7716349a-8bb0-46c6-b60c-3594eb7ea60f,false,,,1,639dca59-1a8d-409a-82c6-584dbb5f34e9,false,,false,,,,1,
6dd9a063-a0b7-403f-99f4-1c8d105bc11d,639dca59-1a8d-409a-82c6-584dbb5f34e9,7,3,2026-03-30T13:27:47.779488+00:00,7716349a-8bb0-46c6-b60c-3594eb7ea60f,false,,,1,639dca59-1a8d-409a-82c6-584dbb5f34e9,false,,false,,,,1,
58b80882-4619-4263-bb0f-1ee76165dc10,19b44c8b-f73c-464f-a197-236cf91f225b,16,4,2026-03-30T13:45:57.834424+00:00,7716349a-8bb0-46c6-b60c-3594eb7ea60f,false,,,1,19b44c8b-f73c-464f-a197-236cf91f225b,false,,false,,,,1,
8c6b9b75-685e-41f0-8407-ca5f1aafceaa,639dca59-1a8d-409a-82c6-584dbb5f34e9,8,5,2026-03-30T13:27:47.779488+00:00,7716349a-8bb0-46c6-b60c-3594eb7ea60f,false,,,1,639dca59-1a8d-409a-82c6-584dbb5f34e9,false,,false,,,,1,
73143e84-eb72-4be1-9df1-f2935348f4e3,639dca59-1a8d-409a-82c6-584dbb5f34e9,9,5,2026-03-30T13:27:47.779488+00:00,7716349a-8bb0-46c6-b60c-3594eb7ea60f,false,,,1,639dca59-1a8d-409a-82c6-584dbb5f34e9,false,,false,,,,1,
c5d92de5-27db-4d5f-b7e6-73daf2b60528,21380286-b867-4919-83b5-08eaac386dfe,7,4,2026-03-30T11:47:14.248486+00:00,7716349a-8bb0-46c6-b60c-3594eb7ea60f,false,,,1,885a2ebf-a33e-44a1-a5dd-ef1922c7778b,false,,false,,,,1,
0e1e112e-2ce7-4c15-a2d1-38112ce9d9fd,639dca59-1a8d-409a-82c6-584dbb5f34e9,10,4,2026-03-30T13:27:47.779488+00:00,7716349a-8bb0-46c6-b60c-3594eb7ea60f,false,,,1,639dca59-1a8d-409a-82c6-584dbb5f34e9,false,,false,,,,1,
2fe7a332-05fa-40bf-9d65-a04a8d827f9c,639dca59-1a8d-409a-82c6-584dbb5f34e9,11,4,2026-03-30T13:27:47.779488+00:00,7716349a-8bb0-46c6-b60c-3594eb7ea60f,false,,,1,639dca59-1a8d-409a-82c6-584dbb5f34e9,false,,false,,,,1,
d2439525-4748-49d3-b0ba-e8b2d14c9d4e,639dca59-1a8d-409a-82c6-584dbb5f34e9,12,4,2026-03-30T13:27:47.779488+00:00,7716349a-8bb0-46c6-b60c-3594eb7ea60f,false,,,1,639dca59-1a8d-409a-82c6-584dbb5f34e9,false,,false,,,,1,
af199930-d97a-40aa-8d47-12bf45bde1c7,639dca59-1a8d-409a-82c6-584dbb5f34e9,13,4,2026-03-30T13:27:47.779488+00:00,7716349a-8bb0-46c6-b60c-3594eb7ea60f,false,,,1,639dca59-1a8d-409a-82c6-584dbb5f34e9,false,,false,,,,1,
662055ec-9cee-4578-8be6-4eaae7e96d13,639dca59-1a8d-409a-82c6-584dbb5f34e9,14,6,2026-03-30T13:27:47.779488+00:00,7716349a-8bb0-46c6-b60c-3594eb7ea60f,false,,,1,639dca59-1a8d-409a-82c6-584dbb5f34e9,false,,false,,,,1,
c3d67d18-b222-4c93-a5f7-d689163f9ff5,639dca59-1a8d-409a-82c6-584dbb5f34e9,15,3,2026-03-30T13:27:47.779488+00:00,7716349a-8bb0-46c6-b60c-3594eb7ea60f,false,,,1,639dca59-1a8d-409a-82c6-584dbb5f34e9,false,,false,,,,1,
7e947df4-916c-4f64-967d-e99200c46941,639dca59-1a8d-409a-82c6-584dbb5f34e9,16,4,2026-03-30T13:27:47.779488+00:00,7716349a-8bb0-46c6-b60c-3594eb7ea60f,false,,,1,639dca59-1a8d-409a-82c6-584dbb5f34e9,false,,false,,,,1,
8ada7234-7d01-45cf-917e-6fb9b174f178,639dca59-1a8d-409a-82c6-584dbb5f34e9,17,5,2026-03-30T13:27:47.779488+00:00,7716349a-8bb0-46c6-b60c-3594eb7ea60f,false,,,1,639dca59-1a8d-409a-82c6-584dbb5f34e9,false,,false,,,,1,
86659c6d-754c-4b64-bdd3-e8d579550e71,639dca59-1a8d-409a-82c6-584dbb5f34e9,18,4,2026-03-30T13:27:47.779488+00:00,7716349a-8bb0-46c6-b60c-3594eb7ea60f,false,,,1,639dca59-1a8d-409a-82c6-584dbb5f34e9,false,,false,,,,1,
49add1ff-eb4a-468e-9b84-d4d2ec805030,098132e4-eb31-43dd-b487-8f6aea7501e6,3,4,2026-03-30T13:32:18.77522+00:00,7716349a-8bb0-46c6-b60c-3594eb7ea60f,false,,,1,098132e4-eb31-43dd-b487-8f6aea7501e6,false,,false,,,,1,
29ee36f7-1b0c-4ba9-a0f0-2889072cf1a6,e0adbbeb-e7b5-42d4-9ba3-1d70c15bc9f5,3,3,2026-03-30T13:32:43.240922+00:00,7716349a-8bb0-46c6-b60c-3594eb7ea60f,false,,,1,e0adbbeb-e7b5-42d4-9ba3-1d70c15bc9f5,false,,false,,,,1,
85e82a5f-5b37-4ee9-9cdb-ae954e1dbdeb,e0adbbeb-e7b5-42d4-9ba3-1d70c15bc9f5,6,4,2026-03-30T13:32:43.240922+00:00,7716349a-8bb0-46c6-b60c-3594eb7ea60f,false,,,1,e0adbbeb-e7b5-42d4-9ba3-1d70c15bc9f5,false,,false,,,,1,
a47976a6-4bb8-44ac-97a9-6eaee49f08d5,2cc9e7cd-f36e-4f27-ac2e-6959eecef670,9,11,2026-03-30T13:34:03.303623+00:00,7716349a-8bb0-46c6-b60c-3594eb7ea60f,false,,,1,db214db6-5b8c-432b-a14b-322a17f0f720,false,,false,,,,1,
0e0dd97b-9075-4ddc-8821-84d025668619,19b44c8b-f73c-464f-a197-236cf91f225b,17,5,2026-03-30T13:45:57.834424+00:00,7716349a-8bb0-46c6-b60c-3594eb7ea60f,false,,,1,19b44c8b-f73c-464f-a197-236cf91f225b,false,,false,,,,1,
b85ef452-986c-45a9-8fd2-f46e357f9a32,db214db6-5b8c-432b-a14b-322a17f0f720,8,4,2026-03-30T13:34:39.532485+00:00,7716349a-8bb0-46c6-b60c-3594eb7ea60f,false,,,1,db214db6-5b8c-432b-a14b-322a17f0f720,false,,false,,,,1,
311304ee-6462-407c-bc71-acee7751fb1c,47b6392b-6476-4a2b-897e-2347b126ab86,9,4,2026-03-30T13:37:43.100691+00:00,7716349a-8bb0-46c6-b60c-3594eb7ea60f,false,,,1,47b6392b-6476-4a2b-897e-2347b126ab86,false,,false,,,,1,
4282f1ae-91b0-4a6e-9bea-d0bc7881897d,47b6392b-6476-4a2b-897e-2347b126ab86,17,6,2026-03-30T13:37:43.100691+00:00,7716349a-8bb0-46c6-b60c-3594eb7ea60f,false,,,1,47b6392b-6476-4a2b-897e-2347b126ab86,false,,false,,,,1,
a0940231-d650-4ed2-ba05-f7d74b6f341b,47b6392b-6476-4a2b-897e-2347b126ab86,18,4,2026-03-30T13:37:43.100691+00:00,7716349a-8bb0-46c6-b60c-3594eb7ea60f,false,,,1,47b6392b-6476-4a2b-897e-2347b126ab86,false,,false,,,,1,
47c65e8c-fccf-4618-b834-53fa4f5639ab,19b44c8b-f73c-464f-a197-236cf91f225b,18,4,2026-03-30T13:45:57.834424+00:00,7716349a-8bb0-46c6-b60c-3594eb7ea60f,false,,,1,19b44c8b-f73c-464f-a197-236cf91f225b,false,,false,,,,1,
f4c7464b-5429-43f2-9a64-cbf86f0ce08d,9dcefb0b-f81d-400a-90bc-514b64341425,5,5,2026-03-30T14:19:52.846675+00:00,7716349a-8bb0-46c6-b60c-3594eb7ea60f,false,,,1,9dcefb0b-f81d-400a-90bc-514b64341425,false,,false,,,,1,
e2bd8057-b937-4b58-8403-14f7b09cdbdf,9dcefb0b-f81d-400a-90bc-514b64341425,7,4,2026-03-30T14:19:52.846675+00:00,7716349a-8bb0-46c6-b60c-3594eb7ea60f,false,,,1,9dcefb0b-f81d-400a-90bc-514b64341425,false,,false,,,,1,
8f1837c9-294f-4be9-a3e6-21655b490629,9dcefb0b-f81d-400a-90bc-514b64341425,8,5,2026-03-30T14:19:52.846675+00:00,7716349a-8bb0-46c6-b60c-3594eb7ea60f,false,,,1,9dcefb0b-f81d-400a-90bc-514b64341425,false,,false,,,,1,
b49b6761-2d22-4f01-b477-78bf1718ac1f,9dcefb0b-f81d-400a-90bc-514b64341425,11,3,2026-03-30T14:19:52.846675+00:00,7716349a-8bb0-46c6-b60c-3594eb7ea60f,false,,,1,9dcefb0b-f81d-400a-90bc-514b64341425,false,,false,,,,1,
1b76783c-ab31-4c95-a905-40fe991fe529,9dcefb0b-f81d-400a-90bc-514b64341425,12,5,2026-03-30T14:19:52.846675+00:00,7716349a-8bb0-46c6-b60c-3594eb7ea60f,false,,,1,9dcefb0b-f81d-400a-90bc-514b64341425,false,,false,,,,1,
e2fee773-2625-4c51-80e1-a02f641fe05f,9dcefb0b-f81d-400a-90bc-514b64341425,13,5,2026-03-30T14:19:52.846675+00:00,7716349a-8bb0-46c6-b60c-3594eb7ea60f,false,,,1,9dcefb0b-f81d-400a-90bc-514b64341425,false,,false,,,,1,
30808f2c-5119-4b8b-a582-a0a8ce70b62a,9dcefb0b-f81d-400a-90bc-514b64341425,14,5,2026-03-30T14:19:52.846675+00:00,7716349a-8bb0-46c6-b60c-3594eb7ea60f,false,,,1,9dcefb0b-f81d-400a-90bc-514b64341425,false,,false,,,,1,
a00ba6e2-7efb-4833-8c1c-b818b5aa0c2a,9dcefb0b-f81d-400a-90bc-514b64341425,15,3,2026-03-30T14:19:52.846675+00:00,7716349a-8bb0-46c6-b60c-3594eb7ea60f,false,,,1,9dcefb0b-f81d-400a-90bc-514b64341425,false,,false,,,,1,
5180a457-2c78-4277-9c62-d768b12ade7a,9dcefb0b-f81d-400a-90bc-514b64341425,16,4,2026-03-30T14:19:52.846675+00:00,7716349a-8bb0-46c6-b60c-3594eb7ea60f,false,,,1,9dcefb0b-f81d-400a-90bc-514b64341425,false,,false,,,,1,
0d848451-d276-4f5a-bd42-19706df77013,9dcefb0b-f81d-400a-90bc-514b64341425,17,6,2026-03-30T14:19:52.846675+00:00,7716349a-8bb0-46c6-b60c-3594eb7ea60f,false,,,1,9dcefb0b-f81d-400a-90bc-514b64341425,false,,false,,,,1,
f70aa6f3-e491-48df-9db9-1fea6c7ab9f9,9dcefb0b-f81d-400a-90bc-514b64341425,18,5,2026-03-30T14:19:52.846675+00:00,7716349a-8bb0-46c6-b60c-3594eb7ea60f,false,,,1,9dcefb0b-f81d-400a-90bc-514b64341425,false,,false,,,,1,
2007fb0e-0528-4a38-9c22-29435f663f6a,0a22a191-8264-4398-8468-2e96074d3366,11,3,2026-03-30T14:38:54.901959+00:00,7716349a-8bb0-46c6-b60c-3594eb7ea60f,false,,,1,0a22a191-8264-4398-8468-2e96074d3366,false,,false,,,,1,
f7effda6-dfad-4aa5-aa32-fadf80ebaf56,0a22a191-8264-4398-8468-2e96074d3366,12,4,2026-03-30T14:38:54.901959+00:00,7716349a-8bb0-46c6-b60c-3594eb7ea60f,false,,,1,0a22a191-8264-4398-8468-2e96074d3366,false,,false,,,,1,
211705ee-e09f-4366-a841-8b7b8e602c1d,0a22a191-8264-4398-8468-2e96074d3366,13,5,2026-03-30T14:38:54.901959+00:00,7716349a-8bb0-46c6-b60c-3594eb7ea60f,false,,,1,0a22a191-8264-4398-8468-2e96074d3366,false,,false,,,,1,
3e7502b4-24d5-42e4-aa52-a6a9876df7d4,0a22a191-8264-4398-8468-2e96074d3366,14,5,2026-03-30T14:38:54.901959+00:00,7716349a-8bb0-46c6-b60c-3594eb7ea60f,false,,,1,0a22a191-8264-4398-8468-2e96074d3366,false,,false,,,,1,
ebcfd8da-f51a-4fe1-8fe8-e15ff91b313b,0a22a191-8264-4398-8468-2e96074d3366,15,3,2026-03-30T14:38:54.901959+00:00,7716349a-8bb0-46c6-b60c-3594eb7ea60f,false,,,1,0a22a191-8264-4398-8468-2e96074d3366,false,,false,,,,1,
dfd7e0b2-d2af-4aa1-8922-04c39012bced,0a22a191-8264-4398-8468-2e96074d3366,16,4,2026-03-30T14:38:54.901959+00:00,7716349a-8bb0-46c6-b60c-3594eb7ea60f,false,,,1,0a22a191-8264-4398-8468-2e96074d3366,false,,false,,,,1,
a4a9e0db-0eaa-4d5d-8e98-bd6c1240ddf9,0a22a191-8264-4398-8468-2e96074d3366,17,5,2026-03-30T14:38:54.901959+00:00,7716349a-8bb0-46c6-b60c-3594eb7ea60f,false,,,1,0a22a191-8264-4398-8468-2e96074d3366,false,,false,,,,1,
2312f3e8-a8e4-40f0-8e96-f3e5bc55e5a9,0a22a191-8264-4398-8468-2e96074d3366,18,4,2026-03-30T14:38:54.901959+00:00,7716349a-8bb0-46c6-b60c-3594eb7ea60f,false,,,1,0a22a191-8264-4398-8468-2e96074d3366,false,,false,,,,1,
39327c65-50ba-40f4-a6aa-870bb49c665d,9d71aa32-e0cc-4394-b494-f2cca4e7d382,14,5,2026-03-30T14:42:47.173181+00:00,7716349a-8bb0-46c6-b60c-3594eb7ea60f,false,,,1,9d71aa32-e0cc-4394-b494-f2cca4e7d382,false,,false,,,,1,
ac868c12-e338-40d0-a936-219801a48eb1,9d71aa32-e0cc-4394-b494-f2cca4e7d382,15,4,2026-03-30T14:42:47.173181+00:00,7716349a-8bb0-46c6-b60c-3594eb7ea60f,false,,,1,9d71aa32-e0cc-4394-b494-f2cca4e7d382,false,,false,,,,1,
fb945200-b0e4-4558-8b3c-ea81da7bfb8d,9d71aa32-e0cc-4394-b494-f2cca4e7d382,16,5,2026-03-30T14:42:47.173181+00:00,7716349a-8bb0-46c6-b60c-3594eb7ea60f,false,,,1,9d71aa32-e0cc-4394-b494-f2cca4e7d382,false,,false,,,,1,
0edcb242-f2b9-4672-b51c-f710661a790a,9d71aa32-e0cc-4394-b494-f2cca4e7d382,17,5,2026-03-30T14:42:47.173181+00:00,7716349a-8bb0-46c6-b60c-3594eb7ea60f,false,,,1,9d71aa32-e0cc-4394-b494-f2cca4e7d382,false,,false,,,,1,
322bb32d-4256-4451-a908-c5eb6fc2df67,9d71aa32-e0cc-4394-b494-f2cca4e7d382,18,5,2026-03-30T14:42:47.173181+00:00,7716349a-8bb0-46c6-b60c-3594eb7ea60f,false,,,1,9d71aa32-e0cc-4394-b494-f2cca4e7d382,false,,false,,,,1,
d90c6eb2-3ce0-4a2d-a9c5-f528013c4edd,7cb8f5cb-1d66-4a8b-a52e-3c0ab48ff137,9,6,2026-03-30T14:44:03.173753+00:00,7716349a-8bb0-46c6-b60c-3594eb7ea60f,false,,,1,7cb8f5cb-1d66-4a8b-a52e-3c0ab48ff137,false,,false,,,,1,
5ca95fc5-c219-48a7-b0d4-4a6e15a2ef7a,7cb8f5cb-1d66-4a8b-a52e-3c0ab48ff137,10,5,2026-03-30T14:44:03.173753+00:00,7716349a-8bb0-46c6-b60c-3594eb7ea60f,false,,,1,7cb8f5cb-1d66-4a8b-a52e-3c0ab48ff137,false,,false,,,,1,
48e32914-1348-4088-9b29-e0316ec48e58,7cb8f5cb-1d66-4a8b-a52e-3c0ab48ff137,11,4,2026-03-30T14:44:03.173753+00:00,7716349a-8bb0-46c6-b60c-3594eb7ea60f,false,,,1,7cb8f5cb-1d66-4a8b-a52e-3c0ab48ff137,false,,false,,,,1,
ec2b4941-aa31-43b7-8d73-f089806e4d37,7cb8f5cb-1d66-4a8b-a52e-3c0ab48ff137,12,5,2026-03-30T14:44:03.173753+00:00,7716349a-8bb0-46c6-b60c-3594eb7ea60f,false,,,1,7cb8f5cb-1d66-4a8b-a52e-3c0ab48ff137,false,,false,,,,1,
5137a1a6-3294-4918-9f42-ca24f3742377,c0fb8d2a-417b-4d68-918c-fc6d0b9b032c,6,5,2026-03-30T13:47:12.678419+00:00,7716349a-8bb0-46c6-b60c-3594eb7ea60f,false,,,1,c0fb8d2a-417b-4d68-918c-fc6d0b9b032c,false,,false,,,,1,
d0be37c9-3b07-4ee5-b426-de38a905a22b,21380286-b867-4919-83b5-08eaac386dfe,9,7,2026-03-30T12:29:53.796472+00:00,7716349a-8bb0-46c6-b60c-3594eb7ea60f,false,,,1,885a2ebf-a33e-44a1-a5dd-ef1922c7778b,false,,false,,,,1,
2ee5f471-f767-4757-a18c-c83aae286e5c,c0fb8d2a-417b-4d68-918c-fc6d0b9b032c,8,6,2026-03-30T13:47:12.678419+00:00,7716349a-8bb0-46c6-b60c-3594eb7ea60f,false,,,1,c0fb8d2a-417b-4d68-918c-fc6d0b9b032c,false,,false,,,,1,
994c2787-d6f4-48d2-b332-a94745b16307,c0fb8d2a-417b-4d68-918c-fc6d0b9b032c,9,7,2026-03-30T13:47:12.678419+00:00,7716349a-8bb0-46c6-b60c-3594eb7ea60f,false,,,1,c0fb8d2a-417b-4d68-918c-fc6d0b9b032c,false,,false,,,,1,
73fdbb39-acbc-403d-8fe0-792dce9a53a4,885a2ebf-a33e-44a1-a5dd-ef1922c7778b,3,4,2026-03-30T12:55:36.745786+00:00,7716349a-8bb0-46c6-b60c-3594eb7ea60f,false,,,1,885a2ebf-a33e-44a1-a5dd-ef1922c7778b,false,,false,,,,1,
c0992d2d-a0a0-4505-b703-1c251572e344,c0fb8d2a-417b-4d68-918c-fc6d0b9b032c,10,5,2026-03-30T13:47:12.678419+00:00,7716349a-8bb0-46c6-b60c-3594eb7ea60f,false,,,1,c0fb8d2a-417b-4d68-918c-fc6d0b9b032c,false,,false,,,,1,
2b76c860-bd1f-4a8f-874d-4258929240d7,c0fb8d2a-417b-4d68-918c-fc6d0b9b032c,11,3,2026-03-30T13:47:12.678419+00:00,7716349a-8bb0-46c6-b60c-3594eb7ea60f,false,,,1,c0fb8d2a-417b-4d68-918c-fc6d0b9b032c,false,,false,,,,1,
29d19be8-502e-4fa8-af60-7d8c0f07a798,c0fb8d2a-417b-4d68-918c-fc6d0b9b032c,12,5,2026-03-30T13:47:12.678419+00:00,7716349a-8bb0-46c6-b60c-3594eb7ea60f,false,,,1,c0fb8d2a-417b-4d68-918c-fc6d0b9b032c,false,,false,,,,1,
5bf76eb7-9bea-4b54-a0f0-5d5467a1d5d8,c0fb8d2a-417b-4d68-918c-fc6d0b9b032c,13,5,2026-03-30T13:47:12.678419+00:00,7716349a-8bb0-46c6-b60c-3594eb7ea60f,false,,,1,c0fb8d2a-417b-4d68-918c-fc6d0b9b032c,false,,false,,,,1,
45c14d28-801d-46e7-9063-346271696f58,885a2ebf-a33e-44a1-a5dd-ef1922c7778b,4,3,2026-03-30T12:55:36.745786+00:00,7716349a-8bb0-46c6-b60c-3594eb7ea60f,false,,,1,885a2ebf-a33e-44a1-a5dd-ef1922c7778b,false,,false,,,,1,
491c0ade-aecf-40d0-b3c7-2bfaf2b9ecca,c0fb8d2a-417b-4d68-918c-fc6d0b9b032c,14,6,2026-03-30T13:47:12.678419+00:00,7716349a-8bb0-46c6-b60c-3594eb7ea60f,false,,,1,c0fb8d2a-417b-4d68-918c-fc6d0b9b032c,false,,false,,,,1,
167c714a-020b-45ca-b739-f9b1aaba4de4,c3364e8d-93bc-472c-a6ff-b4f68265a4d5,1,6,2026-03-30T13:30:48.271752+00:00,7716349a-8bb0-46c6-b60c-3594eb7ea60f,false,,,1,c3364e8d-93bc-472c-a6ff-b4f68265a4d5,false,,false,,,,1,
6a5ee79c-f2eb-4390-819a-e51f05537a2e,c3364e8d-93bc-472c-a6ff-b4f68265a4d5,2,7,2026-03-30T13:30:48.271752+00:00,7716349a-8bb0-46c6-b60c-3594eb7ea60f,false,,,1,c3364e8d-93bc-472c-a6ff-b4f68265a4d5,false,,false,,,,1,
51e74890-241e-4abf-8b7a-718d05fc5867,c0fb8d2a-417b-4d68-918c-fc6d0b9b032c,15,3,2026-03-30T13:47:12.678419+00:00,7716349a-8bb0-46c6-b60c-3594eb7ea60f,false,,,1,c0fb8d2a-417b-4d68-918c-fc6d0b9b032c,false,,false,,,,1,
d323eef9-521d-47d3-a731-5af673ad1f06,c0fb8d2a-417b-4d68-918c-fc6d0b9b032c,16,5,2026-03-30T13:47:12.678419+00:00,7716349a-8bb0-46c6-b60c-3594eb7ea60f,false,,,1,c0fb8d2a-417b-4d68-918c-fc6d0b9b032c,false,,false,,,,1,
a10ecada-3ed9-4e7d-b0a4-71e2312fb70b,21380286-b867-4919-83b5-08eaac386dfe,3,5,2026-03-30T10:53:33.672095+00:00,7716349a-8bb0-46c6-b60c-3594eb7ea60f,false,,,1,885a2ebf-a33e-44a1-a5dd-ef1922c7778b,false,,false,,,,1,
76fdc03a-ceba-426f-9eeb-2f14fb5086ef,c3364e8d-93bc-472c-a6ff-b4f68265a4d5,3,6,2026-03-30T13:30:48.271752+00:00,7716349a-8bb0-46c6-b60c-3594eb7ea60f,false,,,1,c3364e8d-93bc-472c-a6ff-b4f68265a4d5,false,,false,,,,1,
2df57fcf-64ad-4345-ab57-4e0f0c316a56,c0fb8d2a-417b-4d68-918c-fc6d0b9b032c,17,7,2026-03-30T13:47:12.678419+00:00,7716349a-8bb0-46c6-b60c-3594eb7ea60f,false,,,1,c0fb8d2a-417b-4d68-918c-fc6d0b9b032c,false,,false,,,,1,
d5d14f48-60fb-4e49-88c5-f104e7d020af,c3364e8d-93bc-472c-a6ff-b4f68265a4d5,4,3,2026-03-30T13:30:48.271752+00:00,7716349a-8bb0-46c6-b60c-3594eb7ea60f,false,,,1,c3364e8d-93bc-472c-a6ff-b4f68265a4d5,false,,false,,,,1,
2419bc1c-7d11-4781-b310-18003ded3180,c0fb8d2a-417b-4d68-918c-fc6d0b9b032c,18,5,2026-03-30T13:47:12.678419+00:00,7716349a-8bb0-46c6-b60c-3594eb7ea60f,false,,,1,c0fb8d2a-417b-4d68-918c-fc6d0b9b032c,false,,false,,,,1,
7268142e-f055-453a-8485-be9a07285aba,c3364e8d-93bc-472c-a6ff-b4f68265a4d5,5,4,2026-03-30T13:30:48.271752+00:00,7716349a-8bb0-46c6-b60c-3594eb7ea60f,false,,,1,c3364e8d-93bc-472c-a6ff-b4f68265a4d5,false,,false,,,,1,
8a92ee53-b1b6-4d2e-9e37-362016831e9a,c3364e8d-93bc-472c-a6ff-b4f68265a4d5,6,4,2026-03-30T13:30:48.271752+00:00,7716349a-8bb0-46c6-b60c-3594eb7ea60f,false,,,1,c3364e8d-93bc-472c-a6ff-b4f68265a4d5,false,,false,,,,1,
cdceb606-5bdb-4cd4-bae6-5c11318e5658,c3364e8d-93bc-472c-a6ff-b4f68265a4d5,7,3,2026-03-30T13:30:48.271752+00:00,7716349a-8bb0-46c6-b60c-3594eb7ea60f,false,,,1,c3364e8d-93bc-472c-a6ff-b4f68265a4d5,false,,false,,,,1,
fbac7dfb-3d58-40ad-9d3d-4d947bb785d7,c3364e8d-93bc-472c-a6ff-b4f68265a4d5,8,5,2026-03-30T13:30:48.271752+00:00,7716349a-8bb0-46c6-b60c-3594eb7ea60f,false,,,1,c3364e8d-93bc-472c-a6ff-b4f68265a4d5,false,,false,,,,1,
16a949f0-6212-44ca-a81d-a530e8769914,c3364e8d-93bc-472c-a6ff-b4f68265a4d5,9,5,2026-03-30T13:30:48.271752+00:00,7716349a-8bb0-46c6-b60c-3594eb7ea60f,false,,,1,c3364e8d-93bc-472c-a6ff-b4f68265a4d5,false,,false,,,,1,
ebbf942f-98c8-4641-8ba4-8250e1348e67,c3364e8d-93bc-472c-a6ff-b4f68265a4d5,10,4,2026-03-30T13:30:48.271752+00:00,7716349a-8bb0-46c6-b60c-3594eb7ea60f,false,,,1,c3364e8d-93bc-472c-a6ff-b4f68265a4d5,false,,false,,,,1,
c0ac383c-cc3e-473c-a6c6-35c5c91b08e2,4d134271-956f-42fd-95ea-0a6b725123e6,9,7,2026-03-30T13:49:09.297106+00:00,7716349a-8bb0-46c6-b60c-3594eb7ea60f,false,,,1,4d134271-956f-42fd-95ea-0a6b725123e6,false,,false,,,,1,
e4782a9e-ed23-40bb-b9ca-bac6d2867f8d,ce23d191-feba-4728-82f1-dc3429b95532,6,5,2026-03-30T14:19:06.489167+00:00,7716349a-8bb0-46c6-b60c-3594eb7ea60f,false,,,1,ce23d191-feba-4728-82f1-dc3429b95532,false,,false,,,,1,
e75052a0-c1a4-4902-8d92-377c5b2bab14,c3364e8d-93bc-472c-a6ff-b4f68265a4d5,11,3,2026-03-30T13:30:48.271752+00:00,7716349a-8bb0-46c6-b60c-3594eb7ea60f,false,,,1,c3364e8d-93bc-472c-a6ff-b4f68265a4d5,false,,false,,,,1,
3d58bad0-bd98-45b8-93f4-e0fdafc4efd9,c3364e8d-93bc-472c-a6ff-b4f68265a4d5,12,5,2026-03-30T13:30:48.271752+00:00,7716349a-8bb0-46c6-b60c-3594eb7ea60f,false,,,1,c3364e8d-93bc-472c-a6ff-b4f68265a4d5,false,,false,,,,1,
bba68db3-2122-45c8-a7fc-201c05e2ae66,9dcefb0b-f81d-400a-90bc-514b64341425,6,4,2026-03-30T14:19:52.846675+00:00,7716349a-8bb0-46c6-b60c-3594eb7ea60f,false,,,1,9dcefb0b-f81d-400a-90bc-514b64341425,false,,false,,,,1,
d920f7ae-b7b8-4e30-aa0f-fa3237d3344a,c3364e8d-93bc-472c-a6ff-b4f68265a4d5,13,5,2026-03-30T13:30:48.271752+00:00,7716349a-8bb0-46c6-b60c-3594eb7ea60f,false,,,1,c3364e8d-93bc-472c-a6ff-b4f68265a4d5,false,,false,,,,1,
28dda6b4-4952-4a44-b1da-52094e3b205f,e5564605-a162-4973-b880-2fa2245b8a54,5,5,2026-03-30T14:20:54.103514+00:00,7716349a-8bb0-46c6-b60c-3594eb7ea60f,false,,,1,e5564605-a162-4973-b880-2fa2245b8a54,false,,false,,,,1,
0d966239-d6db-4230-8abd-e6bb46a69171,c3364e8d-93bc-472c-a6ff-b4f68265a4d5,14,5,2026-03-30T13:30:48.271752+00:00,7716349a-8bb0-46c6-b60c-3594eb7ea60f,false,,,1,c3364e8d-93bc-472c-a6ff-b4f68265a4d5,false,,false,,,,1,
19795526-7582-4bd0-939e-6376a5d8f96c,c3364e8d-93bc-472c-a6ff-b4f68265a4d5,15,2,2026-03-30T13:30:48.271752+00:00,7716349a-8bb0-46c6-b60c-3594eb7ea60f,false,,,1,c3364e8d-93bc-472c-a6ff-b4f68265a4d5,false,,false,,,,1,
1cbd681d-c7de-4074-8819-e9448fb175e1,c3364e8d-93bc-472c-a6ff-b4f68265a4d5,16,3,2026-03-30T13:30:48.271752+00:00,7716349a-8bb0-46c6-b60c-3594eb7ea60f,false,,,1,c3364e8d-93bc-472c-a6ff-b4f68265a4d5,false,,false,,,,1,
3e9979b6-544b-4a10-933f-3e3b0664bd45,c3364e8d-93bc-472c-a6ff-b4f68265a4d5,17,5,2026-03-30T13:30:48.271752+00:00,7716349a-8bb0-46c6-b60c-3594eb7ea60f,false,,,1,c3364e8d-93bc-472c-a6ff-b4f68265a4d5,false,,false,,,,1,
f8760629-cb89-4fe6-8c8e-f07070ab04fe,c3364e8d-93bc-472c-a6ff-b4f68265a4d5,18,5,2026-03-30T13:30:48.271752+00:00,7716349a-8bb0-46c6-b60c-3594eb7ea60f,false,,,1,c3364e8d-93bc-472c-a6ff-b4f68265a4d5,false,,false,,,,1,
bbd5d212-0fde-4403-9dec-26e46f9dc92c,d3d57160-318c-4c35-bb5c-de5a5f07d0e7,4,3,2026-03-30T13:31:35.896064+00:00,7716349a-8bb0-46c6-b60c-3594eb7ea60f,false,,,1,e0adbbeb-e7b5-42d4-9ba3-1d70c15bc9f5,false,,false,,,,1,
437f2bfc-cc48-426b-bda8-52e046672137,d3d57160-318c-4c35-bb5c-de5a5f07d0e7,5,4,2026-03-30T13:31:35.896064+00:00,7716349a-8bb0-46c6-b60c-3594eb7ea60f,false,,,1,d3d57160-318c-4c35-bb5c-de5a5f07d0e7,false,,false,,,,1,
e08e541d-569a-42bf-9b58-e81e5532e15b,d3d57160-318c-4c35-bb5c-de5a5f07d0e7,6,5,2026-03-30T13:31:35.896064+00:00,7716349a-8bb0-46c6-b60c-3594eb7ea60f,false,,,1,e0adbbeb-e7b5-42d4-9ba3-1d70c15bc9f5,false,,false,,,,1,
1572404f-d7ad-4184-a7b0-f7922a91e5aa,e0adbbeb-e7b5-42d4-9ba3-1d70c15bc9f5,4,3,2026-03-30T13:32:43.240922+00:00,7716349a-8bb0-46c6-b60c-3594eb7ea60f,false,,,1,e0adbbeb-e7b5-42d4-9ba3-1d70c15bc9f5,false,,false,,,,1,
a7a51a11-3fe8-40f8-9b06-fe5d9eae2b51,2cc9e7cd-f36e-4f27-ac2e-6959eecef670,2,9,2026-03-30T13:34:03.303623+00:00,7716349a-8bb0-46c6-b60c-3594eb7ea60f,false,,,1,2cc9e7cd-f36e-4f27-ac2e-6959eecef670,false,,false,,,,1,
c600eb25-2808-4f5e-99d6-9b89f8d56cf9,2cc9e7cd-f36e-4f27-ac2e-6959eecef670,3,5,2026-03-30T13:34:03.303623+00:00,7716349a-8bb0-46c6-b60c-3594eb7ea60f,false,,,1,2cc9e7cd-f36e-4f27-ac2e-6959eecef670,false,,false,,,,1,
36df0f09-5a41-4998-9611-095cdd09137b,2cc9e7cd-f36e-4f27-ac2e-6959eecef670,4,7,2026-03-30T13:34:03.303623+00:00,7716349a-8bb0-46c6-b60c-3594eb7ea60f,false,,,1,db214db6-5b8c-432b-a14b-322a17f0f720,false,,false,,,,1,
c169fab7-f4d5-465a-bc01-14a58f1b7d4d,2cc9e7cd-f36e-4f27-ac2e-6959eecef670,8,7,2026-03-30T13:34:03.303623+00:00,7716349a-8bb0-46c6-b60c-3594eb7ea60f,false,,,1,db214db6-5b8c-432b-a14b-322a17f0f720,false,,false,,,,1,
9a7cc82c-b3a8-48b0-89c4-d01b24a1d65a,e5564605-a162-4973-b880-2fa2245b8a54,6,4,2026-03-30T14:20:54.103514+00:00,7716349a-8bb0-46c6-b60c-3594eb7ea60f,false,,,1,ce23d191-feba-4728-82f1-dc3429b95532,false,,false,,,,1,
4d9c81bc-c7ed-4692-8057-372815669e64,db214db6-5b8c-432b-a14b-322a17f0f720,2,4,2026-03-30T13:34:39.532485+00:00,7716349a-8bb0-46c6-b60c-3594eb7ea60f,false,,,1,2cc9e7cd-f36e-4f27-ac2e-6959eecef670,false,,false,,,,1,
83390419-7636-4b69-ab12-be38842e9e48,7c4671ff-76ee-4a70-b912-6aa7354774ee,10,5,2026-03-30T13:36:46.652203+00:00,7716349a-8bb0-46c6-b60c-3594eb7ea60f,false,,,1,7c4671ff-76ee-4a70-b912-6aa7354774ee,false,,false,,,,1,
369ddc5c-48b0-42ff-a578-4493f8121cde,7c4671ff-76ee-4a70-b912-6aa7354774ee,11,3,2026-03-30T13:36:46.652203+00:00,7716349a-8bb0-46c6-b60c-3594eb7ea60f,false,,,1,7c4671ff-76ee-4a70-b912-6aa7354774ee,false,,false,,,,1,
3af409a4-c99d-40b2-973b-23264e81a317,47b6392b-6476-4a2b-897e-2347b126ab86,10,4,2026-03-30T13:37:43.100691+00:00,7716349a-8bb0-46c6-b60c-3594eb7ea60f,false,,,1,7c4671ff-76ee-4a70-b912-6aa7354774ee,false,,false,,,,1,
0e753a0e-20e1-42b1-ac8e-bc6a0c382c95,47b6392b-6476-4a2b-897e-2347b126ab86,11,3,2026-03-30T13:37:43.100691+00:00,7716349a-8bb0-46c6-b60c-3594eb7ea60f,false,,,1,7c4671ff-76ee-4a70-b912-6aa7354774ee,false,,false,,,,1,
9c3cba44-bad1-468d-8390-6420fde6258d,e5564605-a162-4973-b880-2fa2245b8a54,11,4,2026-03-30T14:20:54.103514+00:00,7716349a-8bb0-46c6-b60c-3594eb7ea60f,false,,,1,e5564605-a162-4973-b880-2fa2245b8a54,false,,false,,,,1,
b1fa0330-ac0d-4f4b-a25d-3b04342ac369,e5564605-a162-4973-b880-2fa2245b8a54,12,4,2026-03-30T14:20:54.103514+00:00,7716349a-8bb0-46c6-b60c-3594eb7ea60f,false,,,1,e5564605-a162-4973-b880-2fa2245b8a54,false,,false,,,,1,
4eaf1821-a5cd-4d29-8b60-43ac51af9d79,e5564605-a162-4973-b880-2fa2245b8a54,13,4,2026-03-30T14:20:54.103514+00:00,7716349a-8bb0-46c6-b60c-3594eb7ea60f,false,,,1,e5564605-a162-4973-b880-2fa2245b8a54,false,,false,,,,1,
651d6902-c5ca-4d34-8e44-9c10a2f448bd,e5564605-a162-4973-b880-2fa2245b8a54,14,6,2026-03-30T14:20:54.103514+00:00,7716349a-8bb0-46c6-b60c-3594eb7ea60f,false,,,1,e5564605-a162-4973-b880-2fa2245b8a54,false,,false,,,,1,
ae43ade7-6bc4-4ff0-8320-a93921ee50dd,f88170d0-1f22-42fc-b06f-f43ce3d2c8ff,5,4,2026-03-30T14:36:18.903148+00:00,7716349a-8bb0-46c6-b60c-3594eb7ea60f,false,,,1,0a22a191-8264-4398-8468-2e96074d3366,false,,false,,,,1,
32d3f3df-6a81-4ae3-9a38-09b5954a8987,0a22a191-8264-4398-8468-2e96074d3366,5,3,2026-03-30T14:38:54.901959+00:00,7716349a-8bb0-46c6-b60c-3594eb7ea60f,false,,,1,0a22a191-8264-4398-8468-2e96074d3366,false,,false,,,,1,
4f4d2fa3-2c67-4808-93f9-26505c5bfd50,2e22731c-34b3-4726-937a-18e90d4213a7,5,6,2026-03-30T14:41:18.103207+00:00,7716349a-8bb0-46c6-b60c-3594eb7ea60f,false,,,1,7cb8f5cb-1d66-4a8b-a52e-3c0ab48ff137,false,,false,,,,1,
9f2b0a90-f429-4893-a5b0-fb3f6e99b7dc,7cb8f5cb-1d66-4a8b-a52e-3c0ab48ff137,5,5,2026-03-30T14:44:03.173753+00:00,7716349a-8bb0-46c6-b60c-3594eb7ea60f,false,,,1,7cb8f5cb-1d66-4a8b-a52e-3c0ab48ff137,false,,false,,,,1,
a5b05c1a-9c86-41ba-83a8-35c424404c11,7cb8f5cb-1d66-4a8b-a52e-3c0ab48ff137,13,5,2026-03-30T14:44:03.173753+00:00,7716349a-8bb0-46c6-b60c-3594eb7ea60f,false,,,1,7cb8f5cb-1d66-4a8b-a52e-3c0ab48ff137,false,,false,,,,1,
2645e101-df6a-4cb4-bdb7-32653b6cac99,7cb8f5cb-1d66-4a8b-a52e-3c0ab48ff137,14,5,2026-03-30T14:44:03.173753+00:00,7716349a-8bb0-46c6-b60c-3594eb7ea60f,false,,,1,7cb8f5cb-1d66-4a8b-a52e-3c0ab48ff137,false,,false,,,,1,
cebe9952-9177-4770-81d3-be5e3141234d,7cb8f5cb-1d66-4a8b-a52e-3c0ab48ff137,15,3,2026-03-30T14:44:03.173753+00:00,7716349a-8bb0-46c6-b60c-3594eb7ea60f,false,,,1,7cb8f5cb-1d66-4a8b-a52e-3c0ab48ff137,false,,false,,,,1,
97dc4e9a-5eb4-4080-89b8-2921ac0b8203,7cb8f5cb-1d66-4a8b-a52e-3c0ab48ff137,16,5,2026-03-30T14:44:03.173753+00:00,7716349a-8bb0-46c6-b60c-3594eb7ea60f,false,,,1,7cb8f5cb-1d66-4a8b-a52e-3c0ab48ff137,false,,false,,,,1,
7872de87-aab3-474b-98e3-8e4ce36b28ca,7cb8f5cb-1d66-4a8b-a52e-3c0ab48ff137,17,6,2026-03-30T14:44:03.173753+00:00,7716349a-8bb0-46c6-b60c-3594eb7ea60f,false,,,1,7cb8f5cb-1d66-4a8b-a52e-3c0ab48ff137,false,,false,,,,1,
7e96251c-62f5-4622-97c0-2f83ffa51d54,7cb8f5cb-1d66-4a8b-a52e-3c0ab48ff137,18,6,2026-03-30T14:44:03.173753+00:00,7716349a-8bb0-46c6-b60c-3594eb7ea60f,false,,,1,7cb8f5cb-1d66-4a8b-a52e-3c0ab48ff137,false,,false,,,,1,
3db52b32-cadd-470c-bf18-186e780d9fd0,06ccd75a-85fb-49da-b531-5ea45a09645f,1,7,2026-03-30T14:52:57.94324+00:00,7716349a-8bb0-46c6-b60c-3594eb7ea60f,false,,,1,06ccd75a-85fb-49da-b531-5ea45a09645f,false,,false,,,,1,
f29215e9-0373-4087-9792-b745cc4059d0,06ccd75a-85fb-49da-b531-5ea45a09645f,2,6,2026-03-30T14:52:57.94324+00:00,7716349a-8bb0-46c6-b60c-3594eb7ea60f,false,,,1,06ccd75a-85fb-49da-b531-5ea45a09645f,false,,false,,,,1,
1c7ad56c-560e-4f1c-a72f-7fb682514185,06ccd75a-85fb-49da-b531-5ea45a09645f,3,5,2026-03-30T14:52:57.94324+00:00,7716349a-8bb0-46c6-b60c-3594eb7ea60f,false,,,1,06ccd75a-85fb-49da-b531-5ea45a09645f,false,,false,,,,1,
7373fcc2-9328-4be7-a278-e7984aa0b8c2,06ccd75a-85fb-49da-b531-5ea45a09645f,4,4,2026-03-30T14:52:57.94324+00:00,7716349a-8bb0-46c6-b60c-3594eb7ea60f,false,,,1,06ccd75a-85fb-49da-b531-5ea45a09645f,false,,false,,,,1,
16e8c9d4-e8fc-455e-a470-ec992cf426f2,06ccd75a-85fb-49da-b531-5ea45a09645f,5,6,2026-03-30T14:52:57.94324+00:00,7716349a-8bb0-46c6-b60c-3594eb7ea60f,false,,,1,06ccd75a-85fb-49da-b531-5ea45a09645f,false,,false,,,,1,
95d75872-26d0-4291-9f76-593f842cbe28,06ccd75a-85fb-49da-b531-5ea45a09645f,6,6,2026-03-30T14:52:57.94324+00:00,7716349a-8bb0-46c6-b60c-3594eb7ea60f,false,,,1,06ccd75a-85fb-49da-b531-5ea45a09645f,false,,false,,,,1,
b618bf2d-778d-4920-88f9-e8172029ba1c,06ccd75a-85fb-49da-b531-5ea45a09645f,7,3,2026-03-30T14:52:57.94324+00:00,7716349a-8bb0-46c6-b60c-3594eb7ea60f,false,,,1,06ccd75a-85fb-49da-b531-5ea45a09645f,false,,false,,,,1,
93be91ac-b439-4910-8603-1408feca7224,06ccd75a-85fb-49da-b531-5ea45a09645f,8,6,2026-03-30T14:52:57.94324+00:00,7716349a-8bb0-46c6-b60c-3594eb7ea60f,false,,,1,06ccd75a-85fb-49da-b531-5ea45a09645f,false,,false,,,,1,
a2a0290a-d796-45a2-998f-9ec1e55aa3a8,06ccd75a-85fb-49da-b531-5ea45a09645f,9,7,2026-03-30T14:52:57.94324+00:00,7716349a-8bb0-46c6-b60c-3594eb7ea60f,false,,,1,06ccd75a-85fb-49da-b531-5ea45a09645f,false,,false,,,,1,
5002ce86-a81f-4a06-a3c1-d91b2f76f044,06ccd75a-85fb-49da-b531-5ea45a09645f,10,6,2026-03-30T14:52:57.94324+00:00,7716349a-8bb0-46c6-b60c-3594eb7ea60f,false,,,1,06ccd75a-85fb-49da-b531-5ea45a09645f,false,,false,,,,1,
81c666c9-005a-4d5c-ac8b-c046aa3808cc,06ccd75a-85fb-49da-b531-5ea45a09645f,11,4,2026-03-30T14:52:57.94324+00:00,7716349a-8bb0-46c6-b60c-3594eb7ea60f,false,,,1,06ccd75a-85fb-49da-b531-5ea45a09645f,false,,false,,,,1,
291babde-c38b-4ffd-bb91-01cfdb4fd59e,06ccd75a-85fb-49da-b531-5ea45a09645f,12,6,2026-03-30T14:52:57.94324+00:00,7716349a-8bb0-46c6-b60c-3594eb7ea60f,false,,,1,06ccd75a-85fb-49da-b531-5ea45a09645f,false,,false,,,,1,
55762d5a-4458-40f2-b3fd-c430e1f778f8,06ccd75a-85fb-49da-b531-5ea45a09645f,13,6,2026-03-30T14:52:57.94324+00:00,7716349a-8bb0-46c6-b60c-3594eb7ea60f,false,,,1,06ccd75a-85fb-49da-b531-5ea45a09645f,false,,false,,,,1,
232f453a-2e9a-47c7-86a5-5c1d71bf25f1,06ccd75a-85fb-49da-b531-5ea45a09645f,14,6,2026-03-30T14:52:57.94324+00:00,7716349a-8bb0-46c6-b60c-3594eb7ea60f,false,,,1,06ccd75a-85fb-49da-b531-5ea45a09645f,false,,false,,,,1,
fee1513e-ed41-4185-8434-b5f051248d37,06ccd75a-85fb-49da-b531-5ea45a09645f,15,4,2026-03-30T14:52:57.94324+00:00,7716349a-8bb0-46c6-b60c-3594eb7ea60f,false,,,1,06ccd75a-85fb-49da-b531-5ea45a09645f,false,,false,,,,1,
e4aab8f4-9128-46f1-b9d6-322e2df2bbb6,06ccd75a-85fb-49da-b531-5ea45a09645f,16,6,2026-03-30T14:52:57.94324+00:00,7716349a-8bb0-46c6-b60c-3594eb7ea60f,false,,,1,06ccd75a-85fb-49da-b531-5ea45a09645f,false,,false,,,,1,
ead0ade9-435e-4dbb-8ff6-1e78028b3793,06ccd75a-85fb-49da-b531-5ea45a09645f,17,6,2026-03-30T14:52:57.94324+00:00,7716349a-8bb0-46c6-b60c-3594eb7ea60f,false,,,1,06ccd75a-85fb-49da-b531-5ea45a09645f,false,,false,,,,1,
8878d96f-f18e-4e5d-bf5d-d89b607369e6,06ccd75a-85fb-49da-b531-5ea45a09645f,18,7,2026-03-30T14:52:57.94324+00:00,7716349a-8bb0-46c6-b60c-3594eb7ea60f,false,,,1,06ccd75a-85fb-49da-b531-5ea45a09645f,false,,false,,,,1,
325ffc89-e183-4a53-ba6e-8e43a530a433,78fb4ed0-ba6c-4b98-a34b-bb8fa7f01091,2,9,2026-03-30T14:53:37.590273+00:00,7716349a-8bb0-46c6-b60c-3594eb7ea60f,false,,,1,78fb4ed0-ba6c-4b98-a34b-bb8fa7f01091,false,,false,,,,1,
e20a1260-5c05-4850-b905-506e4f8d1010,78fb4ed0-ba6c-4b98-a34b-bb8fa7f01091,3,5,2026-03-30T14:53:37.590273+00:00,7716349a-8bb0-46c6-b60c-3594eb7ea60f,false,,,1,78fb4ed0-ba6c-4b98-a34b-bb8fa7f01091,false,,false,,,,1,
ec29bb70-11fa-4baf-b37c-e64c42242f99,78fb4ed0-ba6c-4b98-a34b-bb8fa7f01091,4,4,2026-03-30T14:53:37.590273+00:00,7716349a-8bb0-46c6-b60c-3594eb7ea60f,false,,,1,78fb4ed0-ba6c-4b98-a34b-bb8fa7f01091,false,,false,,,,1,
86b5ba1f-99e5-4287-b976-ea414d0feb60,78fb4ed0-ba6c-4b98-a34b-bb8fa7f01091,5,4,2026-03-30T14:53:37.590273+00:00,7716349a-8bb0-46c6-b60c-3594eb7ea60f,false,,,1,78fb4ed0-ba6c-4b98-a34b-bb8fa7f01091,false,,false,,,,1,
7640220a-68b5-4cba-be11-09d8e83685f5,78fb4ed0-ba6c-4b98-a34b-bb8fa7f01091,6,6,2026-03-30T14:53:37.590273+00:00,7716349a-8bb0-46c6-b60c-3594eb7ea60f,false,,,1,78fb4ed0-ba6c-4b98-a34b-bb8fa7f01091,false,,false,,,,1,
934c153e-e20b-46d9-b1c5-519d7f8bbb68,78fb4ed0-ba6c-4b98-a34b-bb8fa7f01091,7,3,2026-03-30T14:53:37.590273+00:00,7716349a-8bb0-46c6-b60c-3594eb7ea60f,false,,,1,78fb4ed0-ba6c-4b98-a34b-bb8fa7f01091,false,,false,,,,1,
7a2d7690-56c8-4e31-ab07-9efff7780cdc,78fb4ed0-ba6c-4b98-a34b-bb8fa7f01091,8,5,2026-03-30T14:53:37.590273+00:00,7716349a-8bb0-46c6-b60c-3594eb7ea60f,false,,,1,78fb4ed0-ba6c-4b98-a34b-bb8fa7f01091,false,,false,,,,1,
fbc19356-c629-44f6-9e76-25eaa4845c82,78fb4ed0-ba6c-4b98-a34b-bb8fa7f01091,9,8,2026-03-30T14:53:37.590273+00:00,7716349a-8bb0-46c6-b60c-3594eb7ea60f,false,,,1,78fb4ed0-ba6c-4b98-a34b-bb8fa7f01091,false,,false,,,,1,
3301b2cf-df7b-4fba-bda3-3a1ca94fd0e8,78fb4ed0-ba6c-4b98-a34b-bb8fa7f01091,10,5,2026-03-30T14:53:37.590273+00:00,7716349a-8bb0-46c6-b60c-3594eb7ea60f,false,,,1,78fb4ed0-ba6c-4b98-a34b-bb8fa7f01091,false,,false,,,,1,
a2238da7-dc55-4519-a4a5-e5d682e2fb0a,78fb4ed0-ba6c-4b98-a34b-bb8fa7f01091,11,3,2026-03-30T14:53:37.590273+00:00,7716349a-8bb0-46c6-b60c-3594eb7ea60f,false,,,1,78fb4ed0-ba6c-4b98-a34b-bb8fa7f01091,false,,false,,,,1,
277b4a84-63b4-40bc-ac06-66aea2e43feb,78fb4ed0-ba6c-4b98-a34b-bb8fa7f01091,12,3,2026-03-30T14:53:37.590273+00:00,7716349a-8bb0-46c6-b60c-3594eb7ea60f,false,,,1,78fb4ed0-ba6c-4b98-a34b-bb8fa7f01091,false,,false,,,,1,
38e223a4-fa1f-47ef-a256-8e198228d8a2,78fb4ed0-ba6c-4b98-a34b-bb8fa7f01091,13,5,2026-03-30T14:53:37.590273+00:00,7716349a-8bb0-46c6-b60c-3594eb7ea60f,false,,,1,78fb4ed0-ba6c-4b98-a34b-bb8fa7f01091,false,,false,,,,1,
da1202eb-ab82-4843-b584-7ed83edb2309,78fb4ed0-ba6c-4b98-a34b-bb8fa7f01091,14,6,2026-03-30T14:53:37.590273+00:00,7716349a-8bb0-46c6-b60c-3594eb7ea60f,false,,,1,78fb4ed0-ba6c-4b98-a34b-bb8fa7f01091,false,,false,,,,1,
fe9e0020-f7ed-486a-8c40-685a072b6877,78fb4ed0-ba6c-4b98-a34b-bb8fa7f01091,15,4,2026-03-30T14:53:37.590273+00:00,7716349a-8bb0-46c6-b60c-3594eb7ea60f,false,,,1,78fb4ed0-ba6c-4b98-a34b-bb8fa7f01091,false,,false,,,,1,
ccd1c825-4969-4b43-9216-b9d07226eda3,78fb4ed0-ba6c-4b98-a34b-bb8fa7f01091,16,4,2026-03-30T14:53:37.590273+00:00,7716349a-8bb0-46c6-b60c-3594eb7ea60f,false,,,1,78fb4ed0-ba6c-4b98-a34b-bb8fa7f01091,false,,false,,,,1,
910ff66e-61c4-4565-8998-09e77c13caed,78fb4ed0-ba6c-4b98-a34b-bb8fa7f01091,17,6,2026-03-30T14:53:37.590273+00:00,7716349a-8bb0-46c6-b60c-3594eb7ea60f,false,,,1,78fb4ed0-ba6c-4b98-a34b-bb8fa7f01091,false,,false,,,,1,
5a673aad-a510-4d31-9ad8-91ec89eda104,78fb4ed0-ba6c-4b98-a34b-bb8fa7f01091,18,13,2026-03-30T14:53:37.590273+00:00,7716349a-8bb0-46c6-b60c-3594eb7ea60f,false,,,1,78fb4ed0-ba6c-4b98-a34b-bb8fa7f01091,false,,false,,,,1,
ce207804-86f8-4de7-8487-dc3fcd67e681,ee5ab7c6-0546-4277-8d04-5e6b48ea52a3,2,5,2026-03-30T14:54:31.140514+00:00,7716349a-8bb0-46c6-b60c-3594eb7ea60f,false,,,1,ee5ab7c6-0546-4277-8d04-5e6b48ea52a3,false,,false,,,,1,
57ae8e2b-7b66-4a9c-96fb-235d0afb4efa,ee5ab7c6-0546-4277-8d04-5e6b48ea52a3,3,5,2026-03-30T14:54:31.140514+00:00,7716349a-8bb0-46c6-b60c-3594eb7ea60f,false,,,1,ee5ab7c6-0546-4277-8d04-5e6b48ea52a3,false,,false,,,,1,
426cf801-dadd-4238-a65d-5d5790ae55e6,ee5ab7c6-0546-4277-8d04-5e6b48ea52a3,4,4,2026-03-30T14:54:31.140514+00:00,7716349a-8bb0-46c6-b60c-3594eb7ea60f,false,,,1,ee5ab7c6-0546-4277-8d04-5e6b48ea52a3,false,,false,,,,1,
15194836-abc9-4676-b386-11174c0351c5,ee5ab7c6-0546-4277-8d04-5e6b48ea52a3,5,5,2026-03-30T14:54:31.140514+00:00,7716349a-8bb0-46c6-b60c-3594eb7ea60f,false,,,1,ee5ab7c6-0546-4277-8d04-5e6b48ea52a3,false,,false,,,,1,
c35fb4d8-9a55-48d4-828f-066e13c612f6,ee5ab7c6-0546-4277-8d04-5e6b48ea52a3,6,4,2026-03-30T14:54:31.140514+00:00,7716349a-8bb0-46c6-b60c-3594eb7ea60f,false,,,1,ee5ab7c6-0546-4277-8d04-5e6b48ea52a3,false,,false,,,,1,
7c3099bf-e71d-48e1-9833-4af3d9b9a844,ee5ab7c6-0546-4277-8d04-5e6b48ea52a3,7,4,2026-03-30T14:54:31.140514+00:00,7716349a-8bb0-46c6-b60c-3594eb7ea60f,false,,,1,ee5ab7c6-0546-4277-8d04-5e6b48ea52a3,false,,false,,,,1,
149d0917-b466-40f1-826d-f6ccb57ccc10,ee5ab7c6-0546-4277-8d04-5e6b48ea52a3,8,5,2026-03-30T14:54:31.140514+00:00,7716349a-8bb0-46c6-b60c-3594eb7ea60f,false,,,1,ee5ab7c6-0546-4277-8d04-5e6b48ea52a3,false,,false,,,,1,
a55b7237-a77a-449a-98d9-6d8d523c7aba,ee5ab7c6-0546-4277-8d04-5e6b48ea52a3,9,9,2026-03-30T14:54:31.140514+00:00,7716349a-8bb0-46c6-b60c-3594eb7ea60f,false,,,1,ee5ab7c6-0546-4277-8d04-5e6b48ea52a3,false,,false,,,,1,
a8c36a1e-6ed8-4749-abc7-7a4230fa76fc,ee5ab7c6-0546-4277-8d04-5e6b48ea52a3,10,4,2026-03-30T14:54:31.140514+00:00,7716349a-8bb0-46c6-b60c-3594eb7ea60f,false,,,1,ee5ab7c6-0546-4277-8d04-5e6b48ea52a3,false,,false,,,,1,
82a4f326-b0df-4d59-bf82-6674746c43fa,ee5ab7c6-0546-4277-8d04-5e6b48ea52a3,11,4,2026-03-30T14:54:31.140514+00:00,7716349a-8bb0-46c6-b60c-3594eb7ea60f,false,,,1,ee5ab7c6-0546-4277-8d04-5e6b48ea52a3,false,,false,,,,1,
d0d99150-cd87-453c-b24c-b9a5135af831,ee5ab7c6-0546-4277-8d04-5e6b48ea52a3,12,5,2026-03-30T14:54:31.140514+00:00,7716349a-8bb0-46c6-b60c-3594eb7ea60f,false,,,1,ee5ab7c6-0546-4277-8d04-5e6b48ea52a3,false,,false,,,,1,
90b191ce-55fb-4433-86ef-4c08ad41a69a,ee5ab7c6-0546-4277-8d04-5e6b48ea52a3,13,5,2026-03-30T14:54:31.140514+00:00,7716349a-8bb0-46c6-b60c-3594eb7ea60f,false,,,1,ee5ab7c6-0546-4277-8d04-5e6b48ea52a3,false,,false,,,,1,
f3e5bc5c-6270-4c6f-be46-23de2507053d,ee5ab7c6-0546-4277-8d04-5e6b48ea52a3,14,6,2026-03-30T14:54:31.140514+00:00,7716349a-8bb0-46c6-b60c-3594eb7ea60f,false,,,1,ee5ab7c6-0546-4277-8d04-5e6b48ea52a3,false,,false,,,,1,
8eb13d1d-249c-4f7a-abfd-7e05069d8bb9,ee5ab7c6-0546-4277-8d04-5e6b48ea52a3,15,4,2026-03-30T14:54:31.140514+00:00,7716349a-8bb0-46c6-b60c-3594eb7ea60f,false,,,1,ee5ab7c6-0546-4277-8d04-5e6b48ea52a3,false,,false,,,,1,
09625e25-a688-4718-a92b-531c76f41a81,ee5ab7c6-0546-4277-8d04-5e6b48ea52a3,16,4,2026-03-30T14:54:31.140514+00:00,7716349a-8bb0-46c6-b60c-3594eb7ea60f,false,,,1,ee5ab7c6-0546-4277-8d04-5e6b48ea52a3,false,,false,,,,1,
5d6f15a1-8903-4bff-ad57-64f044d3cb83,ee5ab7c6-0546-4277-8d04-5e6b48ea52a3,17,6,2026-03-30T14:54:31.140514+00:00,7716349a-8bb0-46c6-b60c-3594eb7ea60f,false,,,1,ee5ab7c6-0546-4277-8d04-5e6b48ea52a3,false,,false,,,,1,
300c53e9-e589-476c-846b-fec07ec03499,ee5ab7c6-0546-4277-8d04-5e6b48ea52a3,18,5,2026-03-30T14:54:31.140514+00:00,7716349a-8bb0-46c6-b60c-3594eb7ea60f,false,,,1,ee5ab7c6-0546-4277-8d04-5e6b48ea52a3,false,,false,,,,1,
c2317bcb-50c6-4e88-8fc7-dccaabc3f7ed,44447724-0d2c-4601-b0c6-e53714d03f63,2,6,2026-03-30T14:56:17.668945+00:00,7716349a-8bb0-46c6-b60c-3594eb7ea60f,false,,,1,44447724-0d2c-4601-b0c6-e53714d03f63,false,,false,,,,1,
dcd1be51-bd49-4e87-b983-80fb2ac445ef,44447724-0d2c-4601-b0c6-e53714d03f63,3,5,2026-03-30T14:56:17.668945+00:00,7716349a-8bb0-46c6-b60c-3594eb7ea60f,false,,,1,44447724-0d2c-4601-b0c6-e53714d03f63,false,,false,,,,1,
cde494e9-ab58-4376-b3a8-4ae229723d94,44447724-0d2c-4601-b0c6-e53714d03f63,4,4,2026-03-30T14:56:17.668945+00:00,7716349a-8bb0-46c6-b60c-3594eb7ea60f,false,,,1,44447724-0d2c-4601-b0c6-e53714d03f63,false,,false,,,,1,
a0259815-2bf4-49eb-8255-4b7bc81fb33a,44447724-0d2c-4601-b0c6-e53714d03f63,5,5,2026-03-30T14:56:17.668945+00:00,7716349a-8bb0-46c6-b60c-3594eb7ea60f,false,,,1,44447724-0d2c-4601-b0c6-e53714d03f63,false,,false,,,,1,
f8ddf5aa-5e33-4435-99ab-dc160dead2a9,44447724-0d2c-4601-b0c6-e53714d03f63,6,7,2026-03-30T14:56:17.668945+00:00,7716349a-8bb0-46c6-b60c-3594eb7ea60f,false,,,1,44447724-0d2c-4601-b0c6-e53714d03f63,false,,false,,,,1,
2336a69d-c2d0-4bc0-ba94-12fb2f2851c7,44447724-0d2c-4601-b0c6-e53714d03f63,7,3,2026-03-30T14:56:17.668945+00:00,7716349a-8bb0-46c6-b60c-3594eb7ea60f,false,,,1,44447724-0d2c-4601-b0c6-e53714d03f63,false,,false,,,,1,
7c74d8cf-3bfa-4939-bb91-7b8845256205,44447724-0d2c-4601-b0c6-e53714d03f63,8,5,2026-03-30T14:56:17.668945+00:00,7716349a-8bb0-46c6-b60c-3594eb7ea60f,false,,,1,44447724-0d2c-4601-b0c6-e53714d03f63,false,,false,,,,1,
00a44a51-f1f5-45ea-9b42-b1519de5bb30,44447724-0d2c-4601-b0c6-e53714d03f63,9,8,2026-03-30T14:56:17.668945+00:00,7716349a-8bb0-46c6-b60c-3594eb7ea60f,false,,,1,44447724-0d2c-4601-b0c6-e53714d03f63,false,,false,,,,1,
261ac38d-a207-454f-88e3-165488fd9446,44447724-0d2c-4601-b0c6-e53714d03f63,10,4,2026-03-30T14:56:17.668945+00:00,7716349a-8bb0-46c6-b60c-3594eb7ea60f,false,,,1,44447724-0d2c-4601-b0c6-e53714d03f63,false,,false,,,,1,
8eb90155-45f0-4b1d-b07a-8726cbfac50e,44447724-0d2c-4601-b0c6-e53714d03f63,11,3,2026-03-30T14:56:17.668945+00:00,7716349a-8bb0-46c6-b60c-3594eb7ea60f,false,,,1,44447724-0d2c-4601-b0c6-e53714d03f63,false,,false,,,,1,
fad3196d-e02a-4e45-b22d-41e16d1a4f97,44447724-0d2c-4601-b0c6-e53714d03f63,12,6,2026-03-30T14:56:17.668945+00:00,7716349a-8bb0-46c6-b60c-3594eb7ea60f,false,,,1,44447724-0d2c-4601-b0c6-e53714d03f63,false,,false,,,,1,
9e95926e-c93d-42fd-9b5c-11e36ba043a9,44447724-0d2c-4601-b0c6-e53714d03f63,13,6,2026-03-30T14:56:17.668945+00:00,7716349a-8bb0-46c6-b60c-3594eb7ea60f,false,,,1,44447724-0d2c-4601-b0c6-e53714d03f63,false,,false,,,,1,
a16e7d6c-e529-491a-a5eb-8b511fdfc5b7,44447724-0d2c-4601-b0c6-e53714d03f63,14,7,2026-03-30T14:56:17.668945+00:00,7716349a-8bb0-46c6-b60c-3594eb7ea60f,false,,,1,44447724-0d2c-4601-b0c6-e53714d03f63,false,,false,,,,1,
9cd2f78c-d608-4167-9af5-b2bf8babd969,44447724-0d2c-4601-b0c6-e53714d03f63,15,4,2026-03-30T14:56:17.668945+00:00,7716349a-8bb0-46c6-b60c-3594eb7ea60f,false,,,1,44447724-0d2c-4601-b0c6-e53714d03f63,false,,false,,,,1,
571b7d1a-94c9-4395-b7cb-beff4e7cd7ff,44447724-0d2c-4601-b0c6-e53714d03f63,16,5,2026-03-30T14:56:17.668945+00:00,7716349a-8bb0-46c6-b60c-3594eb7ea60f,false,,,1,44447724-0d2c-4601-b0c6-e53714d03f63,false,,false,,,,1,
a2026434-9cd5-4265-9b47-df20e12cf1fe,44447724-0d2c-4601-b0c6-e53714d03f63,17,7,2026-03-30T14:56:17.668945+00:00,7716349a-8bb0-46c6-b60c-3594eb7ea60f,false,,,1,44447724-0d2c-4601-b0c6-e53714d03f63,false,,false,,,,1,
5f7a547c-b857-4bcd-8cdb-3d28e3c9391a,44447724-0d2c-4601-b0c6-e53714d03f63,18,6,2026-03-30T14:56:17.668945+00:00,7716349a-8bb0-46c6-b60c-3594eb7ea60f,false,,,1,44447724-0d2c-4601-b0c6-e53714d03f63,false,,false,,,,1,
8091f126-8bce-4e98-90ec-57b17c30eeb8,bd565cdc-2b20-4ee1-8358-1c3f10ec8acf,2,5,2026-03-30T14:57:31.875058+00:00,7716349a-8bb0-46c6-b60c-3594eb7ea60f,false,,,1,bd565cdc-2b20-4ee1-8358-1c3f10ec8acf,false,,false,,,,1,
3be2d761-5bce-49f1-b2c2-2edd1d76182f,bd565cdc-2b20-4ee1-8358-1c3f10ec8acf,3,6,2026-03-30T14:57:31.875058+00:00,7716349a-8bb0-46c6-b60c-3594eb7ea60f,false,,,1,bd565cdc-2b20-4ee1-8358-1c3f10ec8acf,false,,false,,,,1,
581c1780-7c7c-4381-a2a1-acfc5eab4142,bd565cdc-2b20-4ee1-8358-1c3f10ec8acf,4,3,2026-03-30T14:57:31.875058+00:00,7716349a-8bb0-46c6-b60c-3594eb7ea60f,false,,,1,bd565cdc-2b20-4ee1-8358-1c3f10ec8acf,false,,false,,,,1,
76afeb25-22e9-4af0-ae89-2c02396ef382,bd565cdc-2b20-4ee1-8358-1c3f10ec8acf,5,4,2026-03-30T14:57:31.875058+00:00,7716349a-8bb0-46c6-b60c-3594eb7ea60f,false,,,1,bd565cdc-2b20-4ee1-8358-1c3f10ec8acf,false,,false,,,,1,
138bf072-cc77-417f-9b8f-61b4c3f0eb29,bd565cdc-2b20-4ee1-8358-1c3f10ec8acf,6,3,2026-03-30T14:57:31.875058+00:00,7716349a-8bb0-46c6-b60c-3594eb7ea60f,false,,,1,bd565cdc-2b20-4ee1-8358-1c3f10ec8acf,false,,false,,,,1,
4934a522-04d2-45a6-8003-a138b8f0a895,bd565cdc-2b20-4ee1-8358-1c3f10ec8acf,7,6,2026-03-30T14:57:31.875058+00:00,7716349a-8bb0-46c6-b60c-3594eb7ea60f,false,,,1,bd565cdc-2b20-4ee1-8358-1c3f10ec8acf,false,,false,,,,1,
3e973642-98a3-42f6-89ef-cadff8811918,bd565cdc-2b20-4ee1-8358-1c3f10ec8acf,8,6,2026-03-30T14:57:31.875058+00:00,7716349a-8bb0-46c6-b60c-3594eb7ea60f,false,,,1,bd565cdc-2b20-4ee1-8358-1c3f10ec8acf,false,,false,,,,1,
b79b8874-b9b9-4ba1-b81c-6121d9838384,bd565cdc-2b20-4ee1-8358-1c3f10ec8acf,9,7,2026-03-30T14:57:31.875058+00:00,7716349a-8bb0-46c6-b60c-3594eb7ea60f,false,,,1,bd565cdc-2b20-4ee1-8358-1c3f10ec8acf,false,,false,,,,1,
8cc98cac-589d-45e9-96c6-71c3fed07961,bd565cdc-2b20-4ee1-8358-1c3f10ec8acf,10,5,2026-03-30T14:57:31.875058+00:00,7716349a-8bb0-46c6-b60c-3594eb7ea60f,false,,,1,bd565cdc-2b20-4ee1-8358-1c3f10ec8acf,false,,false,,,,1,
a2f3f341-c03c-419d-80ef-9a5410c95e35,bd565cdc-2b20-4ee1-8358-1c3f10ec8acf,11,4,2026-03-30T14:57:31.875058+00:00,7716349a-8bb0-46c6-b60c-3594eb7ea60f,false,,,1,bd565cdc-2b20-4ee1-8358-1c3f10ec8acf,false,,false,,,,1,
0a01cdbb-737d-4a8a-afba-2281b8c3e037,bd565cdc-2b20-4ee1-8358-1c3f10ec8acf,12,4,2026-03-30T14:57:31.875058+00:00,7716349a-8bb0-46c6-b60c-3594eb7ea60f,false,,,1,bd565cdc-2b20-4ee1-8358-1c3f10ec8acf,false,,false,,,,1,
1de1efba-2d8d-4992-8032-8f071e853674,bd565cdc-2b20-4ee1-8358-1c3f10ec8acf,13,4,2026-03-30T14:57:31.875058+00:00,7716349a-8bb0-46c6-b60c-3594eb7ea60f,false,,,1,bd565cdc-2b20-4ee1-8358-1c3f10ec8acf,false,,false,,,,1,
7476fedb-1971-4707-a820-77a5ae1ab915,bd565cdc-2b20-4ee1-8358-1c3f10ec8acf,14,6,2026-03-30T14:57:31.875058+00:00,7716349a-8bb0-46c6-b60c-3594eb7ea60f,false,,,1,bd565cdc-2b20-4ee1-8358-1c3f10ec8acf,false,,false,,,,1,
31290c2b-6801-4d70-aa8a-55938dd4a7c3,bd565cdc-2b20-4ee1-8358-1c3f10ec8acf,15,4,2026-03-30T14:57:31.875058+00:00,7716349a-8bb0-46c6-b60c-3594eb7ea60f,false,,,1,bd565cdc-2b20-4ee1-8358-1c3f10ec8acf,false,,false,,,,1,
a853bc78-f0b6-446a-8ef8-9c0386fe3f98,bd565cdc-2b20-4ee1-8358-1c3f10ec8acf,16,6,2026-03-30T14:57:31.875058+00:00,7716349a-8bb0-46c6-b60c-3594eb7ea60f,false,,,1,bd565cdc-2b20-4ee1-8358-1c3f10ec8acf,false,,false,,,,1,
e2d8f96b-cbc6-473c-b940-565066ea569d,bd565cdc-2b20-4ee1-8358-1c3f10ec8acf,17,7,2026-03-30T14:57:31.875058+00:00,7716349a-8bb0-46c6-b60c-3594eb7ea60f,false,,,1,bd565cdc-2b20-4ee1-8358-1c3f10ec8acf,false,,false,,,,1,
47145cbb-8cac-4a0c-9325-d156e020a580,bd565cdc-2b20-4ee1-8358-1c3f10ec8acf,18,3,2026-03-30T14:57:31.875058+00:00,7716349a-8bb0-46c6-b60c-3594eb7ea60f,false,,,1,bd565cdc-2b20-4ee1-8358-1c3f10ec8acf,false,,false,,,,1,
f2418414-1602-47ec-8917-55824a5abaaf,fdd25cd4-90fe-4002-b08b-95ff807080ba,5,3,2026-03-30T15:02:30.241205+00:00,7716349a-8bb0-46c6-b60c-3594eb7ea60f,false,,,1,fdd25cd4-90fe-4002-b08b-95ff807080ba,false,,false,,,,1,fdd25cd4-90fe-4002-b08b-95ff807080ba
add54956-7601-4441-8957-085d17cee005,fdd25cd4-90fe-4002-b08b-95ff807080ba,6,4,2026-03-30T15:02:30.241205+00:00,7716349a-8bb0-46c6-b60c-3594eb7ea60f,false,,,1,fdd25cd4-90fe-4002-b08b-95ff807080ba,false,,false,,,,1,
19d7cb30-4318-4ec4-a999-602d90da4393,fdd25cd4-90fe-4002-b08b-95ff807080ba,7,4,2026-03-30T15:02:30.241205+00:00,7716349a-8bb0-46c6-b60c-3594eb7ea60f,false,,,1,fdd25cd4-90fe-4002-b08b-95ff807080ba,false,,false,,,,1,
e29a1d27-8c96-4380-808f-4fd0ec162aea,fdd25cd4-90fe-4002-b08b-95ff807080ba,8,6,2026-03-30T15:02:30.241205+00:00,7716349a-8bb0-46c6-b60c-3594eb7ea60f,false,,,1,fdd25cd4-90fe-4002-b08b-95ff807080ba,false,,false,,,,1,
c62ccb7d-6332-4fb8-8f7c-f7a4dd59410d,fdd25cd4-90fe-4002-b08b-95ff807080ba,9,7,2026-03-30T15:02:30.241205+00:00,7716349a-8bb0-46c6-b60c-3594eb7ea60f,false,,,1,fdd25cd4-90fe-4002-b08b-95ff807080ba,false,,false,,,,1,
13d86bcb-28b0-4eb3-a052-e159a6763470,fdd25cd4-90fe-4002-b08b-95ff807080ba,10,6,2026-03-30T15:02:30.241205+00:00,7716349a-8bb0-46c6-b60c-3594eb7ea60f,false,,,1,fdd25cd4-90fe-4002-b08b-95ff807080ba,false,,false,,,,1,
40bfb60d-7c84-49ec-b867-e2377e301e69,fdd25cd4-90fe-4002-b08b-95ff807080ba,11,3,2026-03-30T15:02:30.241205+00:00,7716349a-8bb0-46c6-b60c-3594eb7ea60f,false,,,1,fdd25cd4-90fe-4002-b08b-95ff807080ba,false,,false,,,,1,
d9e2484e-8337-4265-878a-b8c705bfd10c,fdd25cd4-90fe-4002-b08b-95ff807080ba,12,6,2026-03-30T15:02:30.241205+00:00,7716349a-8bb0-46c6-b60c-3594eb7ea60f,false,,,1,fdd25cd4-90fe-4002-b08b-95ff807080ba,false,,false,,,,1,
f9d7f37a-e6c8-47b8-a85b-fdd9147c8e0a,fdd25cd4-90fe-4002-b08b-95ff807080ba,13,4,2026-03-30T15:02:30.241205+00:00,7716349a-8bb0-46c6-b60c-3594eb7ea60f,false,,,1,fdd25cd4-90fe-4002-b08b-95ff807080ba,false,,false,,,,1,
b681beb3-ea5c-4d7c-9c9e-b3e58b32add5,fdd25cd4-90fe-4002-b08b-95ff807080ba,14,5,2026-03-30T15:02:30.241205+00:00,7716349a-8bb0-46c6-b60c-3594eb7ea60f,false,,,1,fdd25cd4-90fe-4002-b08b-95ff807080ba,false,,false,,,,1,
99851478-792d-42b8-9677-60fbe9ee5356,fdd25cd4-90fe-4002-b08b-95ff807080ba,15,3,2026-03-30T15:02:30.241205+00:00,7716349a-8bb0-46c6-b60c-3594eb7ea60f,false,,,1,fdd25cd4-90fe-4002-b08b-95ff807080ba,false,,false,,,,1,
b60a13e1-91a5-4c89-8d10-2ba367d41829,fdd25cd4-90fe-4002-b08b-95ff807080ba,16,3,2026-03-30T15:02:30.241205+00:00,7716349a-8bb0-46c6-b60c-3594eb7ea60f,false,,,1,fdd25cd4-90fe-4002-b08b-95ff807080ba,false,,false,,,,1,
8f218c7b-a4e6-46db-b462-aafd0a04ba25,fdd25cd4-90fe-4002-b08b-95ff807080ba,17,5,2026-03-30T15:02:30.241205+00:00,7716349a-8bb0-46c6-b60c-3594eb7ea60f,false,,,1,fdd25cd4-90fe-4002-b08b-95ff807080ba,false,,false,,,,1,
716b830d-7b0a-4384-baa4-4304e1861c11,fdd25cd4-90fe-4002-b08b-95ff807080ba,18,4,2026-03-30T15:02:30.241205+00:00,7716349a-8bb0-46c6-b60c-3594eb7ea60f,false,,,1,fdd25cd4-90fe-4002-b08b-95ff807080ba,false,,false,,,,1,
512360f4-71cd-4909-a150-f7d6d4f4e73e,c9c44f56-2b25-4444-be7a-60dcb33140b2,9,6,2026-03-30T15:10:55.278222+00:00,7716349a-8bb0-46c6-b60c-3594eb7ea60f,false,,,1,c9c44f56-2b25-4444-be7a-60dcb33140b2,false,,false,,,,1,
2d9383d4-ecd0-478e-92d2-dadfa933aec7,c9c44f56-2b25-4444-be7a-60dcb33140b2,10,4,2026-03-30T15:10:55.278222+00:00,7716349a-8bb0-46c6-b60c-3594eb7ea60f,false,,,1,c9c44f56-2b25-4444-be7a-60dcb33140b2,false,,false,,,,1,
e4c7d9be-f702-4056-822f-5b899340a1d3,c9c44f56-2b25-4444-be7a-60dcb33140b2,11,3,2026-03-30T15:10:55.278222+00:00,7716349a-8bb0-46c6-b60c-3594eb7ea60f,false,,,1,c9c44f56-2b25-4444-be7a-60dcb33140b2,false,,false,,,,1,
9e38125c-019f-4d76-82a9-c5977a71078d,c9c44f56-2b25-4444-be7a-60dcb33140b2,12,5,2026-03-30T15:10:55.278222+00:00,7716349a-8bb0-46c6-b60c-3594eb7ea60f,false,,,1,c9c44f56-2b25-4444-be7a-60dcb33140b2,false,,false,,,,1,
9199648e-b3c7-4982-9e0f-4e5253ca0ffa,c9c44f56-2b25-4444-be7a-60dcb33140b2,13,5,2026-03-30T15:10:55.278222+00:00,7716349a-8bb0-46c6-b60c-3594eb7ea60f,false,,,1,c9c44f56-2b25-4444-be7a-60dcb33140b2,false,,false,,,,1,
81995829-48b3-4d65-b29b-c881c0fc3eab,c9c44f56-2b25-4444-be7a-60dcb33140b2,14,6,2026-03-30T15:10:55.278222+00:00,7716349a-8bb0-46c6-b60c-3594eb7ea60f,false,,,1,c9c44f56-2b25-4444-be7a-60dcb33140b2,false,,false,,,,1,
cdcfbe07-1baf-4b36-a534-af24e8d0d7ce,c9c44f56-2b25-4444-be7a-60dcb33140b2,15,4,2026-03-30T15:10:55.278222+00:00,7716349a-8bb0-46c6-b60c-3594eb7ea60f,false,,,1,c9c44f56-2b25-4444-be7a-60dcb33140b2,false,,false,,,,1,
599af654-7de1-4126-8880-cd8105f10a88,c9c44f56-2b25-4444-be7a-60dcb33140b2,16,5,2026-03-30T15:10:55.278222+00:00,7716349a-8bb0-46c6-b60c-3594eb7ea60f,false,,,1,c9c44f56-2b25-4444-be7a-60dcb33140b2,false,,false,,,,1,
00d3c335-8566-4acf-a301-769772f3dfaa,c9c44f56-2b25-4444-be7a-60dcb33140b2,17,5,2026-03-30T15:10:55.278222+00:00,7716349a-8bb0-46c6-b60c-3594eb7ea60f,false,,,1,c9c44f56-2b25-4444-be7a-60dcb33140b2,false,,false,,,,1,
fd94f9fe-a55b-48fc-acb1-89befa0ac027,,1,6,2026-03-31T11:05:43.236+00:00,7716349a-8bb0-46c6-b60c-3594eb7ea60f,false,,,1,07cfbc31-606f-4838-ba17-578e0720215d,false,,false,,,,2,07cfbc31-606f-4838-ba17-578e0720215d
a7954ecf-bfe1-4fb1-aa6d-221e855ea18c,,1,6,2026-03-31T11:06:56.451719+00:00,7716349a-8bb0-46c6-b60c-3594eb7ea60f,false,,,1,117030b2-c7c3-4bab-ac1d-2b3b81b2b9d1,false,,false,,,,2,117030b2-c7c3-4bab-ac1d-2b3b81b2b9d1
79079e15-305d-4b82-9a83-66e6c35a0db9,,2,5,2026-03-31T11:06:56.451719+00:00,7716349a-8bb0-46c6-b60c-3594eb7ea60f,false,,,1,117030b2-c7c3-4bab-ac1d-2b3b81b2b9d1,false,,false,,,,2,117030b2-c7c3-4bab-ac1d-2b3b81b2b9d1
8301a409-30d0-4412-b918-305630915463,,3,4,2026-03-31T11:06:56.451719+00:00,7716349a-8bb0-46c6-b60c-3594eb7ea60f,false,,,1,117030b2-c7c3-4bab-ac1d-2b3b81b2b9d1,false,,false,,,,2,117030b2-c7c3-4bab-ac1d-2b3b81b2b9d1
be5571d8-852f-433a-8bc0-37edc6c4c910,,4,4,2026-03-31T11:06:56.451719+00:00,7716349a-8bb0-46c6-b60c-3594eb7ea60f,false,,,1,117030b2-c7c3-4bab-ac1d-2b3b81b2b9d1,false,,false,,,,2,117030b2-c7c3-4bab-ac1d-2b3b81b2b9d1
8faa2f37-4d52-413b-bc1d-020492014945,,5,5,2026-03-31T11:06:56.451719+00:00,7716349a-8bb0-46c6-b60c-3594eb7ea60f,false,,,1,117030b2-c7c3-4bab-ac1d-2b3b81b2b9d1,false,,false,,,,2,117030b2-c7c3-4bab-ac1d-2b3b81b2b9d1
bf58e1e6-6bc4-4a5d-81c7-4d149fb3f01d,,6,5,2026-03-31T11:06:56.451719+00:00,7716349a-8bb0-46c6-b60c-3594eb7ea60f,false,,,1,117030b2-c7c3-4bab-ac1d-2b3b81b2b9d1,false,,false,,,,2,117030b2-c7c3-4bab-ac1d-2b3b81b2b9d1
a5eea093-4f8e-4e6a-97bf-995f7974d82e,,7,3,2026-03-31T11:06:56.451719+00:00,7716349a-8bb0-46c6-b60c-3594eb7ea60f,false,,,1,117030b2-c7c3-4bab-ac1d-2b3b81b2b9d1,false,,false,,,,2,117030b2-c7c3-4bab-ac1d-2b3b81b2b9d1
29273e7a-1e29-4570-9c42-2b76430989ed,,8,4,2026-03-31T11:06:56.451719+00:00,7716349a-8bb0-46c6-b60c-3594eb7ea60f,false,,,1,117030b2-c7c3-4bab-ac1d-2b3b81b2b9d1,false,,false,,,,2,117030b2-c7c3-4bab-ac1d-2b3b81b2b9d1
916eefb5-a4dc-4328-a187-7d20453b133a,,9,6,2026-03-31T11:06:56.451719+00:00,7716349a-8bb0-46c6-b60c-3594eb7ea60f,false,,,1,117030b2-c7c3-4bab-ac1d-2b3b81b2b9d1,false,,false,,,,2,117030b2-c7c3-4bab-ac1d-2b3b81b2b9d1
6e522622-1964-4c89-abb4-be415c5bf677,,1,5,2026-03-31T11:07:29.652586+00:00,7716349a-8bb0-46c6-b60c-3594eb7ea60f,false,,,1,19b44c8b-f73c-464f-a197-236cf91f225b,false,,false,,,,2,19b44c8b-f73c-464f-a197-236cf91f225b
801a8c3b-8fff-44b5-a071-16d65e6db73e,,2,3,2026-03-31T11:07:29.652586+00:00,7716349a-8bb0-46c6-b60c-3594eb7ea60f,false,,,1,19b44c8b-f73c-464f-a197-236cf91f225b,false,,false,,,,2,19b44c8b-f73c-464f-a197-236cf91f225b
6f7cf547-4c52-4592-8da7-7252c3336e3f,,3,5,2026-03-31T11:07:29.652586+00:00,7716349a-8bb0-46c6-b60c-3594eb7ea60f,false,,,1,19b44c8b-f73c-464f-a197-236cf91f225b,false,,false,,,,2,19b44c8b-f73c-464f-a197-236cf91f225b
f16ed3b6-610d-43de-8e23-328dbb540ae8,,4,4,2026-03-31T11:07:29.652586+00:00,7716349a-8bb0-46c6-b60c-3594eb7ea60f,false,,,1,19b44c8b-f73c-464f-a197-236cf91f225b,false,,false,,,,2,19b44c8b-f73c-464f-a197-236cf91f225b
0a23b4cd-20f9-46df-96ee-763b8ede78a5,,5,4,2026-03-31T11:07:29.652586+00:00,7716349a-8bb0-46c6-b60c-3594eb7ea60f,false,,,1,19b44c8b-f73c-464f-a197-236cf91f225b,false,,false,,,,2,19b44c8b-f73c-464f-a197-236cf91f225b
91dde701-6096-4b36-bbfe-ef4f02ec5f64,,6,4,2026-03-31T11:07:29.652586+00:00,7716349a-8bb0-46c6-b60c-3594eb7ea60f,false,,,1,19b44c8b-f73c-464f-a197-236cf91f225b,false,,false,,,,2,19b44c8b-f73c-464f-a197-236cf91f225b
f9d27b96-341b-43ea-903b-0d0be6821a21,,7,4,2026-03-31T11:07:29.652586+00:00,7716349a-8bb0-46c6-b60c-3594eb7ea60f,false,,,1,19b44c8b-f73c-464f-a197-236cf91f225b,false,,false,,,,2,19b44c8b-f73c-464f-a197-236cf91f225b
b4dee5e2-5e83-4bb4-baa8-228ec9018b79,,8,6,2026-03-31T11:07:29.652586+00:00,7716349a-8bb0-46c6-b60c-3594eb7ea60f,false,,,1,19b44c8b-f73c-464f-a197-236cf91f225b,false,,false,,,,2,19b44c8b-f73c-464f-a197-236cf91f225b
540520c6-6311-4050-838a-00d5ebb2c5e6,,9,4,2026-03-31T11:07:29.652586+00:00,7716349a-8bb0-46c6-b60c-3594eb7ea60f,false,,,1,19b44c8b-f73c-464f-a197-236cf91f225b,false,,false,,,,2,19b44c8b-f73c-464f-a197-236cf91f225b
bfeac263-a82e-4913-8616-3b5ebdd78d55,,1,5,2026-03-31T11:07:59.634125+00:00,7716349a-8bb0-46c6-b60c-3594eb7ea60f,false,,,1,7c4671ff-76ee-4a70-b912-6aa7354774ee,false,,false,,,,2,7c4671ff-76ee-4a70-b912-6aa7354774ee
07849044-11e5-42aa-ba61-0fcd68c95686,,2,3,2026-03-31T11:07:59.634125+00:00,7716349a-8bb0-46c6-b60c-3594eb7ea60f,false,,,1,7c4671ff-76ee-4a70-b912-6aa7354774ee,false,,false,,,,2,7c4671ff-76ee-4a70-b912-6aa7354774ee
ea5c3987-fc01-478d-853a-7691748416a6,,3,3,2026-03-31T11:07:59.634125+00:00,7716349a-8bb0-46c6-b60c-3594eb7ea60f,false,,,1,7c4671ff-76ee-4a70-b912-6aa7354774ee,false,,false,,,,2,7c4671ff-76ee-4a70-b912-6aa7354774ee
05ea0cd9-9da4-4e02-8504-e419cf621be3,,4,4,2026-03-31T11:07:59.634125+00:00,7716349a-8bb0-46c6-b60c-3594eb7ea60f,false,,,1,7c4671ff-76ee-4a70-b912-6aa7354774ee,false,,false,,,,2,7c4671ff-76ee-4a70-b912-6aa7354774ee
e671bd3b-4b6b-48f1-9c72-3ea32a9daee1,,5,6,2026-03-31T11:07:59.634125+00:00,7716349a-8bb0-46c6-b60c-3594eb7ea60f,false,,,1,7c4671ff-76ee-4a70-b912-6aa7354774ee,false,,false,,,,2,7c4671ff-76ee-4a70-b912-6aa7354774ee
4438eeb9-b3d8-42f1-8a07-1804d46dbbac,,6,5,2026-03-31T11:07:59.634125+00:00,7716349a-8bb0-46c6-b60c-3594eb7ea60f,false,,,1,7c4671ff-76ee-4a70-b912-6aa7354774ee,false,,false,,,,2,7c4671ff-76ee-4a70-b912-6aa7354774ee
e3c8c51d-5e3f-40b6-a253-33cb7a1f815e,,7,3,2026-03-31T11:07:59.634125+00:00,7716349a-8bb0-46c6-b60c-3594eb7ea60f,false,,,1,7c4671ff-76ee-4a70-b912-6aa7354774ee,false,,false,,,,2,7c4671ff-76ee-4a70-b912-6aa7354774ee
80e7747c-b2ee-48f7-8e86-1247081e68c0,,8,5,2026-03-31T11:07:59.634125+00:00,7716349a-8bb0-46c6-b60c-3594eb7ea60f,false,,,1,7c4671ff-76ee-4a70-b912-6aa7354774ee,false,,false,,,,2,7c4671ff-76ee-4a70-b912-6aa7354774ee
b2f23559-ab6f-41c9-90a4-b4354d613946,,1,4,2026-03-31T11:05:08.153512+00:00,7716349a-8bb0-46c6-b60c-3594eb7ea60f,false,,,1,47b6392b-6476-4a2b-897e-2347b126ab86,false,,false,,,,2,47b6392b-6476-4a2b-897e-2347b126ab86
aec28d8e-1178-4d42-9978-5f45895f1d15,,2,4,2026-03-31T11:05:08.153512+00:00,7716349a-8bb0-46c6-b60c-3594eb7ea60f,false,,,1,47b6392b-6476-4a2b-897e-2347b126ab86,false,,false,,,,2,47b6392b-6476-4a2b-897e-2347b126ab86
fef0904f-50b3-47ad-924a-9722772db900,,3,4,2026-03-31T11:05:08.153512+00:00,7716349a-8bb0-46c6-b60c-3594eb7ea60f,false,,,1,47b6392b-6476-4a2b-897e-2347b126ab86,false,,false,,,,2,47b6392b-6476-4a2b-897e-2347b126ab86
ab0685bf-7c69-49e4-8173-59181d8ad15d,,4,4,2026-03-31T11:05:08.153512+00:00,7716349a-8bb0-46c6-b60c-3594eb7ea60f,false,,,1,47b6392b-6476-4a2b-897e-2347b126ab86,false,,false,,,,2,47b6392b-6476-4a2b-897e-2347b126ab86
a0c94d1d-6662-400a-9dec-7e878388450a,,5,4,2026-03-31T11:05:08.153512+00:00,7716349a-8bb0-46c6-b60c-3594eb7ea60f,false,,,1,47b6392b-6476-4a2b-897e-2347b126ab86,false,,false,,,,2,47b6392b-6476-4a2b-897e-2347b126ab86
3af1575c-7f40-4273-b322-2f3bdcaf5fab,,6,4,2026-03-31T11:05:08.153512+00:00,7716349a-8bb0-46c6-b60c-3594eb7ea60f,false,,,1,47b6392b-6476-4a2b-897e-2347b126ab86,false,,false,,,,2,47b6392b-6476-4a2b-897e-2347b126ab86
aaa51c7d-572c-4491-ace0-caff7ba0c69a,,7,3,2026-03-31T11:05:08.153512+00:00,7716349a-8bb0-46c6-b60c-3594eb7ea60f,false,,,1,47b6392b-6476-4a2b-897e-2347b126ab86,false,,false,,,,2,47b6392b-6476-4a2b-897e-2347b126ab86
7c775ccd-6fb0-4828-a13f-33f3ad78f09e,,8,5,2026-03-31T11:05:08.153512+00:00,7716349a-8bb0-46c6-b60c-3594eb7ea60f,false,,,1,47b6392b-6476-4a2b-897e-2347b126ab86,false,,false,,,,2,47b6392b-6476-4a2b-897e-2347b126ab86
d8b0eac0-d66a-4477-b24a-6b26ce86b55d,,9,5,2026-03-31T11:05:08.153512+00:00,7716349a-8bb0-46c6-b60c-3594eb7ea60f,false,,,1,47b6392b-6476-4a2b-897e-2347b126ab86,false,,false,,,,2,47b6392b-6476-4a2b-897e-2347b126ab86
3d957aea-fd11-44fc-89da-d7c5e315265f,,2,4,2026-03-31T11:05:43.236+00:00,7716349a-8bb0-46c6-b60c-3594eb7ea60f,false,,,1,07cfbc31-606f-4838-ba17-578e0720215d,false,,false,,,,2,07cfbc31-606f-4838-ba17-578e0720215d
b70e9516-8996-4138-9f9e-850faa1abae9,,3,4,2026-03-31T11:05:43.236+00:00,7716349a-8bb0-46c6-b60c-3594eb7ea60f,false,,,1,07cfbc31-606f-4838-ba17-578e0720215d,false,,false,,,,2,07cfbc31-606f-4838-ba17-578e0720215d
acfc5921-0e2e-4b73-9b45-3db251b7629f,,4,5,2026-03-31T11:05:43.236+00:00,7716349a-8bb0-46c6-b60c-3594eb7ea60f,false,,,1,07cfbc31-606f-4838-ba17-578e0720215d,false,,false,,,,2,07cfbc31-606f-4838-ba17-578e0720215d
5774cdd4-835f-451e-bcaa-a16c7bf8d639,,5,3,2026-03-31T11:05:43.236+00:00,7716349a-8bb0-46c6-b60c-3594eb7ea60f,false,,,1,07cfbc31-606f-4838-ba17-578e0720215d,false,,false,,,,2,07cfbc31-606f-4838-ba17-578e0720215d
58b8db79-cb1d-4d92-b001-d1547e06f60d,,6,4,2026-03-31T11:05:43.236+00:00,7716349a-8bb0-46c6-b60c-3594eb7ea60f,false,,,1,07cfbc31-606f-4838-ba17-578e0720215d,false,,false,,,,2,07cfbc31-606f-4838-ba17-578e0720215d
83ad9fbe-8415-4027-ac08-db01189d9311,,7,3,2026-03-31T11:05:43.236+00:00,7716349a-8bb0-46c6-b60c-3594eb7ea60f,false,,,1,07cfbc31-606f-4838-ba17-578e0720215d,false,,false,,,,2,07cfbc31-606f-4838-ba17-578e0720215d
99dd8d8f-f1f7-445d-8af3-6e35864ee89d,,8,4,2026-03-31T11:05:43.236+00:00,7716349a-8bb0-46c6-b60c-3594eb7ea60f,false,,,1,07cfbc31-606f-4838-ba17-578e0720215d,false,,false,,,,2,07cfbc31-606f-4838-ba17-578e0720215d
e72bcda5-a022-4d44-a7d3-ad834bbc20a7,,9,5,2026-03-31T11:05:43.236+00:00,7716349a-8bb0-46c6-b60c-3594eb7ea60f,false,,,1,07cfbc31-606f-4838-ba17-578e0720215d,false,,false,,,,2,07cfbc31-606f-4838-ba17-578e0720215d
ceb0649e-bc31-4f2e-97be-4ad699999aed,,1,5,2026-03-31T11:06:26.16483+00:00,7716349a-8bb0-46c6-b60c-3594eb7ea60f,false,,,1,b0f8374f-c18d-481e-852b-dfa6aa011ac8,false,,false,,,,2,b0f8374f-c18d-481e-852b-dfa6aa011ac8
d4b62676-3c9b-419c-80f2-54452b91384c,,2,3,2026-03-31T11:06:26.16483+00:00,7716349a-8bb0-46c6-b60c-3594eb7ea60f,false,,,1,b0f8374f-c18d-481e-852b-dfa6aa011ac8,false,,false,,,,2,b0f8374f-c18d-481e-852b-dfa6aa011ac8
f01e3632-1ba5-4386-bf0a-672b628e0b3e,,3,4,2026-03-31T11:06:26.16483+00:00,7716349a-8bb0-46c6-b60c-3594eb7ea60f,false,,,1,b0f8374f-c18d-481e-852b-dfa6aa011ac8,false,,false,,,,2,b0f8374f-c18d-481e-852b-dfa6aa011ac8
900cd663-e449-487f-81c3-d24c9c8de67d,,4,3,2026-03-31T11:06:26.16483+00:00,7716349a-8bb0-46c6-b60c-3594eb7ea60f,false,,,1,b0f8374f-c18d-481e-852b-dfa6aa011ac8,false,,false,,,,2,b0f8374f-c18d-481e-852b-dfa6aa011ac8
c2bf43df-9948-48c0-a3a8-961add94cb97,,5,4,2026-03-31T11:06:26.16483+00:00,7716349a-8bb0-46c6-b60c-3594eb7ea60f,false,,,1,b0f8374f-c18d-481e-852b-dfa6aa011ac8,false,,false,,,,2,b0f8374f-c18d-481e-852b-dfa6aa011ac8
97539f14-2d82-4518-be51-8c7dd33d3d40,,6,4,2026-03-31T11:06:26.16483+00:00,7716349a-8bb0-46c6-b60c-3594eb7ea60f,false,,,1,b0f8374f-c18d-481e-852b-dfa6aa011ac8,false,,false,,,,2,b0f8374f-c18d-481e-852b-dfa6aa011ac8
4efea61e-a503-4a83-b45b-22a25aa4e563,,7,3,2026-03-31T11:06:26.16483+00:00,7716349a-8bb0-46c6-b60c-3594eb7ea60f,false,,,1,b0f8374f-c18d-481e-852b-dfa6aa011ac8,false,,false,,,,2,b0f8374f-c18d-481e-852b-dfa6aa011ac8
31529dd8-8486-4325-a6d6-e9a6ac772a3d,,8,4,2026-03-31T11:06:26.16483+00:00,7716349a-8bb0-46c6-b60c-3594eb7ea60f,false,,,1,b0f8374f-c18d-481e-852b-dfa6aa011ac8,false,,false,,,,2,b0f8374f-c18d-481e-852b-dfa6aa011ac8
370c3e38-b93a-4676-9167-ae45ba0eb054,,9,7,2026-03-31T11:06:26.16483+00:00,7716349a-8bb0-46c6-b60c-3594eb7ea60f,false,,,1,b0f8374f-c18d-481e-852b-dfa6aa011ac8,false,,false,,,,2,b0f8374f-c18d-481e-852b-dfa6aa011ac8
6a443681-7f87-47d0-8cce-0bbf3f6f3ed6,,9,4,2026-03-31T11:07:59.634125+00:00,7716349a-8bb0-46c6-b60c-3594eb7ea60f,false,,,1,7c4671ff-76ee-4a70-b912-6aa7354774ee,false,,false,,,,2,7c4671ff-76ee-4a70-b912-6aa7354774ee
4d871084-93a9-467e-af3c-e24d92b77a33,,1,6,2026-03-31T11:08:54.890044+00:00,7716349a-8bb0-46c6-b60c-3594eb7ea60f,false,,,1,c3364e8d-93bc-472c-a6ff-b4f68265a4d5,false,,false,,,,2,c3364e8d-93bc-472c-a6ff-b4f68265a4d5
bfbb43ca-e81c-4d7a-8c75-1b369e062c27,,2,5,2026-03-31T11:08:54.890044+00:00,7716349a-8bb0-46c6-b60c-3594eb7ea60f,false,,,1,c3364e8d-93bc-472c-a6ff-b4f68265a4d5,false,,false,,,,2,c3364e8d-93bc-472c-a6ff-b4f68265a4d5
1c73931e-9efe-4a1e-a217-feccf0431ebb,,3,4,2026-03-31T11:08:54.890044+00:00,7716349a-8bb0-46c6-b60c-3594eb7ea60f,false,,,1,c3364e8d-93bc-472c-a6ff-b4f68265a4d5,false,,false,,,,2,c3364e8d-93bc-472c-a6ff-b4f68265a4d5
660e4698-5df7-4c1e-83f4-e7bd63a15130,,4,4,2026-03-31T11:08:54.890044+00:00,7716349a-8bb0-46c6-b60c-3594eb7ea60f,false,,,1,c3364e8d-93bc-472c-a6ff-b4f68265a4d5,false,,false,,,,2,c3364e8d-93bc-472c-a6ff-b4f68265a4d5
94d12db5-c4f4-40f1-b5ee-444aa9790c60,,5,3,2026-03-31T11:08:54.890044+00:00,7716349a-8bb0-46c6-b60c-3594eb7ea60f,false,,,1,c3364e8d-93bc-472c-a6ff-b4f68265a4d5,false,,false,,,,2,c3364e8d-93bc-472c-a6ff-b4f68265a4d5
ee730194-af76-4d91-b5c2-e0bb4485c215,,6,4,2026-03-31T11:08:54.890044+00:00,7716349a-8bb0-46c6-b60c-3594eb7ea60f,false,,,1,c3364e8d-93bc-472c-a6ff-b4f68265a4d5,false,,false,,,,2,c3364e8d-93bc-472c-a6ff-b4f68265a4d5
bd1dc65a-32cb-4bb8-972d-6a243824042c,,7,3,2026-03-31T11:08:54.890044+00:00,7716349a-8bb0-46c6-b60c-3594eb7ea60f,false,,,1,c3364e8d-93bc-472c-a6ff-b4f68265a4d5,false,,false,,,,2,c3364e8d-93bc-472c-a6ff-b4f68265a4d5
7d80923f-8d45-436d-9be7-7b7bbe79e3d0,,8,5,2026-03-31T11:08:54.890044+00:00,7716349a-8bb0-46c6-b60c-3594eb7ea60f,false,,,1,c3364e8d-93bc-472c-a6ff-b4f68265a4d5,false,,false,,,,2,c3364e8d-93bc-472c-a6ff-b4f68265a4d5
d46c9eb6-525d-4486-be97-1117c69f645d,,9,5,2026-03-31T11:08:54.890044+00:00,7716349a-8bb0-46c6-b60c-3594eb7ea60f,false,,,1,c3364e8d-93bc-472c-a6ff-b4f68265a4d5,false,,false,,,,2,c3364e8d-93bc-472c-a6ff-b4f68265a4d5
62be6e43-631f-420c-9068-fad45876e98c,,1,5,2026-03-31T11:09:24.977163+00:00,7716349a-8bb0-46c6-b60c-3594eb7ea60f,false,,,1,5d110f0c-2f85-4f21-bfea-d8a96880f0f4,false,,false,,,,2,5d110f0c-2f85-4f21-bfea-d8a96880f0f4
aee2b9ce-7753-4324-83be-cf9c9fe90dbc,,2,7,2026-03-31T11:09:24.977163+00:00,7716349a-8bb0-46c6-b60c-3594eb7ea60f,false,,,1,5d110f0c-2f85-4f21-bfea-d8a96880f0f4,false,,false,,,,2,5d110f0c-2f85-4f21-bfea-d8a96880f0f4
5f78f80a-e315-467a-9fe8-ed1c67182da8,,3,5,2026-03-31T11:09:24.977163+00:00,7716349a-8bb0-46c6-b60c-3594eb7ea60f,false,,,1,5d110f0c-2f85-4f21-bfea-d8a96880f0f4,false,,false,,,,2,5d110f0c-2f85-4f21-bfea-d8a96880f0f4
5bc28667-5b3a-43e6-be7d-0501f6402549,,4,3,2026-03-31T11:09:24.977163+00:00,7716349a-8bb0-46c6-b60c-3594eb7ea60f,false,,,1,5d110f0c-2f85-4f21-bfea-d8a96880f0f4,false,,false,,,,2,5d110f0c-2f85-4f21-bfea-d8a96880f0f4
c5e664f9-0864-4a76-9e17-efa81dbff4c6,,5,4,2026-03-31T11:09:24.977163+00:00,7716349a-8bb0-46c6-b60c-3594eb7ea60f,false,,,1,5d110f0c-2f85-4f21-bfea-d8a96880f0f4,false,,false,,,,2,5d110f0c-2f85-4f21-bfea-d8a96880f0f4
f9d4c6ae-840b-4d3c-8e08-d3bf1c1e8542,,6,6,2026-03-31T11:09:24.977163+00:00,7716349a-8bb0-46c6-b60c-3594eb7ea60f,false,,,1,5d110f0c-2f85-4f21-bfea-d8a96880f0f4,false,,false,,,,2,5d110f0c-2f85-4f21-bfea-d8a96880f0f4
d19e5668-81a0-4482-b5b9-835e0c9c1eea,,7,5,2026-03-31T11:09:24.977163+00:00,7716349a-8bb0-46c6-b60c-3594eb7ea60f,false,,,1,5d110f0c-2f85-4f21-bfea-d8a96880f0f4,false,,false,,,,2,5d110f0c-2f85-4f21-bfea-d8a96880f0f4
cafb08a5-a1fd-4984-8466-50d3849a9619,,8,5,2026-03-31T11:09:24.977163+00:00,7716349a-8bb0-46c6-b60c-3594eb7ea60f,false,,,1,5d110f0c-2f85-4f21-bfea-d8a96880f0f4,false,,false,,,,2,5d110f0c-2f85-4f21-bfea-d8a96880f0f4
f08aeeda-a9c9-4e03-9526-15b48b62463f,,9,6,2026-03-31T11:09:24.977163+00:00,7716349a-8bb0-46c6-b60c-3594eb7ea60f,false,,,1,5d110f0c-2f85-4f21-bfea-d8a96880f0f4,false,,false,,,,2,5d110f0c-2f85-4f21-bfea-d8a96880f0f4
196d9609-669a-4750-be98-5fc3177d4aa2,,1,6,2026-09-25T12:02:13.918477+00:00,d4a92ae2-6ecd-4043-8b5a-82414c597036,false,,,1,7db2cb2f-f9ed-41d0-bbd8-502f7a9a2ff3,false,,false,,,,1,7db2cb2f-f9ed-41d0-bbd8-502f7a9a2ff3
ced6aa58-17e5-4bbb-92dc-77cd6b20dd04,,2,6,2026-09-25T12:02:13.918477+00:00,d4a92ae2-6ecd-4043-8b5a-82414c597036,false,,,1,7db2cb2f-f9ed-41d0-bbd8-502f7a9a2ff3,false,,false,,,,1,7db2cb2f-f9ed-41d0-bbd8-502f7a9a2ff3
238fcc47-cf9c-4a0d-921a-292ba702313a,,3,3,2026-09-25T12:02:13.918477+00:00,d4a92ae2-6ecd-4043-8b5a-82414c597036,false,,,1,7db2cb2f-f9ed-41d0-bbd8-502f7a9a2ff3,false,,false,,,,1,7db2cb2f-f9ed-41d0-bbd8-502f7a9a2ff3
f73d36cb-319d-465a-9745-a35624f96c7c,,4,7,2026-09-25T12:02:13.918477+00:00,d4a92ae2-6ecd-4043-8b5a-82414c597036,false,,,1,7db2cb2f-f9ed-41d0-bbd8-502f7a9a2ff3,false,,false,,,,1,7db2cb2f-f9ed-41d0-bbd8-502f7a9a2ff3
98399656-403d-4d10-b387-1b852574c16b,,5,5,2026-09-25T12:02:13.918477+00:00,d4a92ae2-6ecd-4043-8b5a-82414c597036,false,,,1,7db2cb2f-f9ed-41d0-bbd8-502f7a9a2ff3,false,,false,,,,1,7db2cb2f-f9ed-41d0-bbd8-502f7a9a2ff3
4dc6eeb2-7610-4220-a8de-58d08550295c,,6,5,2026-09-25T12:02:13.918477+00:00,d4a92ae2-6ecd-4043-8b5a-82414c597036,false,,,1,7db2cb2f-f9ed-41d0-bbd8-502f7a9a2ff3,false,,false,,,,1,7db2cb2f-f9ed-41d0-bbd8-502f7a9a2ff3
400cad11-ea41-4666-9170-850146d943bd,,7,7,2026-09-25T12:02:13.918477+00:00,d4a92ae2-6ecd-4043-8b5a-82414c597036,false,,,1,7db2cb2f-f9ed-41d0-bbd8-502f7a9a2ff3,false,,false,,,,1,7db2cb2f-f9ed-41d0-bbd8-502f7a9a2ff3
adaaefe0-b845-4e57-8522-b3601d2d5b43,,8,8,2026-09-25T12:02:13.918477+00:00,d4a92ae2-6ecd-4043-8b5a-82414c597036,false,,,1,7db2cb2f-f9ed-41d0-bbd8-502f7a9a2ff3,false,,false,,,,1,7db2cb2f-f9ed-41d0-bbd8-502f7a9a2ff3
84f95eff-bc49-4bc6-87f0-507c6c605f89,,9,7,2026-09-25T12:02:13.918477+00:00,d4a92ae2-6ecd-4043-8b5a-82414c597036,false,,,1,7db2cb2f-f9ed-41d0-bbd8-502f7a9a2ff3,false,,false,,,,1,7db2cb2f-f9ed-41d0-bbd8-502f7a9a2ff3
ad3aff82-5415-4b4d-9027-5d8dcefd5c98,,1,6,2026-09-25T12:02:52.910447+00:00,d4a92ae2-6ecd-4043-8b5a-82414c597036,false,,,1,2c5f4c05-03c1-4d64-960d-4e7b3c33c949,false,,false,,,,1,2c5f4c05-03c1-4d64-960d-4e7b3c33c949
8e501e8e-054e-4822-a848-54e77d2c0e5b,,2,5,2026-09-25T12:02:52.910447+00:00,d4a92ae2-6ecd-4043-8b5a-82414c597036,false,,,1,2c5f4c05-03c1-4d64-960d-4e7b3c33c949,false,,false,,,,1,2c5f4c05-03c1-4d64-960d-4e7b3c33c949
7b8c383e-2136-4e15-a520-e0d00db7f8f8,,3,4,2026-09-25T12:02:52.910447+00:00,d4a92ae2-6ecd-4043-8b5a-82414c597036,false,,,1,2c5f4c05-03c1-4d64-960d-4e7b3c33c949,false,,false,,,,1,2c5f4c05-03c1-4d64-960d-4e7b3c33c949
497f45d9-2452-40f8-ad37-d3249408174d,,4,4,2026-09-25T12:02:52.910447+00:00,d4a92ae2-6ecd-4043-8b5a-82414c597036,false,,,1,2c5f4c05-03c1-4d64-960d-4e7b3c33c949,false,,false,,,,1,2c5f4c05-03c1-4d64-960d-4e7b3c33c949
0b179fa2-27e8-4838-9c38-f459857eaff4,,5,4,2026-09-25T12:02:52.910447+00:00,d4a92ae2-6ecd-4043-8b5a-82414c597036,false,,,1,2c5f4c05-03c1-4d64-960d-4e7b3c33c949,false,,false,,,,1,2c5f4c05-03c1-4d64-960d-4e7b3c33c949
df64f98a-e317-4ae3-a22f-ce2021086164,,6,5,2026-09-25T12:02:52.910447+00:00,d4a92ae2-6ecd-4043-8b5a-82414c597036,false,,,1,2c5f4c05-03c1-4d64-960d-4e7b3c33c949,false,,false,,,,1,2c5f4c05-03c1-4d64-960d-4e7b3c33c949
4d427548-5d94-48f1-9985-d3b9b7b6c1f7,,7,5,2026-09-25T12:02:52.910447+00:00,d4a92ae2-6ecd-4043-8b5a-82414c597036,false,,,1,2c5f4c05-03c1-4d64-960d-4e7b3c33c949,false,,false,,,,1,2c5f4c05-03c1-4d64-960d-4e7b3c33c949
ee887ac1-50c5-4d08-97bd-93edef8aae52,,8,6,2026-09-25T12:02:52.910447+00:00,d4a92ae2-6ecd-4043-8b5a-82414c597036,false,,,1,2c5f4c05-03c1-4d64-960d-4e7b3c33c949,false,,false,,,,1,2c5f4c05-03c1-4d64-960d-4e7b3c33c949
bfa50ee4-46ce-4e15-92e1-6406f1e4ab96,,9,4,2026-09-25T12:02:52.910447+00:00,d4a92ae2-6ecd-4043-8b5a-82414c597036,false,,,1,2c5f4c05-03c1-4d64-960d-4e7b3c33c949,false,,false,,,,1,2c5f4c05-03c1-4d64-960d-4e7b3c33c949
11dab53e-5e92-499e-af75-61c225ecde17,,1,6,2026-09-25T13:23:58.377015+00:00,d4a92ae2-6ecd-4043-8b5a-82414c597036,false,,,1,6c31fd00-3f0e-406d-8145-ddca8aad7a11,false,,false,,,,1,6c31fd00-3f0e-406d-8145-ddca8aad7a11
5b9d7d7b-6675-463d-b119-35807a14ce7d,,1,11,2026-09-25T12:03:56.553367+00:00,d4a92ae2-6ecd-4043-8b5a-82414c597036,false,,,1,b64c96a6-6bd0-461d-9f68-f49865e53db5,false,,false,,,,1,b64c96a6-6bd0-461d-9f68-f49865e53db5
8446ac1d-db45-4c01-9a78-288c727270db,,2,12,2026-09-25T12:03:56.553367+00:00,d4a92ae2-6ecd-4043-8b5a-82414c597036,false,,,1,b64c96a6-6bd0-461d-9f68-f49865e53db5,false,,false,,,,1,b64c96a6-6bd0-461d-9f68-f49865e53db5
6fcc27c0-51b7-4190-ab45-e7ff5e9d7f2d,,3,3,2026-09-25T12:03:56.553367+00:00,d4a92ae2-6ecd-4043-8b5a-82414c597036,false,,,1,b64c96a6-6bd0-461d-9f68-f49865e53db5,false,,false,,,,1,b64c96a6-6bd0-461d-9f68-f49865e53db5
0c09ba82-1686-4d99-afae-21f19650e333,,4,5,2026-09-25T12:03:56.553367+00:00,d4a92ae2-6ecd-4043-8b5a-82414c597036,false,,,1,b64c96a6-6bd0-461d-9f68-f49865e53db5,false,,false,,,,1,b64c96a6-6bd0-461d-9f68-f49865e53db5
05e806c2-5722-4c7b-b006-395cae5ef3df,,5,5,2026-09-25T12:03:56.553367+00:00,d4a92ae2-6ecd-4043-8b5a-82414c597036,false,,,1,b64c96a6-6bd0-461d-9f68-f49865e53db5,false,,false,,,,1,b64c96a6-6bd0-461d-9f68-f49865e53db5
db97e254-10a6-4f49-afef-6a6800b7863b,,6,5,2026-09-25T12:03:56.553367+00:00,d4a92ae2-6ecd-4043-8b5a-82414c597036,false,,,1,b64c96a6-6bd0-461d-9f68-f49865e53db5,false,,false,,,,1,b64c96a6-6bd0-461d-9f68-f49865e53db5
c85b7020-255c-4a02-a872-b88fce01db1e,,7,5,2026-09-25T12:03:56.553367+00:00,d4a92ae2-6ecd-4043-8b5a-82414c597036,false,,,1,b64c96a6-6bd0-461d-9f68-f49865e53db5,false,,false,,,,1,b64c96a6-6bd0-461d-9f68-f49865e53db5
33e18a33-5b73-4057-ae0b-d7cd44f9224b,,8,4,2026-09-25T12:03:56.553367+00:00,d4a92ae2-6ecd-4043-8b5a-82414c597036,false,,,1,b64c96a6-6bd0-461d-9f68-f49865e53db5,false,,false,,,,1,b64c96a6-6bd0-461d-9f68-f49865e53db5
a24fc338-bb2e-493e-a142-a7ede8d86bb2,,9,6,2026-09-25T12:03:56.553367+00:00,d4a92ae2-6ecd-4043-8b5a-82414c597036,false,,,1,b64c96a6-6bd0-461d-9f68-f49865e53db5,false,,false,,,,1,b64c96a6-6bd0-461d-9f68-f49865e53db5
659af997-dec0-4609-9748-11d7800c2a73,,1,9,2026-09-25T12:05:19.734537+00:00,d4a92ae2-6ecd-4043-8b5a-82414c597036,false,,,1,f42128ff-96ff-4c07-8ad5-c344d9767135,false,,false,,,,1,f42128ff-96ff-4c07-8ad5-c344d9767135
7453fdd4-c273-4274-a759-4527d5902220,,2,6,2026-09-25T12:05:19.734537+00:00,d4a92ae2-6ecd-4043-8b5a-82414c597036,false,,,1,f42128ff-96ff-4c07-8ad5-c344d9767135,false,,false,,,,1,f42128ff-96ff-4c07-8ad5-c344d9767135
4d6b5db2-d1fc-41e0-9304-2750f6059b25,,3,4,2026-09-25T12:05:19.734537+00:00,d4a92ae2-6ecd-4043-8b5a-82414c597036,false,,,1,f42128ff-96ff-4c07-8ad5-c344d9767135,false,,false,,,,1,f42128ff-96ff-4c07-8ad5-c344d9767135
14064acf-0611-46a8-be83-9725a2fad623,,4,5,2026-09-25T12:05:19.734537+00:00,d4a92ae2-6ecd-4043-8b5a-82414c597036,false,,,1,f42128ff-96ff-4c07-8ad5-c344d9767135,false,,false,,,,1,f42128ff-96ff-4c07-8ad5-c344d9767135
182b9cad-8401-4528-850a-9e46ae4013f6,,5,4,2026-09-25T12:05:19.734537+00:00,d4a92ae2-6ecd-4043-8b5a-82414c597036,false,,,1,f42128ff-96ff-4c07-8ad5-c344d9767135,false,,false,,,,1,f42128ff-96ff-4c07-8ad5-c344d9767135
5b30c218-a9e0-489b-86d9-6783f3689a46,,6,7,2026-09-25T12:05:19.734537+00:00,d4a92ae2-6ecd-4043-8b5a-82414c597036,false,,,1,f42128ff-96ff-4c07-8ad5-c344d9767135,false,,false,,,,1,f42128ff-96ff-4c07-8ad5-c344d9767135
dbeb3c01-11d6-428c-bd3c-e30978dd7977,,7,5,2026-09-25T12:05:19.734537+00:00,d4a92ae2-6ecd-4043-8b5a-82414c597036,false,,,1,f42128ff-96ff-4c07-8ad5-c344d9767135,false,,false,,,,1,f42128ff-96ff-4c07-8ad5-c344d9767135
76d395b1-e230-4afe-84eb-9996a0a9f05c,,8,6,2026-09-25T12:05:19.734537+00:00,d4a92ae2-6ecd-4043-8b5a-82414c597036,false,,,1,f42128ff-96ff-4c07-8ad5-c344d9767135,false,,false,,,,1,f42128ff-96ff-4c07-8ad5-c344d9767135
e8eb6d09-ce96-4bd1-b6a1-42838b2fe5b6,,9,5,2026-09-25T12:05:19.734537+00:00,d4a92ae2-6ecd-4043-8b5a-82414c597036,false,,,1,f42128ff-96ff-4c07-8ad5-c344d9767135,false,,false,,,,1,f42128ff-96ff-4c07-8ad5-c344d9767135
a683f1b8-a287-4c79-a81b-f2023941133b,,1,12,2026-09-25T12:11:47.780498+00:00,d4a92ae2-6ecd-4043-8b5a-82414c597036,false,,,1,50dd6e49-1e4a-41ab-82ca-6d15050216b3,false,,false,,,,1,50dd6e49-1e4a-41ab-82ca-6d15050216b3
7ad328fb-1b0a-4adf-9424-9d3e8bf70406,,2,6,2026-09-25T12:11:47.780498+00:00,d4a92ae2-6ecd-4043-8b5a-82414c597036,false,,,1,50dd6e49-1e4a-41ab-82ca-6d15050216b3,false,,false,,,,1,50dd6e49-1e4a-41ab-82ca-6d15050216b3
4d7b78f7-fe80-4531-ae3f-2192528566ed,,3,5,2026-09-25T12:11:47.780498+00:00,d4a92ae2-6ecd-4043-8b5a-82414c597036,false,,,1,50dd6e49-1e4a-41ab-82ca-6d15050216b3,false,,false,,,,1,50dd6e49-1e4a-41ab-82ca-6d15050216b3
82ed8fc1-be4d-4eaa-ab6b-8fd3697e34fc,,4,5,2026-09-25T12:11:47.780498+00:00,d4a92ae2-6ecd-4043-8b5a-82414c597036,false,,,1,50dd6e49-1e4a-41ab-82ca-6d15050216b3,false,,false,,,,1,50dd6e49-1e4a-41ab-82ca-6d15050216b3
fd2ae790-0acb-4cda-ade7-bf70a4b56cd8,,5,6,2026-09-25T12:11:47.780498+00:00,d4a92ae2-6ecd-4043-8b5a-82414c597036,false,,,1,50dd6e49-1e4a-41ab-82ca-6d15050216b3,false,,false,,,,1,50dd6e49-1e4a-41ab-82ca-6d15050216b3
3bad68f7-915f-4be4-9314-e07bca96b789,,6,8,2026-09-25T12:11:47.780498+00:00,d4a92ae2-6ecd-4043-8b5a-82414c597036,false,,,1,50dd6e49-1e4a-41ab-82ca-6d15050216b3,false,,false,,,,1,50dd6e49-1e4a-41ab-82ca-6d15050216b3
90b6ebbb-ed6f-4bcf-8ab0-afc760e0f810,,7,7,2026-09-25T12:11:47.780498+00:00,d4a92ae2-6ecd-4043-8b5a-82414c597036,false,,,1,50dd6e49-1e4a-41ab-82ca-6d15050216b3,false,,false,,,,1,50dd6e49-1e4a-41ab-82ca-6d15050216b3
1c968054-be70-4feb-967e-e93a1b060d40,,8,6,2026-09-25T12:11:47.780498+00:00,d4a92ae2-6ecd-4043-8b5a-82414c597036,false,,,1,50dd6e49-1e4a-41ab-82ca-6d15050216b3,false,,false,,,,1,50dd6e49-1e4a-41ab-82ca-6d15050216b3
0e756404-d42d-4b1c-ac61-e2a54e554599,,9,6,2026-09-25T12:11:47.780498+00:00,d4a92ae2-6ecd-4043-8b5a-82414c597036,false,,,1,50dd6e49-1e4a-41ab-82ca-6d15050216b3,false,,false,,,,1,50dd6e49-1e4a-41ab-82ca-6d15050216b3
8efc1972-5ca0-41f7-8624-a75a6727f796,,1,7,2026-09-25T12:13:17.702979+00:00,d4a92ae2-6ecd-4043-8b5a-82414c597036,false,,,1,60d9add6-17ee-430f-a974-1bc5cfa95c84,false,,false,,,,1,60d9add6-17ee-430f-a974-1bc5cfa95c84
58c2bff1-8ae7-4b81-8d00-1b70646e4884,,2,5,2026-09-25T12:13:17.702979+00:00,d4a92ae2-6ecd-4043-8b5a-82414c597036,false,,,1,60d9add6-17ee-430f-a974-1bc5cfa95c84,false,,false,,,,1,60d9add6-17ee-430f-a974-1bc5cfa95c84
444ebfe8-72f9-4eeb-aa72-a07791621513,,3,6,2026-09-25T12:13:17.702979+00:00,d4a92ae2-6ecd-4043-8b5a-82414c597036,false,,,1,60d9add6-17ee-430f-a974-1bc5cfa95c84,false,,false,,,,1,60d9add6-17ee-430f-a974-1bc5cfa95c84
889cd099-4df8-4983-a035-89834bf21afa,,4,5,2026-09-25T12:13:17.702979+00:00,d4a92ae2-6ecd-4043-8b5a-82414c597036,false,,,1,60d9add6-17ee-430f-a974-1bc5cfa95c84,false,,false,,,,1,60d9add6-17ee-430f-a974-1bc5cfa95c84
6bb754dc-d7eb-42eb-b19b-32625988acd7,,5,3,2026-09-25T12:13:17.702979+00:00,d4a92ae2-6ecd-4043-8b5a-82414c597036,false,,,1,60d9add6-17ee-430f-a974-1bc5cfa95c84,false,,false,,,,1,60d9add6-17ee-430f-a974-1bc5cfa95c84
0d56b263-2cd9-42c1-b647-fb675b22e4fd,,6,7,2026-09-25T12:13:17.702979+00:00,d4a92ae2-6ecd-4043-8b5a-82414c597036,false,,,1,60d9add6-17ee-430f-a974-1bc5cfa95c84,false,,false,,,,1,60d9add6-17ee-430f-a974-1bc5cfa95c84
231a36bc-278a-427b-bb56-f5d80323cadf,,7,3,2026-09-25T12:13:17.702979+00:00,d4a92ae2-6ecd-4043-8b5a-82414c597036,false,,,1,60d9add6-17ee-430f-a974-1bc5cfa95c84,false,,false,,,,1,60d9add6-17ee-430f-a974-1bc5cfa95c84
58adda22-a9bf-445c-b153-d9448d4900e9,,8,6,2026-09-25T12:13:17.702979+00:00,d4a92ae2-6ecd-4043-8b5a-82414c597036,false,,,1,60d9add6-17ee-430f-a974-1bc5cfa95c84,false,,false,,,,1,60d9add6-17ee-430f-a974-1bc5cfa95c84
975f69e3-5c4a-4398-9967-5ec40c9ed598,,9,5,2026-09-25T12:13:17.702979+00:00,d4a92ae2-6ecd-4043-8b5a-82414c597036,false,,,1,60d9add6-17ee-430f-a974-1bc5cfa95c84,false,,false,,,,1,60d9add6-17ee-430f-a974-1bc5cfa95c84
feed7dfc-84fd-4aae-9e8c-c121a6ba6b57,,1,8,2026-09-25T12:13:43.131927+00:00,d4a92ae2-6ecd-4043-8b5a-82414c597036,false,,,1,36381ba5-02d8-474e-a058-58b719674b9a,false,,false,,,,1,36381ba5-02d8-474e-a058-58b719674b9a
40eac186-0723-49ec-982f-d12a5a745874,,2,4,2026-09-25T12:13:43.131927+00:00,d4a92ae2-6ecd-4043-8b5a-82414c597036,false,,,1,36381ba5-02d8-474e-a058-58b719674b9a,false,,false,,,,1,36381ba5-02d8-474e-a058-58b719674b9a
5cd42ade-d14f-44bb-87e9-80f0c8bc222f,,3,3,2026-09-25T12:13:43.131927+00:00,d4a92ae2-6ecd-4043-8b5a-82414c597036,false,,,1,36381ba5-02d8-474e-a058-58b719674b9a,false,,false,,,,1,36381ba5-02d8-474e-a058-58b719674b9a
91e48b7a-4a67-4e69-a431-05031e2d1fd6,,4,4,2026-09-25T12:13:43.131927+00:00,d4a92ae2-6ecd-4043-8b5a-82414c597036,false,,,1,36381ba5-02d8-474e-a058-58b719674b9a,false,,false,,,,1,36381ba5-02d8-474e-a058-58b719674b9a
18290712-bf17-4157-af56-73d036aa51a0,,5,4,2026-09-25T12:13:43.131927+00:00,d4a92ae2-6ecd-4043-8b5a-82414c597036,false,,,1,36381ba5-02d8-474e-a058-58b719674b9a,false,,false,,,,1,36381ba5-02d8-474e-a058-58b719674b9a
39e3a235-99c2-44c9-a245-3e20a805c1ec,,6,7,2026-09-25T12:13:43.131927+00:00,d4a92ae2-6ecd-4043-8b5a-82414c597036,false,,,1,36381ba5-02d8-474e-a058-58b719674b9a,false,,false,,,,1,36381ba5-02d8-474e-a058-58b719674b9a
67750430-da3e-4942-bf27-07f338b49195,,7,7,2026-09-25T12:13:43.131927+00:00,d4a92ae2-6ecd-4043-8b5a-82414c597036,false,,,1,36381ba5-02d8-474e-a058-58b719674b9a,false,,false,,,,1,36381ba5-02d8-474e-a058-58b719674b9a
b3c1f76f-c32e-41c9-b182-594c1fd2db0b,,8,6,2026-09-25T12:13:43.131927+00:00,d4a92ae2-6ecd-4043-8b5a-82414c597036,false,,,1,36381ba5-02d8-474e-a058-58b719674b9a,false,,false,,,,1,36381ba5-02d8-474e-a058-58b719674b9a
1f33b9df-b4e7-4469-a69b-2626603eec64,,9,6,2026-09-25T12:13:43.131927+00:00,d4a92ae2-6ecd-4043-8b5a-82414c597036,false,,,1,36381ba5-02d8-474e-a058-58b719674b9a,false,,false,,,,1,36381ba5-02d8-474e-a058-58b719674b9a
46844e2d-7515-4aa1-b1c0-89a45720101d,,1,5,2026-09-25T13:04:24.751715+00:00,d4a92ae2-6ecd-4043-8b5a-82414c597036,false,,,1,14e39112-6ce6-4eaf-9b97-097f758789f4,false,,false,,,,1,14e39112-6ce6-4eaf-9b97-097f758789f4
36fa5ad0-dd54-4b6f-9f70-ba69be78aa69,,2,7,2026-09-25T13:04:24.751715+00:00,d4a92ae2-6ecd-4043-8b5a-82414c597036,false,,,1,14e39112-6ce6-4eaf-9b97-097f758789f4,false,,false,,,,1,14e39112-6ce6-4eaf-9b97-097f758789f4
9b6b3ffd-feb6-4e52-b0fe-ee587e5af0ff,,3,4,2026-09-25T13:04:24.751715+00:00,d4a92ae2-6ecd-4043-8b5a-82414c597036,false,,,1,14e39112-6ce6-4eaf-9b97-097f758789f4,false,,false,,,,1,14e39112-6ce6-4eaf-9b97-097f758789f4
f41f29ef-36e5-40d6-b10a-d248a395fa31,,4,4,2026-09-25T13:04:24.751715+00:00,d4a92ae2-6ecd-4043-8b5a-82414c597036,false,,,1,14e39112-6ce6-4eaf-9b97-097f758789f4,false,,false,,,,1,14e39112-6ce6-4eaf-9b97-097f758789f4
3a23e1a5-dc91-41f4-995d-ebdc9dd28e8e,,5,3,2026-09-25T13:04:24.751715+00:00,d4a92ae2-6ecd-4043-8b5a-82414c597036,false,,,1,14e39112-6ce6-4eaf-9b97-097f758789f4,false,,false,,,,1,14e39112-6ce6-4eaf-9b97-097f758789f4
5718464c-4446-4c3c-947f-c54b938ba77d,,6,5,2026-09-25T13:04:24.751715+00:00,d4a92ae2-6ecd-4043-8b5a-82414c597036,false,,,1,14e39112-6ce6-4eaf-9b97-097f758789f4,false,,false,,,,1,14e39112-6ce6-4eaf-9b97-097f758789f4
d59ae8de-2ec0-456e-9bdb-c5ce559c10f2,,7,3,2026-09-25T13:04:24.751715+00:00,d4a92ae2-6ecd-4043-8b5a-82414c597036,false,,,1,14e39112-6ce6-4eaf-9b97-097f758789f4,false,,false,,,,1,14e39112-6ce6-4eaf-9b97-097f758789f4
7274d5d8-0d2b-4924-88ce-251371a81045,,8,3,2026-09-25T13:04:24.751715+00:00,d4a92ae2-6ecd-4043-8b5a-82414c597036,false,,,1,14e39112-6ce6-4eaf-9b97-097f758789f4,false,,false,,,,1,14e39112-6ce6-4eaf-9b97-097f758789f4
8d7acaa3-2b15-4d38-b0fa-9940e8515022,,9,4,2026-09-25T13:04:24.751715+00:00,d4a92ae2-6ecd-4043-8b5a-82414c597036,false,,,1,14e39112-6ce6-4eaf-9b97-097f758789f4,false,,false,,,,1,14e39112-6ce6-4eaf-9b97-097f758789f4
d00f07a3-4ee3-45b0-ac8c-c72a87900b05,,10,4,2026-09-25T13:04:24.751715+00:00,d4a92ae2-6ecd-4043-8b5a-82414c597036,false,,,1,14e39112-6ce6-4eaf-9b97-097f758789f4,false,,false,,,,1,14e39112-6ce6-4eaf-9b97-097f758789f4
9837b462-a071-471c-b548-5882a8f5af7c,,11,6,2026-09-25T13:04:24.751715+00:00,d4a92ae2-6ecd-4043-8b5a-82414c597036,false,,,1,14e39112-6ce6-4eaf-9b97-097f758789f4,false,,false,,,,1,14e39112-6ce6-4eaf-9b97-097f758789f4
5a8c5d0a-721b-4bb2-96b5-5453577a060a,,12,4,2026-09-25T13:04:24.751715+00:00,d4a92ae2-6ecd-4043-8b5a-82414c597036,false,,,1,14e39112-6ce6-4eaf-9b97-097f758789f4,false,,false,,,,1,14e39112-6ce6-4eaf-9b97-097f758789f4
4f6dab04-9a78-4b50-acee-c706cd9cf043,,13,3,2026-09-25T13:04:24.751715+00:00,d4a92ae2-6ecd-4043-8b5a-82414c597036,false,,,1,14e39112-6ce6-4eaf-9b97-097f758789f4,false,,false,,,,1,14e39112-6ce6-4eaf-9b97-097f758789f4
b03df282-f7e3-44fa-b8a9-1d34887bb34b,,14,5,2026-09-25T13:04:24.751715+00:00,d4a92ae2-6ecd-4043-8b5a-82414c597036,false,,,1,14e39112-6ce6-4eaf-9b97-097f758789f4,false,,false,,,,1,14e39112-6ce6-4eaf-9b97-097f758789f4
4ba87912-7163-43ba-a05c-78cb86bf6811,,15,4,2026-09-25T13:04:24.751715+00:00,d4a92ae2-6ecd-4043-8b5a-82414c597036,false,,,1,14e39112-6ce6-4eaf-9b97-097f758789f4,false,,false,,,,1,14e39112-6ce6-4eaf-9b97-097f758789f4
1797abe0-6db7-4bdf-8440-703bcc618c6e,,16,4,2026-09-25T13:04:24.751715+00:00,d4a92ae2-6ecd-4043-8b5a-82414c597036,false,,,1,14e39112-6ce6-4eaf-9b97-097f758789f4,false,,false,,,,1,14e39112-6ce6-4eaf-9b97-097f758789f4
ca06b220-39a9-4fde-819b-edea202d3b73,,17,3,2026-09-25T13:04:24.751715+00:00,d4a92ae2-6ecd-4043-8b5a-82414c597036,false,,,1,14e39112-6ce6-4eaf-9b97-097f758789f4,false,,false,,,,1,14e39112-6ce6-4eaf-9b97-097f758789f4
a45ec713-5f15-42ee-8021-1e5cc525121c,,18,4,2026-09-25T13:04:24.751715+00:00,d4a92ae2-6ecd-4043-8b5a-82414c597036,false,,,1,14e39112-6ce6-4eaf-9b97-097f758789f4,false,,false,,,,1,14e39112-6ce6-4eaf-9b97-097f758789f4
03581019-1a73-4d71-aeb6-a7618eba8657,,1,5,2026-09-25T13:05:43.142896+00:00,d4a92ae2-6ecd-4043-8b5a-82414c597036,false,,,1,16bbde86-be42-4588-bf60-d2798fec823b,false,,false,,,,1,16bbde86-be42-4588-bf60-d2798fec823b
5ee973a0-d8bc-44a4-8670-0cf3abb039fa,,2,4,2026-09-25T13:05:43.142896+00:00,d4a92ae2-6ecd-4043-8b5a-82414c597036,false,,,1,16bbde86-be42-4588-bf60-d2798fec823b,false,,false,,,,1,16bbde86-be42-4588-bf60-d2798fec823b
35a7dc8f-c301-4bf5-9c11-0d00de9c1a40,,3,4,2026-09-25T13:05:43.142896+00:00,d4a92ae2-6ecd-4043-8b5a-82414c597036,false,,,1,16bbde86-be42-4588-bf60-d2798fec823b,false,,false,,,,1,16bbde86-be42-4588-bf60-d2798fec823b
958bc671-7acc-4d03-8c13-115d6b5e4305,,4,3,2026-09-25T13:05:43.142896+00:00,d4a92ae2-6ecd-4043-8b5a-82414c597036,false,,,1,16bbde86-be42-4588-bf60-d2798fec823b,false,,false,,,,1,16bbde86-be42-4588-bf60-d2798fec823b
93572a4a-66ef-4d98-9ec3-018b3ed2b240,,5,4,2026-09-25T13:05:43.142896+00:00,d4a92ae2-6ecd-4043-8b5a-82414c597036,false,,,1,16bbde86-be42-4588-bf60-d2798fec823b,false,,false,,,,1,16bbde86-be42-4588-bf60-d2798fec823b
882345f4-d8d9-4d11-a0a5-81912da4e4f0,,6,4,2026-09-25T13:05:43.142896+00:00,d4a92ae2-6ecd-4043-8b5a-82414c597036,false,,,1,16bbde86-be42-4588-bf60-d2798fec823b,false,,false,,,,1,16bbde86-be42-4588-bf60-d2798fec823b
8ce2d162-3bb0-4f88-8581-72e0b5e979f7,,7,4,2026-09-25T13:05:43.142896+00:00,d4a92ae2-6ecd-4043-8b5a-82414c597036,false,,,1,16bbde86-be42-4588-bf60-d2798fec823b,false,,false,,,,1,16bbde86-be42-4588-bf60-d2798fec823b
dd614974-2d18-4c34-b4bc-5da0619ef321,,8,3,2026-09-25T13:05:43.142896+00:00,d4a92ae2-6ecd-4043-8b5a-82414c597036,false,,,1,16bbde86-be42-4588-bf60-d2798fec823b,false,,false,,,,1,16bbde86-be42-4588-bf60-d2798fec823b
b0cb41a9-d4ad-4b07-8efa-586dbcff9870,,9,5,2026-09-25T13:05:43.142896+00:00,d4a92ae2-6ecd-4043-8b5a-82414c597036,false,,,1,16bbde86-be42-4588-bf60-d2798fec823b,false,,false,,,,1,16bbde86-be42-4588-bf60-d2798fec823b
37153010-a471-4774-97dd-5008e3f86bf6,,10,4,2026-09-25T13:05:43.142896+00:00,d4a92ae2-6ecd-4043-8b5a-82414c597036,false,,,1,16bbde86-be42-4588-bf60-d2798fec823b,false,,false,,,,1,16bbde86-be42-4588-bf60-d2798fec823b
be183f13-52f3-4840-a21d-1217b85dbd57,,11,4,2026-09-25T13:05:43.142896+00:00,d4a92ae2-6ecd-4043-8b5a-82414c597036,false,,,1,16bbde86-be42-4588-bf60-d2798fec823b,false,,false,,,,1,16bbde86-be42-4588-bf60-d2798fec823b
bcc4ec5e-c807-4271-b51d-af81221d0190,,12,3,2026-09-25T13:05:43.142896+00:00,d4a92ae2-6ecd-4043-8b5a-82414c597036,false,,,1,16bbde86-be42-4588-bf60-d2798fec823b,false,,false,,,,1,16bbde86-be42-4588-bf60-d2798fec823b
c2884b7a-c519-44fc-8c4b-78bb070fafc8,,13,3,2026-09-25T13:05:43.142896+00:00,d4a92ae2-6ecd-4043-8b5a-82414c597036,false,,,1,16bbde86-be42-4588-bf60-d2798fec823b,false,,false,,,,1,16bbde86-be42-4588-bf60-d2798fec823b
474cf768-5576-4159-a1e0-dba8a0eed17c,,14,4,2026-09-25T13:05:43.142896+00:00,d4a92ae2-6ecd-4043-8b5a-82414c597036,false,,,1,16bbde86-be42-4588-bf60-d2798fec823b,false,,false,,,,1,16bbde86-be42-4588-bf60-d2798fec823b
affe6f8c-e7f9-4a03-8bd5-8e63591d5f36,,15,3,2026-09-25T13:05:43.142896+00:00,d4a92ae2-6ecd-4043-8b5a-82414c597036,false,,,1,16bbde86-be42-4588-bf60-d2798fec823b,false,,false,,,,1,16bbde86-be42-4588-bf60-d2798fec823b
42503b22-1d6c-49d1-bb01-9ee3653a44c2,,16,5,2026-09-25T13:05:43.142896+00:00,d4a92ae2-6ecd-4043-8b5a-82414c597036,false,,,1,16bbde86-be42-4588-bf60-d2798fec823b,false,,false,,,,1,16bbde86-be42-4588-bf60-d2798fec823b
5f4989ff-13c1-455a-880a-badfadd90bcf,,17,3,2026-09-25T13:05:43.142896+00:00,d4a92ae2-6ecd-4043-8b5a-82414c597036,false,,,1,16bbde86-be42-4588-bf60-d2798fec823b,false,,false,,,,1,16bbde86-be42-4588-bf60-d2798fec823b
d62155c3-8adb-417f-9eb6-7eeb6563f153,,18,5,2026-09-25T13:05:43.142896+00:00,d4a92ae2-6ecd-4043-8b5a-82414c597036,false,,,1,16bbde86-be42-4588-bf60-d2798fec823b,false,,false,,,,1,16bbde86-be42-4588-bf60-d2798fec823b
a039536e-c797-4832-b5cf-f9009576fe88,,1,5,2026-09-25T13:06:31.561457+00:00,d4a92ae2-6ecd-4043-8b5a-82414c597036,false,,,1,39ace5a0-881a-4178-aa2b-2fd274ebc40a,false,,false,,,,1,39ace5a0-881a-4178-aa2b-2fd274ebc40a
7eb3ca06-f6c0-42bb-b55b-b7bc92df27fd,,2,7,2026-09-25T13:06:31.561457+00:00,d4a92ae2-6ecd-4043-8b5a-82414c597036,false,,,1,39ace5a0-881a-4178-aa2b-2fd274ebc40a,false,,false,,,,1,39ace5a0-881a-4178-aa2b-2fd274ebc40a
87e1d7a1-a3eb-43ff-ba86-b0b0fccca99b,,3,4,2026-09-25T13:06:31.561457+00:00,d4a92ae2-6ecd-4043-8b5a-82414c597036,false,,,1,39ace5a0-881a-4178-aa2b-2fd274ebc40a,false,,false,,,,1,39ace5a0-881a-4178-aa2b-2fd274ebc40a
ea037ffa-e519-425f-897f-d256386a1b8a,,4,4,2026-09-25T13:06:31.561457+00:00,d4a92ae2-6ecd-4043-8b5a-82414c597036,false,,,1,39ace5a0-881a-4178-aa2b-2fd274ebc40a,false,,false,,,,1,39ace5a0-881a-4178-aa2b-2fd274ebc40a
cd9c11ae-9c00-4220-a94c-4fb8df609b25,,5,3,2026-09-25T13:06:31.561457+00:00,d4a92ae2-6ecd-4043-8b5a-82414c597036,false,,,1,39ace5a0-881a-4178-aa2b-2fd274ebc40a,false,,false,,,,1,39ace5a0-881a-4178-aa2b-2fd274ebc40a
cc4f4414-8afd-4f38-88dd-2bb65bd0f197,,6,5,2026-09-25T13:06:31.561457+00:00,d4a92ae2-6ecd-4043-8b5a-82414c597036,false,,,1,39ace5a0-881a-4178-aa2b-2fd274ebc40a,false,,false,,,,1,39ace5a0-881a-4178-aa2b-2fd274ebc40a
b731b771-0917-4fbb-a4fa-a55da939aa7d,,7,3,2026-09-25T13:06:31.561457+00:00,d4a92ae2-6ecd-4043-8b5a-82414c597036,false,,,1,39ace5a0-881a-4178-aa2b-2fd274ebc40a,false,,false,,,,1,39ace5a0-881a-4178-aa2b-2fd274ebc40a
424fe693-5f44-400a-b6ad-bafdff0fe216,,8,3,2026-09-25T13:06:31.561457+00:00,d4a92ae2-6ecd-4043-8b5a-82414c597036,false,,,1,39ace5a0-881a-4178-aa2b-2fd274ebc40a,false,,false,,,,1,39ace5a0-881a-4178-aa2b-2fd274ebc40a
833191b8-1810-4228-baa9-4492157b6179,,9,4,2026-09-25T13:06:31.561457+00:00,d4a92ae2-6ecd-4043-8b5a-82414c597036,false,,,1,39ace5a0-881a-4178-aa2b-2fd274ebc40a,false,,false,,,,1,39ace5a0-881a-4178-aa2b-2fd274ebc40a
0edbe9dd-2d21-45e9-9645-efd318a92a81,,10,4,2026-09-25T13:06:31.561457+00:00,d4a92ae2-6ecd-4043-8b5a-82414c597036,false,,,1,39ace5a0-881a-4178-aa2b-2fd274ebc40a,false,,false,,,,1,39ace5a0-881a-4178-aa2b-2fd274ebc40a
ce4eb59f-0e7d-46ac-b713-9e57d85a5a96,,11,6,2026-09-25T13:06:31.561457+00:00,d4a92ae2-6ecd-4043-8b5a-82414c597036,false,,,1,39ace5a0-881a-4178-aa2b-2fd274ebc40a,false,,false,,,,1,39ace5a0-881a-4178-aa2b-2fd274ebc40a
3cc26b34-d868-4278-b90d-08256f0b3f09,,12,4,2026-09-25T13:06:31.561457+00:00,d4a92ae2-6ecd-4043-8b5a-82414c597036,false,,,1,39ace5a0-881a-4178-aa2b-2fd274ebc40a,false,,false,,,,1,39ace5a0-881a-4178-aa2b-2fd274ebc40a
91e23637-d4fd-4738-96a2-713e1322086b,,13,3,2026-09-25T13:06:31.561457+00:00,d4a92ae2-6ecd-4043-8b5a-82414c597036,false,,,1,39ace5a0-881a-4178-aa2b-2fd274ebc40a,false,,false,,,,1,39ace5a0-881a-4178-aa2b-2fd274ebc40a
d798b495-4f4a-4818-bec6-983eb23ae42a,,14,5,2026-09-25T13:06:31.561457+00:00,d4a92ae2-6ecd-4043-8b5a-82414c597036,false,,,1,39ace5a0-881a-4178-aa2b-2fd274ebc40a,false,,false,,,,1,39ace5a0-881a-4178-aa2b-2fd274ebc40a
8c18ed9f-2db6-417e-87d0-463a22398df6,,15,4,2026-09-25T13:06:31.561457+00:00,d4a92ae2-6ecd-4043-8b5a-82414c597036,false,,,1,39ace5a0-881a-4178-aa2b-2fd274ebc40a,false,,false,,,,1,39ace5a0-881a-4178-aa2b-2fd274ebc40a
571e2629-c44c-41e3-8b90-dd02ac2c4b77,,16,4,2026-09-25T13:06:31.561457+00:00,d4a92ae2-6ecd-4043-8b5a-82414c597036,false,,,1,39ace5a0-881a-4178-aa2b-2fd274ebc40a,false,,false,,,,1,39ace5a0-881a-4178-aa2b-2fd274ebc40a
838d91bf-5dc9-4861-8ca8-425f74cc6eca,,17,3,2026-09-25T13:06:31.561457+00:00,d4a92ae2-6ecd-4043-8b5a-82414c597036,false,,,1,39ace5a0-881a-4178-aa2b-2fd274ebc40a,false,,false,,,,1,39ace5a0-881a-4178-aa2b-2fd274ebc40a
64493d7f-b29d-4a9b-8443-1f96e63f8af7,,18,4,2026-09-25T13:06:31.561457+00:00,d4a92ae2-6ecd-4043-8b5a-82414c597036,false,,,1,39ace5a0-881a-4178-aa2b-2fd274ebc40a,false,,false,,,,1,39ace5a0-881a-4178-aa2b-2fd274ebc40a
d9f0c494-1abe-4c01-b194-f8edbb72deb2,,1,5,2026-09-25T13:07:17.499766+00:00,d4a92ae2-6ecd-4043-8b5a-82414c597036,false,,,1,de28cd8e-9d77-4157-807a-369c938090ab,false,,false,,,,1,de28cd8e-9d77-4157-807a-369c938090ab
a10bc2d1-aae6-4a27-ad16-2746148f2ae8,,2,4,2026-09-25T13:07:17.499766+00:00,d4a92ae2-6ecd-4043-8b5a-82414c597036,false,,,1,de28cd8e-9d77-4157-807a-369c938090ab,false,,false,,,,1,de28cd8e-9d77-4157-807a-369c938090ab
f0037d54-6013-4d32-b7e5-3aa4173bea4f,,3,4,2026-09-25T13:07:17.499766+00:00,d4a92ae2-6ecd-4043-8b5a-82414c597036,false,,,1,de28cd8e-9d77-4157-807a-369c938090ab,false,,false,,,,1,de28cd8e-9d77-4157-807a-369c938090ab
d134ed66-79a4-49cc-b15c-ee7a7dce0e02,,4,5,2026-09-25T13:07:17.499766+00:00,d4a92ae2-6ecd-4043-8b5a-82414c597036,false,,,1,de28cd8e-9d77-4157-807a-369c938090ab,false,,false,,,,1,de28cd8e-9d77-4157-807a-369c938090ab
c892b5e2-1a9d-4a96-be65-e2312467a660,,5,3,2026-09-25T13:07:17.499766+00:00,d4a92ae2-6ecd-4043-8b5a-82414c597036,false,,,1,de28cd8e-9d77-4157-807a-369c938090ab,false,,false,,,,1,de28cd8e-9d77-4157-807a-369c938090ab
216a2158-819e-4f9d-9c7a-32007b5bb6b3,,6,4,2026-09-25T13:07:17.499766+00:00,d4a92ae2-6ecd-4043-8b5a-82414c597036,false,,,1,de28cd8e-9d77-4157-807a-369c938090ab,false,,false,,,,1,de28cd8e-9d77-4157-807a-369c938090ab
0785687c-3a39-4755-8df6-a6d936f75f20,,7,4,2026-09-25T13:07:17.499766+00:00,d4a92ae2-6ecd-4043-8b5a-82414c597036,false,,,1,de28cd8e-9d77-4157-807a-369c938090ab,false,,false,,,,1,de28cd8e-9d77-4157-807a-369c938090ab
24d511c0-211e-47ce-abab-12dc2d8074db,,8,4,2026-09-25T13:07:17.499766+00:00,d4a92ae2-6ecd-4043-8b5a-82414c597036,false,,,1,de28cd8e-9d77-4157-807a-369c938090ab,false,,false,,,,1,de28cd8e-9d77-4157-807a-369c938090ab
83267059-68da-4435-ad2b-610bda6ed185,,9,5,2026-09-25T13:07:17.499766+00:00,d4a92ae2-6ecd-4043-8b5a-82414c597036,false,,,1,de28cd8e-9d77-4157-807a-369c938090ab,false,,false,,,,1,de28cd8e-9d77-4157-807a-369c938090ab
25063a32-d4a8-4e32-87e5-09f15f5f843a,,10,5,2026-09-25T13:07:17.499766+00:00,d4a92ae2-6ecd-4043-8b5a-82414c597036,false,,,1,de28cd8e-9d77-4157-807a-369c938090ab,false,,false,,,,1,de28cd8e-9d77-4157-807a-369c938090ab
1506fdb3-5c9e-4827-8a15-0bb739ef976a,,11,6,2026-09-25T13:07:17.499766+00:00,d4a92ae2-6ecd-4043-8b5a-82414c597036,false,,,1,de28cd8e-9d77-4157-807a-369c938090ab,false,,false,,,,1,de28cd8e-9d77-4157-807a-369c938090ab
a55afaa6-2616-4395-a435-7b8c73bdcecc,,12,5,2026-09-25T13:07:17.499766+00:00,d4a92ae2-6ecd-4043-8b5a-82414c597036,false,,,1,de28cd8e-9d77-4157-807a-369c938090ab,false,,false,,,,1,de28cd8e-9d77-4157-807a-369c938090ab
4c9c29d3-1206-42da-93e8-a872fc3b7530,,13,3,2026-09-25T13:07:17.499766+00:00,d4a92ae2-6ecd-4043-8b5a-82414c597036,false,,,1,de28cd8e-9d77-4157-807a-369c938090ab,false,,false,,,,1,de28cd8e-9d77-4157-807a-369c938090ab
749e5cf4-2eb5-417b-84c3-c3d2ece32dfe,,14,5,2026-09-25T13:07:17.499766+00:00,d4a92ae2-6ecd-4043-8b5a-82414c597036,false,,,1,de28cd8e-9d77-4157-807a-369c938090ab,false,,false,,,,1,de28cd8e-9d77-4157-807a-369c938090ab
bd0c8784-8860-419b-9d7f-fd7ed0eb76e3,,15,4,2026-09-25T13:07:17.499766+00:00,d4a92ae2-6ecd-4043-8b5a-82414c597036,false,,,1,de28cd8e-9d77-4157-807a-369c938090ab,false,,false,,,,1,de28cd8e-9d77-4157-807a-369c938090ab
9b63ca5f-c035-4d87-9bc1-1b9d2ac2f50a,,16,4,2026-09-25T13:07:17.499766+00:00,d4a92ae2-6ecd-4043-8b5a-82414c597036,false,,,1,de28cd8e-9d77-4157-807a-369c938090ab,false,,false,,,,1,de28cd8e-9d77-4157-807a-369c938090ab
0a538272-f814-4320-8bd6-551d88caefb5,,17,3,2026-09-25T13:07:17.499766+00:00,d4a92ae2-6ecd-4043-8b5a-82414c597036,false,,,1,de28cd8e-9d77-4157-807a-369c938090ab,false,,false,,,,1,de28cd8e-9d77-4157-807a-369c938090ab
256be18c-a440-4534-8635-a4195f5e7821,,18,4,2026-09-25T13:07:17.499766+00:00,d4a92ae2-6ecd-4043-8b5a-82414c597036,false,,,1,de28cd8e-9d77-4157-807a-369c938090ab,false,,false,,,,1,de28cd8e-9d77-4157-807a-369c938090ab
a7e3fa7a-4d43-4bdf-a553-f9d76a0e3dd0,,1,4,2026-09-25T13:08:00.425+00:00,d4a92ae2-6ecd-4043-8b5a-82414c597036,false,,,1,10f1afa0-aa58-4b13-8d05-4e0b8e462e5f,false,,false,,,,1,10f1afa0-aa58-4b13-8d05-4e0b8e462e5f
5ec9033c-aba0-4f5c-9336-29c3b201a909,,2,4,2026-09-25T13:08:00.425+00:00,d4a92ae2-6ecd-4043-8b5a-82414c597036,false,,,1,10f1afa0-aa58-4b13-8d05-4e0b8e462e5f,false,,false,,,,1,10f1afa0-aa58-4b13-8d05-4e0b8e462e5f
3df1b539-67fd-4ba0-8882-a3aae68b18d3,,3,3,2026-09-25T13:08:00.425+00:00,d4a92ae2-6ecd-4043-8b5a-82414c597036,false,,,1,10f1afa0-aa58-4b13-8d05-4e0b8e462e5f,false,,false,,,,1,10f1afa0-aa58-4b13-8d05-4e0b8e462e5f
cdb9c0ae-4c84-45d7-9a82-fd9ff5b5351d,,4,4,2026-09-25T13:08:00.425+00:00,d4a92ae2-6ecd-4043-8b5a-82414c597036,false,,,1,10f1afa0-aa58-4b13-8d05-4e0b8e462e5f,false,,false,,,,1,10f1afa0-aa58-4b13-8d05-4e0b8e462e5f
52b287a9-becc-4b90-9bf4-37c5a03a72a6,,5,3,2026-09-25T13:08:00.425+00:00,d4a92ae2-6ecd-4043-8b5a-82414c597036,false,,,1,10f1afa0-aa58-4b13-8d05-4e0b8e462e5f,false,,false,,,,1,10f1afa0-aa58-4b13-8d05-4e0b8e462e5f
04091721-3de3-4067-ad77-a2c067ccbc32,,6,4,2026-09-25T13:08:00.425+00:00,d4a92ae2-6ecd-4043-8b5a-82414c597036,false,,,1,10f1afa0-aa58-4b13-8d05-4e0b8e462e5f,false,,false,,,,1,10f1afa0-aa58-4b13-8d05-4e0b8e462e5f
e2c45c22-d7e9-419b-a168-1c9b78c82219,,7,4,2026-09-25T13:08:00.425+00:00,d4a92ae2-6ecd-4043-8b5a-82414c597036,false,,,1,10f1afa0-aa58-4b13-8d05-4e0b8e462e5f,false,,false,,,,1,10f1afa0-aa58-4b13-8d05-4e0b8e462e5f
5f903c0a-7469-4983-9e8e-69e2eed187e1,,8,3,2026-09-25T13:08:00.425+00:00,d4a92ae2-6ecd-4043-8b5a-82414c597036,false,,,1,10f1afa0-aa58-4b13-8d05-4e0b8e462e5f,false,,false,,,,1,10f1afa0-aa58-4b13-8d05-4e0b8e462e5f
b6765fcd-ae37-4634-a324-3ad92e04b116,,9,4,2026-09-25T13:08:00.425+00:00,d4a92ae2-6ecd-4043-8b5a-82414c597036,false,,,1,10f1afa0-aa58-4b13-8d05-4e0b8e462e5f,false,,false,,,,1,10f1afa0-aa58-4b13-8d05-4e0b8e462e5f
9f104dbf-fe20-4987-97e6-b0eaeb332325,,10,4,2026-09-25T13:08:00.425+00:00,d4a92ae2-6ecd-4043-8b5a-82414c597036,false,,,1,10f1afa0-aa58-4b13-8d05-4e0b8e462e5f,false,,false,,,,1,10f1afa0-aa58-4b13-8d05-4e0b8e462e5f
04386647-3933-4eb5-afcb-e66f69ec8fa3,,11,4,2026-09-25T13:08:00.425+00:00,d4a92ae2-6ecd-4043-8b5a-82414c597036,false,,,1,10f1afa0-aa58-4b13-8d05-4e0b8e462e5f,false,,false,,,,1,10f1afa0-aa58-4b13-8d05-4e0b8e462e5f
5dc28fd0-cebc-4737-9fd9-4d7cba20eb10,,12,4,2026-09-25T13:08:00.425+00:00,d4a92ae2-6ecd-4043-8b5a-82414c597036,false,,,1,10f1afa0-aa58-4b13-8d05-4e0b8e462e5f,false,,false,,,,1,10f1afa0-aa58-4b13-8d05-4e0b8e462e5f
a7f08659-ce14-48cd-b868-5dc4c91cd2ac,,13,3,2026-09-25T13:08:00.425+00:00,d4a92ae2-6ecd-4043-8b5a-82414c597036,false,,,1,10f1afa0-aa58-4b13-8d05-4e0b8e462e5f,false,,false,,,,1,10f1afa0-aa58-4b13-8d05-4e0b8e462e5f
fcbf148a-23de-4ff2-be19-e0a6081fc985,,14,4,2026-09-25T13:08:00.425+00:00,d4a92ae2-6ecd-4043-8b5a-82414c597036,false,,,1,10f1afa0-aa58-4b13-8d05-4e0b8e462e5f,false,,false,,,,1,10f1afa0-aa58-4b13-8d05-4e0b8e462e5f
3c2f2bcd-08bd-46f3-97c3-01de616e0271,,15,4,2026-09-25T13:08:00.425+00:00,d4a92ae2-6ecd-4043-8b5a-82414c597036,false,,,1,10f1afa0-aa58-4b13-8d05-4e0b8e462e5f,false,,false,,,,1,10f1afa0-aa58-4b13-8d05-4e0b8e462e5f
6b27e4aa-c765-4be6-8c71-b42ef34566a9,,16,4,2026-09-25T13:08:00.425+00:00,d4a92ae2-6ecd-4043-8b5a-82414c597036,false,,,1,10f1afa0-aa58-4b13-8d05-4e0b8e462e5f,false,,false,,,,1,10f1afa0-aa58-4b13-8d05-4e0b8e462e5f
608ca4a5-ffea-43e2-be64-c5bd66883861,,17,3,2026-09-25T13:08:00.425+00:00,d4a92ae2-6ecd-4043-8b5a-82414c597036,false,,,1,10f1afa0-aa58-4b13-8d05-4e0b8e462e5f,false,,false,,,,1,10f1afa0-aa58-4b13-8d05-4e0b8e462e5f
08bafe46-1995-4ebd-b2e6-d5dc6375879f,,18,5,2026-09-25T13:08:00.425+00:00,d4a92ae2-6ecd-4043-8b5a-82414c597036,false,,,1,10f1afa0-aa58-4b13-8d05-4e0b8e462e5f,false,,false,,,,1,10f1afa0-aa58-4b13-8d05-4e0b8e462e5f
605cd0d0-c005-4c3e-9ac3-9968da6a2d6d,,1,6,2026-09-25T13:14:39.666695+00:00,d4a92ae2-6ecd-4043-8b5a-82414c597036,false,,,1,fbc1c0c4-2815-4bdb-af5b-c0a7c4ebf642,false,,false,,,,1,fbc1c0c4-2815-4bdb-af5b-c0a7c4ebf642
a7974a03-0ed5-4c36-8de5-930e2bd4e2b4,,2,4,2026-09-25T13:14:39.666695+00:00,d4a92ae2-6ecd-4043-8b5a-82414c597036,false,,,1,fbc1c0c4-2815-4bdb-af5b-c0a7c4ebf642,false,,false,,,,1,fbc1c0c4-2815-4bdb-af5b-c0a7c4ebf642
a2d0005c-c8b3-4ec7-8781-a8a35de2f46c,,3,3,2026-09-25T13:14:39.666695+00:00,d4a92ae2-6ecd-4043-8b5a-82414c597036,false,,,1,fbc1c0c4-2815-4bdb-af5b-c0a7c4ebf642,false,,false,,,,1,fbc1c0c4-2815-4bdb-af5b-c0a7c4ebf642
e2ac8a46-3fd3-4562-a485-40e6e10c3e50,,4,5,2026-09-25T13:14:39.666695+00:00,d4a92ae2-6ecd-4043-8b5a-82414c597036,false,,,1,fbc1c0c4-2815-4bdb-af5b-c0a7c4ebf642,false,,false,,,,1,fbc1c0c4-2815-4bdb-af5b-c0a7c4ebf642
468d3ff2-00b3-47b6-9220-b6539f34b2b7,,5,3,2026-09-25T13:14:39.666695+00:00,d4a92ae2-6ecd-4043-8b5a-82414c597036,false,,,1,fbc1c0c4-2815-4bdb-af5b-c0a7c4ebf642,false,,false,,,,1,fbc1c0c4-2815-4bdb-af5b-c0a7c4ebf642
3abe00ad-22dd-44bf-8420-9fb2bcbaf638,,6,5,2026-09-25T13:14:39.666695+00:00,d4a92ae2-6ecd-4043-8b5a-82414c597036,false,,,1,fbc1c0c4-2815-4bdb-af5b-c0a7c4ebf642,false,,false,,,,1,fbc1c0c4-2815-4bdb-af5b-c0a7c4ebf642
3d770fc0-ceae-407f-b153-66bf119a4179,,7,5,2026-09-25T13:14:39.666695+00:00,d4a92ae2-6ecd-4043-8b5a-82414c597036,false,,,1,fbc1c0c4-2815-4bdb-af5b-c0a7c4ebf642,false,,false,,,,1,fbc1c0c4-2815-4bdb-af5b-c0a7c4ebf642
2b35244e-a442-4e70-a27f-bef1bf47d5b9,,8,4,2026-09-25T13:14:39.666695+00:00,d4a92ae2-6ecd-4043-8b5a-82414c597036,false,,,1,fbc1c0c4-2815-4bdb-af5b-c0a7c4ebf642,false,,false,,,,1,fbc1c0c4-2815-4bdb-af5b-c0a7c4ebf642
45824237-44bf-4952-84c0-f645cd54f510,,9,5,2026-09-25T13:14:39.666695+00:00,d4a92ae2-6ecd-4043-8b5a-82414c597036,false,,,1,fbc1c0c4-2815-4bdb-af5b-c0a7c4ebf642,false,,false,,,,1,fbc1c0c4-2815-4bdb-af5b-c0a7c4ebf642
e6923f7e-95a2-46e3-9731-4acdfef38edc,,10,5,2026-09-25T13:14:39.666695+00:00,d4a92ae2-6ecd-4043-8b5a-82414c597036,false,,,1,fbc1c0c4-2815-4bdb-af5b-c0a7c4ebf642,false,,false,,,,1,fbc1c0c4-2815-4bdb-af5b-c0a7c4ebf642
4e10b651-e188-44d9-b966-e49329a1e2b2,,11,5,2026-09-25T13:14:39.666695+00:00,d4a92ae2-6ecd-4043-8b5a-82414c597036,false,,,1,fbc1c0c4-2815-4bdb-af5b-c0a7c4ebf642,false,,false,,,,1,fbc1c0c4-2815-4bdb-af5b-c0a7c4ebf642
d95c84d0-58a5-4b83-8110-e69a1489e8cc,,12,6,2026-09-25T13:14:39.666695+00:00,d4a92ae2-6ecd-4043-8b5a-82414c597036,false,,,1,fbc1c0c4-2815-4bdb-af5b-c0a7c4ebf642,false,,false,,,,1,fbc1c0c4-2815-4bdb-af5b-c0a7c4ebf642
5d4a097f-7103-42eb-8bc4-c1a50cb60357,,13,4,2026-09-25T13:14:39.666695+00:00,d4a92ae2-6ecd-4043-8b5a-82414c597036,false,,,1,fbc1c0c4-2815-4bdb-af5b-c0a7c4ebf642,false,,false,,,,1,fbc1c0c4-2815-4bdb-af5b-c0a7c4ebf642
93d5145c-5cc3-4fd8-9f6a-334e59dbbf4e,,14,4,2026-09-25T13:14:39.666695+00:00,d4a92ae2-6ecd-4043-8b5a-82414c597036,false,,,1,fbc1c0c4-2815-4bdb-af5b-c0a7c4ebf642,false,,false,,,,1,fbc1c0c4-2815-4bdb-af5b-c0a7c4ebf642
8d68a5d8-813f-4a0f-9f60-8d9f4f7971c5,,15,4,2026-09-25T13:14:39.666695+00:00,d4a92ae2-6ecd-4043-8b5a-82414c597036,false,,,1,fbc1c0c4-2815-4bdb-af5b-c0a7c4ebf642,false,,false,,,,1,fbc1c0c4-2815-4bdb-af5b-c0a7c4ebf642
b5e14ada-09c9-4d63-a851-5044363b77fa,,16,4,2026-09-25T13:14:39.666695+00:00,d4a92ae2-6ecd-4043-8b5a-82414c597036,false,,,1,fbc1c0c4-2815-4bdb-af5b-c0a7c4ebf642,false,,false,,,,1,fbc1c0c4-2815-4bdb-af5b-c0a7c4ebf642
3a8e7996-7fb2-4d39-86cc-c9191f2b1cbf,,17,2,2026-09-25T13:14:39.666695+00:00,d4a92ae2-6ecd-4043-8b5a-82414c597036,false,,,1,fbc1c0c4-2815-4bdb-af5b-c0a7c4ebf642,false,,false,,,,1,fbc1c0c4-2815-4bdb-af5b-c0a7c4ebf642
16986d3b-fff4-48d9-a76b-57006d8a6bcf,,18,5,2026-09-25T13:14:39.666695+00:00,d4a92ae2-6ecd-4043-8b5a-82414c597036,false,,,1,fbc1c0c4-2815-4bdb-af5b-c0a7c4ebf642,false,,false,,,,1,fbc1c0c4-2815-4bdb-af5b-c0a7c4ebf642
3ce25517-847c-448d-8584-ecc99db22c9a,,1,4,2026-09-25T13:15:31.107567+00:00,d4a92ae2-6ecd-4043-8b5a-82414c597036,false,,,1,84a783cc-96d7-494c-9413-5c6075d22010,false,,false,,,,1,84a783cc-96d7-494c-9413-5c6075d22010
63f1694d-9e2d-4ea0-b8b5-66bc39347dad,,2,5,2026-09-25T13:15:31.107567+00:00,d4a92ae2-6ecd-4043-8b5a-82414c597036,false,,,1,84a783cc-96d7-494c-9413-5c6075d22010,false,,false,,,,1,84a783cc-96d7-494c-9413-5c6075d22010
ff543d16-b650-49d9-877e-722c0165205c,,3,4,2026-09-25T13:15:31.107567+00:00,d4a92ae2-6ecd-4043-8b5a-82414c597036,false,,,1,84a783cc-96d7-494c-9413-5c6075d22010,false,,false,,,,1,84a783cc-96d7-494c-9413-5c6075d22010
62c6ccd8-411b-401b-9b00-a0592d32eba9,,4,4,2026-09-25T13:15:31.107567+00:00,d4a92ae2-6ecd-4043-8b5a-82414c597036,false,,,1,84a783cc-96d7-494c-9413-5c6075d22010,false,,false,,,,1,84a783cc-96d7-494c-9413-5c6075d22010
78fb6d53-22e6-46ef-9492-66b3e90de11c,,5,4,2026-09-25T13:15:31.107567+00:00,d4a92ae2-6ecd-4043-8b5a-82414c597036,false,,,1,84a783cc-96d7-494c-9413-5c6075d22010,false,,false,,,,1,84a783cc-96d7-494c-9413-5c6075d22010
bdd06ef8-e6f1-4fa8-8c63-42fd159f15bb,,6,5,2026-09-25T13:15:31.107567+00:00,d4a92ae2-6ecd-4043-8b5a-82414c597036,false,,,1,84a783cc-96d7-494c-9413-5c6075d22010,false,,false,,,,1,84a783cc-96d7-494c-9413-5c6075d22010
49ebaa13-37de-42fd-b7be-a0f8571ad05f,,7,5,2026-09-25T13:15:31.107567+00:00,d4a92ae2-6ecd-4043-8b5a-82414c597036,false,,,1,84a783cc-96d7-494c-9413-5c6075d22010,false,,false,,,,1,84a783cc-96d7-494c-9413-5c6075d22010
b35a0911-cfef-41fd-9b8e-ca6651ecbe12,,8,4,2026-09-25T13:15:31.107567+00:00,d4a92ae2-6ecd-4043-8b5a-82414c597036,false,,,1,84a783cc-96d7-494c-9413-5c6075d22010,false,,false,,,,1,84a783cc-96d7-494c-9413-5c6075d22010
0d720281-7fb5-4375-b5ca-d28e527da979,,9,4,2026-09-25T13:15:31.107567+00:00,d4a92ae2-6ecd-4043-8b5a-82414c597036,false,,,1,84a783cc-96d7-494c-9413-5c6075d22010,false,,false,,,,1,84a783cc-96d7-494c-9413-5c6075d22010
49edcb8c-ae80-463b-8fb9-79e3bc73aa74,,10,4,2026-09-25T13:15:31.107567+00:00,d4a92ae2-6ecd-4043-8b5a-82414c597036,false,,,1,84a783cc-96d7-494c-9413-5c6075d22010,false,,false,,,,1,84a783cc-96d7-494c-9413-5c6075d22010
4ac0061e-f074-4e45-be84-71d16492cd30,,11,6,2026-09-25T13:15:31.107567+00:00,d4a92ae2-6ecd-4043-8b5a-82414c597036,false,,,1,84a783cc-96d7-494c-9413-5c6075d22010,false,,false,,,,1,84a783cc-96d7-494c-9413-5c6075d22010
d2fb8a74-bedf-4353-a8a6-6b2645cdb2a9,,12,5,2026-09-25T13:15:31.107567+00:00,d4a92ae2-6ecd-4043-8b5a-82414c597036,false,,,1,84a783cc-96d7-494c-9413-5c6075d22010,false,,false,,,,1,84a783cc-96d7-494c-9413-5c6075d22010
ed93677a-fd38-4c18-b721-e0bab1adff43,,13,3,2026-09-25T13:15:31.107567+00:00,d4a92ae2-6ecd-4043-8b5a-82414c597036,false,,,1,84a783cc-96d7-494c-9413-5c6075d22010,false,,false,,,,1,84a783cc-96d7-494c-9413-5c6075d22010
e5134c5d-b9b9-45df-8df6-7f187c502aec,,14,6,2026-09-25T13:15:31.107567+00:00,d4a92ae2-6ecd-4043-8b5a-82414c597036,false,,,1,84a783cc-96d7-494c-9413-5c6075d22010,false,,false,,,,1,84a783cc-96d7-494c-9413-5c6075d22010
f9fcba77-3c91-4620-9de1-5ea6913e5cd5,,15,5,2026-09-25T13:15:31.107567+00:00,d4a92ae2-6ecd-4043-8b5a-82414c597036,false,,,1,84a783cc-96d7-494c-9413-5c6075d22010,false,,false,,,,1,84a783cc-96d7-494c-9413-5c6075d22010
6d00cf36-267e-4db2-a6c5-e39ef47811a9,,16,4,2026-09-25T13:15:31.107567+00:00,d4a92ae2-6ecd-4043-8b5a-82414c597036,false,,,1,84a783cc-96d7-494c-9413-5c6075d22010,false,,false,,,,1,84a783cc-96d7-494c-9413-5c6075d22010
bcb6e406-f5f9-4a0e-be17-e939cdc56b71,,17,2,2026-09-25T13:15:31.107567+00:00,d4a92ae2-6ecd-4043-8b5a-82414c597036,false,,,1,84a783cc-96d7-494c-9413-5c6075d22010,false,,false,,,,1,84a783cc-96d7-494c-9413-5c6075d22010
4c1cbcf6-84bb-4a5c-92c2-54bd36e3b338,,18,7,2026-09-25T13:15:31.107567+00:00,d4a92ae2-6ecd-4043-8b5a-82414c597036,false,,,1,84a783cc-96d7-494c-9413-5c6075d22010,false,,false,,,,1,84a783cc-96d7-494c-9413-5c6075d22010
c9692faf-e042-4b32-b149-b6487702223c,,1,5,2026-09-25T13:22:17.89182+00:00,d4a92ae2-6ecd-4043-8b5a-82414c597036,false,,,1,79fae2cb-e948-49a9-aa44-6bb1d4ea602b,false,,false,,,,1,79fae2cb-e948-49a9-aa44-6bb1d4ea602b
0a194792-dd84-4a41-9370-7dd0992f4e37,,2,5,2026-09-25T13:22:17.89182+00:00,d4a92ae2-6ecd-4043-8b5a-82414c597036,false,,,1,79fae2cb-e948-49a9-aa44-6bb1d4ea602b,false,,false,,,,1,79fae2cb-e948-49a9-aa44-6bb1d4ea602b
b12cfa27-c490-4cdf-b871-0f36d84d7a05,,3,2,2026-09-25T13:22:17.89182+00:00,d4a92ae2-6ecd-4043-8b5a-82414c597036,false,,,1,79fae2cb-e948-49a9-aa44-6bb1d4ea602b,false,,false,,,,1,79fae2cb-e948-49a9-aa44-6bb1d4ea602b
2f4c35b3-ff9a-4154-80ea-b55fab945362,,4,4,2026-09-25T13:22:17.89182+00:00,d4a92ae2-6ecd-4043-8b5a-82414c597036,false,,,1,79fae2cb-e948-49a9-aa44-6bb1d4ea602b,false,,false,,,,1,79fae2cb-e948-49a9-aa44-6bb1d4ea602b
b3f26033-00b9-4077-8920-107a1074a03b,,5,3,2026-09-25T13:22:17.89182+00:00,d4a92ae2-6ecd-4043-8b5a-82414c597036,false,,,1,79fae2cb-e948-49a9-aa44-6bb1d4ea602b,false,,false,,,,1,79fae2cb-e948-49a9-aa44-6bb1d4ea602b
aa8f677a-55c8-48c6-b52c-8f6a03100a7c,,6,5,2026-09-25T13:22:17.89182+00:00,d4a92ae2-6ecd-4043-8b5a-82414c597036,false,,,1,79fae2cb-e948-49a9-aa44-6bb1d4ea602b,false,,false,,,,1,79fae2cb-e948-49a9-aa44-6bb1d4ea602b
eca79844-049d-47e1-88f4-47bf4b993254,,7,4,2026-09-25T13:22:17.89182+00:00,d4a92ae2-6ecd-4043-8b5a-82414c597036,false,,,1,79fae2cb-e948-49a9-aa44-6bb1d4ea602b,false,,false,,,,1,79fae2cb-e948-49a9-aa44-6bb1d4ea602b
eea89ac7-342b-4380-914f-1793db85824a,,8,4,2026-09-25T13:22:17.89182+00:00,d4a92ae2-6ecd-4043-8b5a-82414c597036,false,,,1,79fae2cb-e948-49a9-aa44-6bb1d4ea602b,false,,false,,,,1,79fae2cb-e948-49a9-aa44-6bb1d4ea602b
4628e4d0-ef53-47cd-8fa1-1f11d6e7d7cf,,9,5,2026-09-25T13:22:17.89182+00:00,d4a92ae2-6ecd-4043-8b5a-82414c597036,false,,,1,79fae2cb-e948-49a9-aa44-6bb1d4ea602b,false,,false,,,,1,79fae2cb-e948-49a9-aa44-6bb1d4ea602b
e77a1b4c-bfae-4da5-9b39-9e8351181e3d,,10,5,2026-09-25T13:22:17.89182+00:00,d4a92ae2-6ecd-4043-8b5a-82414c597036,false,,,1,79fae2cb-e948-49a9-aa44-6bb1d4ea602b,false,,false,,,,1,79fae2cb-e948-49a9-aa44-6bb1d4ea602b
4f2579c4-6403-47e1-a35f-3c6ade395a2e,,11,6,2026-09-25T13:22:17.89182+00:00,d4a92ae2-6ecd-4043-8b5a-82414c597036,false,,,1,79fae2cb-e948-49a9-aa44-6bb1d4ea602b,false,,false,,,,1,79fae2cb-e948-49a9-aa44-6bb1d4ea602b
0d48e971-2f54-46d1-a593-969f4e6b6d53,,12,4,2026-09-25T13:22:17.89182+00:00,d4a92ae2-6ecd-4043-8b5a-82414c597036,false,,,1,79fae2cb-e948-49a9-aa44-6bb1d4ea602b,false,,false,,,,1,79fae2cb-e948-49a9-aa44-6bb1d4ea602b
148fcd46-0104-4193-8cb7-57524a2adecd,,13,4,2026-09-25T13:22:17.89182+00:00,d4a92ae2-6ecd-4043-8b5a-82414c597036,false,,,1,79fae2cb-e948-49a9-aa44-6bb1d4ea602b,false,,false,,,,1,79fae2cb-e948-49a9-aa44-6bb1d4ea602b
c1e18b03-a063-49d1-851b-891aa411c2a9,,14,5,2026-09-25T13:22:17.89182+00:00,d4a92ae2-6ecd-4043-8b5a-82414c597036,false,,,1,79fae2cb-e948-49a9-aa44-6bb1d4ea602b,false,,false,,,,1,79fae2cb-e948-49a9-aa44-6bb1d4ea602b
3ae8498e-b5de-4af3-b178-b6b13cd358d1,,15,3,2026-09-25T13:22:17.89182+00:00,d4a92ae2-6ecd-4043-8b5a-82414c597036,false,,,1,79fae2cb-e948-49a9-aa44-6bb1d4ea602b,false,,false,,,,1,79fae2cb-e948-49a9-aa44-6bb1d4ea602b
e67ceadc-5727-472f-9eed-cd462ed984f2,,16,4,2026-09-25T13:22:17.89182+00:00,d4a92ae2-6ecd-4043-8b5a-82414c597036,false,,,1,79fae2cb-e948-49a9-aa44-6bb1d4ea602b,false,,false,,,,1,79fae2cb-e948-49a9-aa44-6bb1d4ea602b
6dae580b-ac1e-4626-b84b-768518860da3,,17,3,2026-09-25T13:22:17.89182+00:00,d4a92ae2-6ecd-4043-8b5a-82414c597036,false,,,1,79fae2cb-e948-49a9-aa44-6bb1d4ea602b,false,,false,,,,1,79fae2cb-e948-49a9-aa44-6bb1d4ea602b
583c2a4a-7c12-4c3e-8a2f-243db5ddcb03,,18,4,2026-09-25T13:22:17.89182+00:00,d4a92ae2-6ecd-4043-8b5a-82414c597036,false,,,1,79fae2cb-e948-49a9-aa44-6bb1d4ea602b,false,,false,,,,1,79fae2cb-e948-49a9-aa44-6bb1d4ea602b
f78b0bf7-2b6d-4f54-900f-5715524bbcbf,,1,7,2026-09-25T13:23:15.403065+00:00,d4a92ae2-6ecd-4043-8b5a-82414c597036,false,,,1,9fab0351-ea45-4762-a3b9-4d61ef1d99b9,false,,false,,,,1,9fab0351-ea45-4762-a3b9-4d61ef1d99b9
0b6d849e-6030-4bc8-9f0b-29769f4358b7,,2,5,2026-09-25T13:23:15.403065+00:00,d4a92ae2-6ecd-4043-8b5a-82414c597036,false,,,1,9fab0351-ea45-4762-a3b9-4d61ef1d99b9,false,,false,,,,1,9fab0351-ea45-4762-a3b9-4d61ef1d99b9
72fccf07-3167-4895-a804-a61ebb56fee2,,3,4,2026-09-25T13:23:15.403065+00:00,d4a92ae2-6ecd-4043-8b5a-82414c597036,false,,,1,9fab0351-ea45-4762-a3b9-4d61ef1d99b9,false,,false,,,,1,9fab0351-ea45-4762-a3b9-4d61ef1d99b9
1549cede-e187-4945-a718-90e2a61f2d94,,4,4,2026-09-25T13:23:15.403065+00:00,d4a92ae2-6ecd-4043-8b5a-82414c597036,false,,,1,9fab0351-ea45-4762-a3b9-4d61ef1d99b9,false,,false,,,,1,9fab0351-ea45-4762-a3b9-4d61ef1d99b9
7c5a2910-aca2-4058-a532-ba6ac5583afc,,5,4,2026-09-25T13:23:15.403065+00:00,d4a92ae2-6ecd-4043-8b5a-82414c597036,false,,,1,9fab0351-ea45-4762-a3b9-4d61ef1d99b9,false,,false,,,,1,9fab0351-ea45-4762-a3b9-4d61ef1d99b9
caafee79-d1b2-4493-9f68-bc467d66e1c4,,6,6,2026-09-25T13:23:15.403065+00:00,d4a92ae2-6ecd-4043-8b5a-82414c597036,false,,,1,9fab0351-ea45-4762-a3b9-4d61ef1d99b9,false,,false,,,,1,9fab0351-ea45-4762-a3b9-4d61ef1d99b9
1d15af50-8386-4277-84af-796d65093d37,,7,5,2026-09-25T13:23:15.403065+00:00,d4a92ae2-6ecd-4043-8b5a-82414c597036,false,,,1,9fab0351-ea45-4762-a3b9-4d61ef1d99b9,false,,false,,,,1,9fab0351-ea45-4762-a3b9-4d61ef1d99b9
bc543fbf-0dee-4f86-a6de-445c81c0a278,,8,4,2026-09-25T13:23:15.403065+00:00,d4a92ae2-6ecd-4043-8b5a-82414c597036,false,,,1,9fab0351-ea45-4762-a3b9-4d61ef1d99b9,false,,false,,,,1,9fab0351-ea45-4762-a3b9-4d61ef1d99b9
0abcfb2d-b9fa-4405-93fd-cc8c44be6227,,9,6,2026-09-25T13:23:15.403065+00:00,d4a92ae2-6ecd-4043-8b5a-82414c597036,false,,,1,9fab0351-ea45-4762-a3b9-4d61ef1d99b9,false,,false,,,,1,9fab0351-ea45-4762-a3b9-4d61ef1d99b9
9750725b-e807-423e-9335-7b225781fd5c,,10,5,2026-09-25T13:23:15.403065+00:00,d4a92ae2-6ecd-4043-8b5a-82414c597036,false,,,1,9fab0351-ea45-4762-a3b9-4d61ef1d99b9,false,,false,,,,1,9fab0351-ea45-4762-a3b9-4d61ef1d99b9
bfa6817a-b540-424c-afe2-ee2e21eeabd1,,11,5,2026-09-25T13:23:15.403065+00:00,d4a92ae2-6ecd-4043-8b5a-82414c597036,false,,,1,9fab0351-ea45-4762-a3b9-4d61ef1d99b9,false,,false,,,,1,9fab0351-ea45-4762-a3b9-4d61ef1d99b9
63143860-aafc-40a1-944b-5c35be86e6f6,,12,4,2026-09-25T13:23:15.403065+00:00,d4a92ae2-6ecd-4043-8b5a-82414c597036,false,,,1,9fab0351-ea45-4762-a3b9-4d61ef1d99b9,false,,false,,,,1,9fab0351-ea45-4762-a3b9-4d61ef1d99b9
2400ebe7-bf17-4f9f-9843-17b05b24ce72,,13,4,2026-09-25T13:23:15.403065+00:00,d4a92ae2-6ecd-4043-8b5a-82414c597036,false,,,1,9fab0351-ea45-4762-a3b9-4d61ef1d99b9,false,,false,,,,1,9fab0351-ea45-4762-a3b9-4d61ef1d99b9
598e3eab-daf8-4648-9741-2bbff57bd789,,14,4,2026-09-25T13:23:15.403065+00:00,d4a92ae2-6ecd-4043-8b5a-82414c597036,false,,,1,9fab0351-ea45-4762-a3b9-4d61ef1d99b9,false,,false,,,,1,9fab0351-ea45-4762-a3b9-4d61ef1d99b9
dbb73969-8e2d-4e36-bd47-3fa0e1f7d808,,15,5,2026-09-25T13:23:15.403065+00:00,d4a92ae2-6ecd-4043-8b5a-82414c597036,false,,,1,9fab0351-ea45-4762-a3b9-4d61ef1d99b9,false,,false,,,,1,9fab0351-ea45-4762-a3b9-4d61ef1d99b9
b39c2c88-a2e6-4afb-8b92-15ff5698f284,,16,4,2026-09-25T13:23:15.403065+00:00,d4a92ae2-6ecd-4043-8b5a-82414c597036,false,,,1,9fab0351-ea45-4762-a3b9-4d61ef1d99b9,false,,false,,,,1,9fab0351-ea45-4762-a3b9-4d61ef1d99b9
3cb032f8-a064-4714-8c84-6fc8c7696e5c,,17,2,2026-09-25T13:23:15.403065+00:00,d4a92ae2-6ecd-4043-8b5a-82414c597036,false,,,1,9fab0351-ea45-4762-a3b9-4d61ef1d99b9,false,,false,,,,1,9fab0351-ea45-4762-a3b9-4d61ef1d99b9
0568ffab-7807-419f-b907-5f589118508c,,18,6,2026-09-25T13:23:15.403065+00:00,d4a92ae2-6ecd-4043-8b5a-82414c597036,false,,,1,9fab0351-ea45-4762-a3b9-4d61ef1d99b9,false,,false,,,,1,9fab0351-ea45-4762-a3b9-4d61ef1d99b9
efbdbca4-7ecc-4074-96c3-9b3beafb8a03,,2,7,2026-09-25T13:23:58.377015+00:00,d4a92ae2-6ecd-4043-8b5a-82414c597036,false,,,1,6c31fd00-3f0e-406d-8145-ddca8aad7a11,false,,false,,,,1,6c31fd00-3f0e-406d-8145-ddca8aad7a11
b9dc836e-3bbc-4886-9907-5e9e84212843,,3,3,2026-09-25T13:23:58.377015+00:00,d4a92ae2-6ecd-4043-8b5a-82414c597036,false,,,1,6c31fd00-3f0e-406d-8145-ddca8aad7a11,false,,false,,,,1,6c31fd00-3f0e-406d-8145-ddca8aad7a11
5c7eddd9-7cd2-4e22-9e38-1144df5fb77d,,4,5,2026-09-25T13:23:58.377015+00:00,d4a92ae2-6ecd-4043-8b5a-82414c597036,false,,,1,6c31fd00-3f0e-406d-8145-ddca8aad7a11,false,,false,,,,1,6c31fd00-3f0e-406d-8145-ddca8aad7a11
6e417423-5940-475e-bc98-ffec6df9a3b9,,5,3,2026-09-25T13:23:58.377015+00:00,d4a92ae2-6ecd-4043-8b5a-82414c597036,false,,,1,6c31fd00-3f0e-406d-8145-ddca8aad7a11,false,,false,,,,1,6c31fd00-3f0e-406d-8145-ddca8aad7a11
2c554e2f-98fa-49fc-a6fe-3a34a172c24e,,6,5,2026-09-25T13:23:58.377015+00:00,d4a92ae2-6ecd-4043-8b5a-82414c597036,false,,,1,6c31fd00-3f0e-406d-8145-ddca8aad7a11,false,,false,,,,1,6c31fd00-3f0e-406d-8145-ddca8aad7a11
2305f1a8-1662-466f-b293-2ba280457d09,,7,5,2026-09-25T13:23:58.377015+00:00,d4a92ae2-6ecd-4043-8b5a-82414c597036,false,,,1,6c31fd00-3f0e-406d-8145-ddca8aad7a11,false,,false,,,,1,6c31fd00-3f0e-406d-8145-ddca8aad7a11
3d1f5987-00ed-420e-a8a9-ca7983185daa,,8,4,2026-09-25T13:23:58.377015+00:00,d4a92ae2-6ecd-4043-8b5a-82414c597036,false,,,1,6c31fd00-3f0e-406d-8145-ddca8aad7a11,false,,false,,,,1,6c31fd00-3f0e-406d-8145-ddca8aad7a11
79e7e750-8572-4e48-a205-f35f8bc371d0,,9,4,2026-09-25T13:23:58.377015+00:00,d4a92ae2-6ecd-4043-8b5a-82414c597036,false,,,1,6c31fd00-3f0e-406d-8145-ddca8aad7a11,false,,false,,,,1,6c31fd00-3f0e-406d-8145-ddca8aad7a11
095c0800-6d74-48ca-ac97-9efa2b303521,,10,5,2026-09-25T13:23:58.377015+00:00,d4a92ae2-6ecd-4043-8b5a-82414c597036,false,,,1,6c31fd00-3f0e-406d-8145-ddca8aad7a11,false,,false,,,,1,6c31fd00-3f0e-406d-8145-ddca8aad7a11
54319d6c-61f9-454f-8020-9ac3c6182cdb,,11,5,2026-09-25T13:23:58.377015+00:00,d4a92ae2-6ecd-4043-8b5a-82414c597036,false,,,1,6c31fd00-3f0e-406d-8145-ddca8aad7a11,false,,false,,,,1,6c31fd00-3f0e-406d-8145-ddca8aad7a11
6db660bf-5307-44b4-a4aa-f59880a8420c,,12,4,2026-09-25T13:23:58.377015+00:00,d4a92ae2-6ecd-4043-8b5a-82414c597036,false,,,1,6c31fd00-3f0e-406d-8145-ddca8aad7a11,false,,false,,,,1,6c31fd00-3f0e-406d-8145-ddca8aad7a11
f102d838-5242-42ec-aa3c-d01b620c627c,,13,3,2026-09-25T13:23:58.377015+00:00,d4a92ae2-6ecd-4043-8b5a-82414c597036,false,,,1,6c31fd00-3f0e-406d-8145-ddca8aad7a11,false,,false,,,,1,6c31fd00-3f0e-406d-8145-ddca8aad7a11
ea4f2958-355c-4e75-b6df-70e612f501ff,,14,5,2026-09-25T13:23:58.377015+00:00,d4a92ae2-6ecd-4043-8b5a-82414c597036,false,,,1,6c31fd00-3f0e-406d-8145-ddca8aad7a11,false,,false,,,,1,6c31fd00-3f0e-406d-8145-ddca8aad7a11
3b0bbf17-a454-4113-81f7-6b036610fb73,,15,5,2026-09-25T13:23:58.377015+00:00,d4a92ae2-6ecd-4043-8b5a-82414c597036,false,,,1,6c31fd00-3f0e-406d-8145-ddca8aad7a11,false,,false,,,,1,6c31fd00-3f0e-406d-8145-ddca8aad7a11
c609ad34-7e91-4990-bdc7-086f8ee6f140,,16,4,2026-09-25T13:23:58.377015+00:00,d4a92ae2-6ecd-4043-8b5a-82414c597036,false,,,1,6c31fd00-3f0e-406d-8145-ddca8aad7a11,false,,false,,,,1,6c31fd00-3f0e-406d-8145-ddca8aad7a11
0f695348-19b4-4586-b745-f21b13707bb7,,17,3,2026-09-25T13:23:58.377015+00:00,d4a92ae2-6ecd-4043-8b5a-82414c597036,false,,,1,6c31fd00-3f0e-406d-8145-ddca8aad7a11,false,,false,,,,1,6c31fd00-3f0e-406d-8145-ddca8aad7a11
19abe192-575a-4005-9338-bedb6864abc3,,18,7,2026-09-25T13:23:58.377015+00:00,d4a92ae2-6ecd-4043-8b5a-82414c597036,false,,,1,6c31fd00-3f0e-406d-8145-ddca8aad7a11,false,,false,,,,1,6c31fd00-3f0e-406d-8145-ddca8aad7a11
