tournament_id,first_name,last_name,player_id,hole_number,strokes
7716349a-8bb0-46c6-b60c-3594eb7ea60f,Rafael,Pich,06ccd75a-85fb-49da-b531-5ea45a09645f,1,7
7716349a-8bb0-46c6-b60c-3594eb7ea60f,Rafael,Pich,06ccd75a-85fb-49da-b531-5ea45a09645f,2,6
7716349a-8bb0-46c6-b60c-3594eb7ea60f,Rafael,Pich,06ccd75a-85fb-49da-b531-5ea45a09645f,3,5
7716349a-8bb0-46c6-b60c-3594eb7ea60f,Rafael,Pich,06ccd75a-85fb-49da-b531-5ea45a09645f,4,4
7716349a-8bb0-46c6-b60c-3594eb7ea60f,Rafael,Pich,06ccd75a-85fb-49da-b531-5ea45a09645f,5,6
7716349a-8bb0-46c6-b60c-3594eb7ea60f,Rafael,Pich,06ccd75a-85fb-49da-b531-5ea45a09645f,6,6
7716349a-8bb0-46c6-b60c-3594eb7ea60f,Rafael,Pich,06ccd75a-85fb-49da-b531-5ea45a09645f,7,3
7716349a-8bb0-46c6-b60c-3594eb7ea60f,Rafael,Pich,06ccd75a-85fb-49da-b531-5ea45a09645f,8,6
7716349a-8bb0-46c6-b60c-3594eb7ea60f,Rafael,Pich,06ccd75a-85fb-49da-b531-5ea45a09645f,9,7
7716349a-8bb0-46c6-b60c-3594eb7ea60f,Rafael,Pich,06ccd75a-85fb-49da-b531-5ea45a09645f,10,6
7716349a-8bb0-46c6-b60c-3594eb7ea60f,Rafael,Pich,06ccd75a-85fb-49da-b531-5ea45a09645f,11,4
7716349a-8bb0-46c6-b60c-3594eb7ea60f,Rafael,Pich,06ccd75a-85fb-49da-b531-5ea45a09645f,12,6
7716349a-8bb0-46c6-b60c-3594eb7ea60f,Rafael,Pich,06ccd75a-85fb-49da-b531-5ea45a09645f,13,6
7716349a-8bb0-46c6-b60c-3594eb7ea60f,Rafael,Pich,06ccd75a-85fb-49da-b531-5ea45a09645f,14,6
7716349a-8bb0-46c6-b60c-3594eb7ea60f,Rafael,Pich,06ccd75a-85fb-49da-b531-5ea45a09645f,15,4
7716349a-8bb0-46c6-b60c-3594eb7ea60f,Rafael,Pich,06ccd75a-85fb-49da-b531-5ea45a09645f,16,6
7716349a-8bb0-46c6-b60c-3594eb7ea60f,Rafael,Pich,06ccd75a-85fb-49da-b531-5ea45a09645f,17,6
7716349a-8bb0-46c6-b60c-3594eb7ea60f,Rafael,Pich,06ccd75a-85fb-49da-b531-5ea45a09645f,18,7
7716349a-8bb0-46c6-b60c-3594eb7ea60f,Aaron,Kastein,07cfbc31-606f-4838-ba17-578e0720215d,6,4
7716349a-8bb0-46c6-b60c-3594eb7ea60f,Aaron,Kastein,07cfbc31-606f-4838-ba17-578e0720215d,13,4
7716349a-8bb0-46c6-b60c-3594eb7ea60f,Aaron,Kastein,07cfbc31-606f-4838-ba17-578e0720215d,14,6
7716349a-8bb0-46c6-b60c-3594eb7ea60f,Aaron,Kastein,07cfbc31-606f-4838-ba17-578e0720215d,4,3
7716349a-8bb0-46c6-b60c-3594eb7ea60f,Aaron,Kastein,07cfbc31-606f-4838-ba17-578e0720215d,5,3
7716349a-8bb0-46c6-b60c-3594eb7ea60f,Aaron,Kastein,07cfbc31-606f-4838-ba17-578e0720215d,15,4
7716349a-8bb0-46c6-b60c-3594eb7ea60f,Aaron,Kastein,07cfbc31-606f-4838-ba17-578e0720215d,7,3
7716349a-8bb0-46c6-b60c-3594eb7ea60f,Aaron,Kastein,07cfbc31-606f-4838-ba17-578e0720215d,8,4
7716349a-8bb0-46c6-b60c-3594eb7ea60f,Aaron,Kastein,07cfbc31-606f-4838-ba17-578e0720215d,9,4
7716349a-8bb0-46c6-b60c-3594eb7ea60f,Aaron,Kastein,07cfbc31-606f-4838-ba17-578e0720215d,10,4
7716349a-8bb0-46c6-b60c-3594eb7ea60f,Aaron,Kastein,07cfbc31-606f-4838-ba17-578e0720215d,16,4
7716349a-8bb0-46c6-b60c-3594eb7ea60f,Aaron,Kastein,07cfbc31-606f-4838-ba17-578e0720215d,17,5
7716349a-8bb0-46c6-b60c-3594eb7ea60f,Aaron,Kastein,07cfbc31-606f-4838-ba17-578e0720215d,18,5
7716349a-8bb0-46c6-b60c-3594eb7ea60f,Aaron,Kastein,07cfbc31-606f-4838-ba17-578e0720215d,3,5
7716349a-8bb0-46c6-b60c-3594eb7ea60f,Aaron,Kastein,07cfbc31-606f-4838-ba17-578e0720215d,12,5
7716349a-8bb0-46c6-b60c-3594eb7ea60f,Aaron,Kastein,07cfbc31-606f-4838-ba17-578e0720215d,1,5
7716349a-8bb0-46c6-b60c-3594eb7ea60f,Aaron,Kastein,07cfbc31-606f-4838-ba17-578e0720215d,2,5
7716349a-8bb0-46c6-b60c-3594eb7ea60f,Aaron,Kastein,07cfbc31-606f-4838-ba17-578e0720215d,11,3
d4a92ae2-6ecd-4043-8b5a-82414c597036,Tom,Schult,08d26a81-b59d-4162-ad72-b07ee5d75c64,2,4
d4a92ae2-6ecd-4043-8b5a-82414c597036,Tom,Schult,08d26a81-b59d-4162-ad72-b07ee5d75c64,3,3
d4a92ae2-6ecd-4043-8b5a-82414c597036,Tom,Schult,08d26a81-b59d-4162-ad72-b07ee5d75c64,4,4
d4a92ae2-6ecd-4043-8b5a-82414c597036,Tom,Schult,08d26a81-b59d-4162-ad72-b07ee5d75c64,5,4
d4a92ae2-6ecd-4043-8b5a-82414c597036,Tom,Schult,08d26a81-b59d-4162-ad72-b07ee5d75c64,6,7
d4a92ae2-6ecd-4043-8b5a-82414c597036,Tom,Schult,08d26a81-b59d-4162-ad72-b07ee5d75c64,1,5
d4a92ae2-6ecd-4043-8b5a-82414c597036,Tom,Schult,08d26a81-b59d-4162-ad72-b07ee5d75c64,7,6
d4a92ae2-6ecd-4043-8b5a-82414c597036,Tom,Schult,08d26a81-b59d-4162-ad72-b07ee5d75c64,8,5
d4a92ae2-6ecd-4043-8b5a-82414c597036,Tom,Schult,08d26a81-b59d-4162-ad72-b07ee5d75c64,1,5
d4a92ae2-6ecd-4043-8b5a-82414c597036,Tom,Schult,08d26a81-b59d-4162-ad72-b07ee5d75c64,9,6
d4a92ae2-6ecd-4043-8b5a-82414c597036,Tom,Schult,08d26a81-b59d-4162-ad72-b07ee5d75c64,10,8
d4a92ae2-6ecd-4043-8b5a-82414c597036,Tom,Schult,08d26a81-b59d-4162-ad72-b07ee5d75c64,11,7
d4a92ae2-6ecd-4043-8b5a-82414c597036,Tom,Schult,08d26a81-b59d-4162-ad72-b07ee5d75c64,12,6
d4a92ae2-6ecd-4043-8b5a-82414c597036,Tom,Schult,08d26a81-b59d-4162-ad72-b07ee5d75c64,13,3
d4a92ae2-6ecd-4043-8b5a-82414c597036,Tom,Schult,08d26a81-b59d-4162-ad72-b07ee5d75c64,2,7
d4a92ae2-6ecd-4043-8b5a-82414c597036,Tom,Schult,08d26a81-b59d-4162-ad72-b07ee5d75c64,3,3
d4a92ae2-6ecd-4043-8b5a-82414c597036,Tom,Schult,08d26a81-b59d-4162-ad72-b07ee5d75c64,4,5
d4a92ae2-6ecd-4043-8b5a-82414c597036,Tom,Schult,08d26a81-b59d-4162-ad72-b07ee5d75c64,5,3
d4a92ae2-6ecd-4043-8b5a-82414c597036,Tom,Schult,08d26a81-b59d-4162-ad72-b07ee5d75c64,6,6
d4a92ae2-6ecd-4043-8b5a-82414c597036,Tom,Schult,08d26a81-b59d-4162-ad72-b07ee5d75c64,7,5
d4a92ae2-6ecd-4043-8b5a-82414c597036,Tom,Schult,08d26a81-b59d-4162-ad72-b07ee5d75c64,8,5
d4a92ae2-6ecd-4043-8b5a-82414c597036,Tom,Schult,08d26a81-b59d-4162-ad72-b07ee5d75c64,9,5
d4a92ae2-6ecd-4043-8b5a-82414c597036,Tom,Schult,08d26a81-b59d-4162-ad72-b07ee5d75c64,10,6
d4a92ae2-6ecd-4043-8b5a-82414c597036,Tom,Schult,08d26a81-b59d-4162-ad72-b07ee5d75c64,11,6
d4a92ae2-6ecd-4043-8b5a-82414c597036,Tom,Schult,08d26a81-b59d-4162-ad72-b07ee5d75c64,12,4
d4a92ae2-6ecd-4043-8b5a-82414c597036,Tom,Schult,08d26a81-b59d-4162-ad72-b07ee5d75c64,13,3
d4a92ae2-6ecd-4043-8b5a-82414c597036,Tom,Schult,08d26a81-b59d-4162-ad72-b07ee5d75c64,14,7
d4a92ae2-6ecd-4043-8b5a-82414c597036,Tom,Schult,08d26a81-b59d-4162-ad72-b07ee5d75c64,15,5
d4a92ae2-6ecd-4043-8b5a-82414c597036,Tom,Schult,08d26a81-b59d-4162-ad72-b07ee5d75c64,16,4
d4a92ae2-6ecd-4043-8b5a-82414c597036,Tom,Schult,08d26a81-b59d-4162-ad72-b07ee5d75c64,17,3
d4a92ae2-6ecd-4043-8b5a-82414c597036,Tom,Schult,08d26a81-b59d-4162-ad72-b07ee5d75c64,18,6
d4a92ae2-6ecd-4043-8b5a-82414c597036,Tom,Schult,08d26a81-b59d-4162-ad72-b07ee5d75c64,14,5
d4a92ae2-6ecd-4043-8b5a-82414c597036,Tom,Schult,08d26a81-b59d-4162-ad72-b07ee5d75c64,15,6
d4a92ae2-6ecd-4043-8b5a-82414c597036,Tom,Schult,08d26a81-b59d-4162-ad72-b07ee5d75c64,16,6
d4a92ae2-6ecd-4043-8b5a-82414c597036,Tom,Schult,08d26a81-b59d-4162-ad72-b07ee5d75c64,17,3
d4a92ae2-6ecd-4043-8b5a-82414c597036,Tom,Schult,08d26a81-b59d-4162-ad72-b07ee5d75c64,18,5
d4a92ae2-6ecd-4043-8b5a-82414c597036,Tom,Schult,08d26a81-b59d-4162-ad72-b07ee5d75c64,1,6
d4a92ae2-6ecd-4043-8b5a-82414c597036,Tom,Schult,08d26a81-b59d-4162-ad72-b07ee5d75c64,2,4
d4a92ae2-6ecd-4043-8b5a-82414c597036,Tom,Schult,08d26a81-b59d-4162-ad72-b07ee5d75c64,3,4
d4a92ae2-6ecd-4043-8b5a-82414c597036,Tom,Schult,08d26a81-b59d-4162-ad72-b07ee5d75c64,4,4
d4a92ae2-6ecd-4043-8b5a-82414c597036,Tom,Schult,08d26a81-b59d-4162-ad72-b07ee5d75c64,5,4
d4a92ae2-6ecd-4043-8b5a-82414c597036,Tom,Schult,08d26a81-b59d-4162-ad72-b07ee5d75c64,6,5
d4a92ae2-6ecd-4043-8b5a-82414c597036,Tom,Schult,08d26a81-b59d-4162-ad72-b07ee5d75c64,7,6
d4a92ae2-6ecd-4043-8b5a-82414c597036,Tom,Schult,08d26a81-b59d-4162-ad72-b07ee5d75c64,8,5
d4a92ae2-6ecd-4043-8b5a-82414c597036,Tom,Schult,08d26a81-b59d-4162-ad72-b07ee5d75c64,9,6
d4a92ae2-6ecd-4043-8b5a-82414c597036,Tom,Schult,08d26a81-b59d-4162-ad72-b07ee5d75c64,10,6
d4a92ae2-6ecd-4043-8b5a-82414c597036,Tom,Schult,08d26a81-b59d-4162-ad72-b07ee5d75c64,11,5
d4a92ae2-6ecd-4043-8b5a-82414c597036,Tom,Schult,08d26a81-b59d-4162-ad72-b07ee5d75c64,12,5
d4a92ae2-6ecd-4043-8b5a-82414c597036,Tom,Schult,08d26a81-b59d-4162-ad72-b07ee5d75c64,13,4
d4a92ae2-6ecd-4043-8b5a-82414c597036,Tom,Schult,08d26a81-b59d-4162-ad72-b07ee5d75c64,14,5
d4a92ae2-6ecd-4043-8b5a-82414c597036,Tom,Schult,08d26a81-b59d-4162-ad72-b07ee5d75c64,15,4
d4a92ae2-6ecd-4043-8b5a-82414c597036,Tom,Schult,08d26a81-b59d-4162-ad72-b07ee5d75c64,16,5
d4a92ae2-6ecd-4043-8b5a-82414c597036,Tom,Schult,08d26a81-b59d-4162-ad72-b07ee5d75c64,17,4
d4a92ae2-6ecd-4043-8b5a-82414c597036,Tom,Schult,08d26a81-b59d-4162-ad72-b07ee5d75c64,18,6
7716349a-8bb0-46c6-b60c-3594eb7ea60f,Linus,Niermann,098132e4-eb31-43dd-b487-8f6aea7501e6,1,6
7716349a-8bb0-46c6-b60c-3594eb7ea60f,Linus,Niermann,098132e4-eb31-43dd-b487-8f6aea7501e6,2,6
7716349a-8bb0-46c6-b60c-3594eb7ea60f,Linus,Niermann,098132e4-eb31-43dd-b487-8f6aea7501e6,5,3
7716349a-8bb0-46c6-b60c-3594eb7ea60f,Linus,Niermann,098132e4-eb31-43dd-b487-8f6aea7501e6,4,3
7716349a-8bb0-46c6-b60c-3594eb7ea60f,Linus,Niermann,098132e4-eb31-43dd-b487-8f6aea7501e6,6,4
7716349a-8bb0-46c6-b60c-3594eb7ea60f,Linus,Niermann,098132e4-eb31-43dd-b487-8f6aea7501e6,7,3
7716349a-8bb0-46c6-b60c-3594eb7ea60f,Linus,Niermann,098132e4-eb31-43dd-b487-8f6aea7501e6,8,5
7716349a-8bb0-46c6-b60c-3594eb7ea60f,Linus,Niermann,098132e4-eb31-43dd-b487-8f6aea7501e6,9,5
7716349a-8bb0-46c6-b60c-3594eb7ea60f,Linus,Niermann,098132e4-eb31-43dd-b487-8f6aea7501e6,3,4
7716349a-8bb0-46c6-b60c-3594eb7ea60f,Nicolas,Gregg,0a22a191-8264-4398-8468-2e96074d3366,1,5
7716349a-8bb0-46c6-b60c-3594eb7ea60f,Nicolas,Gregg,0a22a191-8264-4398-8468-2e96074d3366,2,5
7716349a-8bb0-46c6-b60c-3594eb7ea60f,Nicolas,Gregg,0a22a191-8264-4398-8468-2e96074d3366,3,5
7716349a-8bb0-46c6-b60c-3594eb7ea60f,Nicolas,Gregg,0a22a191-8264-4398-8468-2e96074d3366,4,4
7716349a-8bb0-46c6-b60c-3594eb7ea60f,Nicolas,Gregg,0a22a191-8264-4398-8468-2e96074d3366,6,5
7716349a-8bb0-46c6-b60c-3594eb7ea60f,Nicolas,Gregg,0a22a191-8264-4398-8468-2e96074d3366,7,4
7716349a-8bb0-46c6-b60c-3594eb7ea60f,Nicolas,Gregg,0a22a191-8264-4398-8468-2e96074d3366,8,5
7716349a-8bb0-46c6-b60c-3594eb7ea60f,Nicolas,Gregg,0a22a191-8264-4398-8468-2e96074d3366,9,7
7716349a-8bb0-46c6-b60c-3594eb7ea60f,Nicolas,Gregg,0a22a191-8264-4398-8468-2e96074d3366,10,6
7716349a-8bb0-46c6-b60c-3594eb7ea60f,Nicolas,Gregg,0a22a191-8264-4398-8468-2e96074d3366,11,3
7716349a-8bb0-46c6-b60c-3594eb7ea60f,Nicolas,Gregg,0a22a191-8264-4398-8468-2e96074d3366,12,4
7716349a-8bb0-46c6-b60c-3594eb7ea60f,Nicolas,Gregg,0a22a191-8264-4398-8468-2e96074d3366,13,5
7716349a-8bb0-46c6-b60c-3594eb7ea60f,Nicolas,Gregg,0a22a191-8264-4398-8468-2e96074d3366,14,5
7716349a-8bb0-46c6-b60c-3594eb7ea60f,Nicolas,Gregg,0a22a191-8264-4398-8468-2e96074d3366,15,3
7716349a-8bb0-46c6-b60c-3594eb7ea60f,Nicolas,Gregg,0a22a191-8264-4398-8468-2e96074d3366,16,4
7716349a-8bb0-46c6-b60c-3594eb7ea60f,Nicolas,Gregg,0a22a191-8264-4398-8468-2e96074d3366,17,5
7716349a-8bb0-46c6-b60c-3594eb7ea60f,Nicolas,Gregg,0a22a191-8264-4398-8468-2e96074d3366,18,4
7716349a-8bb0-46c6-b60c-3594eb7ea60f,Nicolas,Gregg,0a22a191-8264-4398-8468-2e96074d3366,5,3
d4a92ae2-6ecd-4043-8b5a-82414c597036,Philip,Dahlstrom,0b2be1cc-3241-4cfe-9af6-0b92a5582cec,6,6
d4a92ae2-6ecd-4043-8b5a-82414c597036,Philip,Dahlstrom,0b2be1cc-3241-4cfe-9af6-0b92a5582cec,7,4
d4a92ae2-6ecd-4043-8b5a-82414c597036,Philip,Dahlstrom,0b2be1cc-3241-4cfe-9af6-0b92a5582cec,1,6
d4a92ae2-6ecd-4043-8b5a-82414c597036,Philip,Dahlstrom,0b2be1cc-3241-4cfe-9af6-0b92a5582cec,2,4
d4a92ae2-6ecd-4043-8b5a-82414c597036,Philip,Dahlstrom,0b2be1cc-3241-4cfe-9af6-0b92a5582cec,3,4
d4a92ae2-6ecd-4043-8b5a-82414c597036,Philip,Dahlstrom,0b2be1cc-3241-4cfe-9af6-0b92a5582cec,4,4
d4a92ae2-6ecd-4043-8b5a-82414c597036,Philip,Dahlstrom,0b2be1cc-3241-4cfe-9af6-0b92a5582cec,5,3
d4a92ae2-6ecd-4043-8b5a-82414c597036,Philip,Dahlstrom,0b2be1cc-3241-4cfe-9af6-0b92a5582cec,1,5
d4a92ae2-6ecd-4043-8b5a-82414c597036,Philip,Dahlstrom,0b2be1cc-3241-4cfe-9af6-0b92a5582cec,1,5
d4a92ae2-6ecd-4043-8b5a-82414c597036,Philip,Dahlstrom,0b2be1cc-3241-4cfe-9af6-0b92a5582cec,2,5
d4a92ae2-6ecd-4043-8b5a-82414c597036,Philip,Dahlstrom,0b2be1cc-3241-4cfe-9af6-0b92a5582cec,3,4
d4a92ae2-6ecd-4043-8b5a-82414c597036,Philip,Dahlstrom,0b2be1cc-3241-4cfe-9af6-0b92a5582cec,4,5
d4a92ae2-6ecd-4043-8b5a-82414c597036,Philip,Dahlstrom,0b2be1cc-3241-4cfe-9af6-0b92a5582cec,5,5
d4a92ae2-6ecd-4043-8b5a-82414c597036,Philip,Dahlstrom,0b2be1cc-3241-4cfe-9af6-0b92a5582cec,6,7
d4a92ae2-6ecd-4043-8b5a-82414c597036,Philip,Dahlstrom,0b2be1cc-3241-4cfe-9af6-0b92a5582cec,7,6
d4a92ae2-6ecd-4043-8b5a-82414c597036,Philip,Dahlstrom,0b2be1cc-3241-4cfe-9af6-0b92a5582cec,8,5
d4a92ae2-6ecd-4043-8b5a-82414c597036,Philip,Dahlstrom,0b2be1cc-3241-4cfe-9af6-0b92a5582cec,9,5
d4a92ae2-6ecd-4043-8b5a-82414c597036,Philip,Dahlstrom,0b2be1cc-3241-4cfe-9af6-0b92a5582cec,10,5
d4a92ae2-6ecd-4043-8b5a-82414c597036,Philip,Dahlstrom,0b2be1cc-3241-4cfe-9af6-0b92a5582cec,11,9
d4a92ae2-6ecd-4043-8b5a-82414c597036,Philip,Dahlstrom,0b2be1cc-3241-4cfe-9af6-0b92a5582cec,12,5
d4a92ae2-6ecd-4043-8b5a-82414c597036,Philip,Dahlstrom,0b2be1cc-3241-4cfe-9af6-0b92a5582cec,13,4
d4a92ae2-6ecd-4043-8b5a-82414c597036,Philip,Dahlstrom,0b2be1cc-3241-4cfe-9af6-0b92a5582cec,14,3
d4a92ae2-6ecd-4043-8b5a-82414c597036,Philip,Dahlstrom,0b2be1cc-3241-4cfe-9af6-0b92a5582cec,15,4
d4a92ae2-6ecd-4043-8b5a-82414c597036,Philip,Dahlstrom,0b2be1cc-3241-4cfe-9af6-0b92a5582cec,16,4
d4a92ae2-6ecd-4043-8b5a-82414c597036,Philip,Dahlstrom,0b2be1cc-3241-4cfe-9af6-0b92a5582cec,17,4
d4a92ae2-6ecd-4043-8b5a-82414c597036,Philip,Dahlstrom,0b2be1cc-3241-4cfe-9af6-0b92a5582cec,18,7
d4a92ae2-6ecd-4043-8b5a-82414c597036,Philip,Dahlstrom,0b2be1cc-3241-4cfe-9af6-0b92a5582cec,2,5
d4a92ae2-6ecd-4043-8b5a-82414c597036,Philip,Dahlstrom,0b2be1cc-3241-4cfe-9af6-0b92a5582cec,3,3
d4a92ae2-6ecd-4043-8b5a-82414c597036,Philip,Dahlstrom,0b2be1cc-3241-4cfe-9af6-0b92a5582cec,4,6
d4a92ae2-6ecd-4043-8b5a-82414c597036,Philip,Dahlstrom,0b2be1cc-3241-4cfe-9af6-0b92a5582cec,5,4
d4a92ae2-6ecd-4043-8b5a-82414c597036,Philip,Dahlstrom,0b2be1cc-3241-4cfe-9af6-0b92a5582cec,6,5
d4a92ae2-6ecd-4043-8b5a-82414c597036,Philip,Dahlstrom,0b2be1cc-3241-4cfe-9af6-0b92a5582cec,7,4
d4a92ae2-6ecd-4043-8b5a-82414c597036,Philip,Dahlstrom,0b2be1cc-3241-4cfe-9af6-0b92a5582cec,8,5
d4a92ae2-6ecd-4043-8b5a-82414c597036,Philip,Dahlstrom,0b2be1cc-3241-4cfe-9af6-0b92a5582cec,9,4
d4a92ae2-6ecd-4043-8b5a-82414c597036,Philip,Dahlstrom,0b2be1cc-3241-4cfe-9af6-0b92a5582cec,10,6
d4a92ae2-6ecd-4043-8b5a-82414c597036,Philip,Dahlstrom,0b2be1cc-3241-4cfe-9af6-0b92a5582cec,11,6
d4a92ae2-6ecd-4043-8b5a-82414c597036,Philip,Dahlstrom,0b2be1cc-3241-4cfe-9af6-0b92a5582cec,12,4
d4a92ae2-6ecd-4043-8b5a-82414c597036,Philip,Dahlstrom,0b2be1cc-3241-4cfe-9af6-0b92a5582cec,13,2
d4a92ae2-6ecd-4043-8b5a-82414c597036,Philip,Dahlstrom,0b2be1cc-3241-4cfe-9af6-0b92a5582cec,14,3
d4a92ae2-6ecd-4043-8b5a-82414c597036,Philip,Dahlstrom,0b2be1cc-3241-4cfe-9af6-0b92a5582cec,15,4
d4a92ae2-6ecd-4043-8b5a-82414c597036,Philip,Dahlstrom,0b2be1cc-3241-4cfe-9af6-0b92a5582cec,16,5
d4a92ae2-6ecd-4043-8b5a-82414c597036,Philip,Dahlstrom,0b2be1cc-3241-4cfe-9af6-0b92a5582cec,17,4
d4a92ae2-6ecd-4043-8b5a-82414c597036,Philip,Dahlstrom,0b2be1cc-3241-4cfe-9af6-0b92a5582cec,18,5
d4a92ae2-6ecd-4043-8b5a-82414c597036,Philip,Dahlstrom,0b2be1cc-3241-4cfe-9af6-0b92a5582cec,8,4
d4a92ae2-6ecd-4043-8b5a-82414c597036,Philip,Dahlstrom,0b2be1cc-3241-4cfe-9af6-0b92a5582cec,9,4
d4a92ae2-6ecd-4043-8b5a-82414c597036,Philip,Dahlstrom,0b2be1cc-3241-4cfe-9af6-0b92a5582cec,10,5
d4a92ae2-6ecd-4043-8b5a-82414c597036,Philip,Dahlstrom,0b2be1cc-3241-4cfe-9af6-0b92a5582cec,11,5
d4a92ae2-6ecd-4043-8b5a-82414c597036,Philip,Dahlstrom,0b2be1cc-3241-4cfe-9af6-0b92a5582cec,12,5
d4a92ae2-6ecd-4043-8b5a-82414c597036,Philip,Dahlstrom,0b2be1cc-3241-4cfe-9af6-0b92a5582cec,13,4
d4a92ae2-6ecd-4043-8b5a-82414c597036,Philip,Dahlstrom,0b2be1cc-3241-4cfe-9af6-0b92a5582cec,14,4
d4a92ae2-6ecd-4043-8b5a-82414c597036,Philip,Dahlstrom,0b2be1cc-3241-4cfe-9af6-0b92a5582cec,15,5
d4a92ae2-6ecd-4043-8b5a-82414c597036,Philip,Dahlstrom,0b2be1cc-3241-4cfe-9af6-0b92a5582cec,16,4
d4a92ae2-6ecd-4043-8b5a-82414c597036,Philip,Dahlstrom,0b2be1cc-3241-4cfe-9af6-0b92a5582cec,17,4
d4a92ae2-6ecd-4043-8b5a-82414c597036,Philip,Dahlstrom,0b2be1cc-3241-4cfe-9af6-0b92a5582cec,18,4
7716349a-8bb0-46c6-b60c-3594eb7ea60f,Daniel Maximilian,Kolessilov,0d19a809-374b-46bc-ac56-5d1417af6bbf,1,5
7716349a-8bb0-46c6-b60c-3594eb7ea60f,Daniel Maximilian,Kolessilov,0d19a809-374b-46bc-ac56-5d1417af6bbf,2,4
7716349a-8bb0-46c6-b60c-3594eb7ea60f,Daniel Maximilian,Kolessilov,0d19a809-374b-46bc-ac56-5d1417af6bbf,3,4
7716349a-8bb0-46c6-b60c-3594eb7ea60f,Daniel Maximilian,Kolessilov,0d19a809-374b-46bc-ac56-5d1417af6bbf,4,3
7716349a-8bb0-46c6-b60c-3594eb7ea60f,Daniel Maximilian,Kolessilov,0d19a809-374b-46bc-ac56-5d1417af6bbf,5,3
7716349a-8bb0-46c6-b60c-3594eb7ea60f,Daniel Maximilian,Kolessilov,0d19a809-374b-46bc-ac56-5d1417af6bbf,6,4
7716349a-8bb0-46c6-b60c-3594eb7ea60f,Daniel Maximilian,Kolessilov,0d19a809-374b-46bc-ac56-5d1417af6bbf,7,3
7716349a-8bb0-46c6-b60c-3594eb7ea60f,Daniel Maximilian,Kolessilov,0d19a809-374b-46bc-ac56-5d1417af6bbf,8,5
7716349a-8bb0-46c6-b60c-3594eb7ea60f,Daniel Maximilian,Kolessilov,0d19a809-374b-46bc-ac56-5d1417af6bbf,9,5
7716349a-8bb0-46c6-b60c-3594eb7ea60f,Daniel Maximilian,Kolessilov,0d19a809-374b-46bc-ac56-5d1417af6bbf,10,3
7716349a-8bb0-46c6-b60c-3594eb7ea60f,Daniel Maximilian,Kolessilov,0d19a809-374b-46bc-ac56-5d1417af6bbf,11,2
7716349a-8bb0-46c6-b60c-3594eb7ea60f,Daniel Maximilian,Kolessilov,0d19a809-374b-46bc-ac56-5d1417af6bbf,12,4
7716349a-8bb0-46c6-b60c-3594eb7ea60f,Daniel Maximilian,Kolessilov,0d19a809-374b-46bc-ac56-5d1417af6bbf,13,4
7716349a-8bb0-46c6-b60c-3594eb7ea60f,Daniel Maximilian,Kolessilov,0d19a809-374b-46bc-ac56-5d1417af6bbf,14,4
7716349a-8bb0-46c6-b60c-3594eb7ea60f,Daniel Maximilian,Kolessilov,0d19a809-374b-46bc-ac56-5d1417af6bbf,15,3
7716349a-8bb0-46c6-b60c-3594eb7ea60f,Daniel Maximilian,Kolessilov,0d19a809-374b-46bc-ac56-5d1417af6bbf,16,3
7716349a-8bb0-46c6-b60c-3594eb7ea60f,Daniel Maximilian,Kolessilov,0d19a809-374b-46bc-ac56-5d1417af6bbf,17,5
7716349a-8bb0-46c6-b60c-3594eb7ea60f,Daniel Maximilian,Kolessilov,0d19a809-374b-46bc-ac56-5d1417af6bbf,18,4
d4a92ae2-6ecd-4043-8b5a-82414c597036,Aaron,Kastein,10f1afa0-aa58-4b13-8d05-4e0b8e462e5f,1,4
d4a92ae2-6ecd-4043-8b5a-82414c597036,Aaron,Kastein,10f1afa0-aa58-4b13-8d05-4e0b8e462e5f,2,4
d4a92ae2-6ecd-4043-8b5a-82414c597036,Aaron,Kastein,10f1afa0-aa58-4b13-8d05-4e0b8e462e5f,3,3
d4a92ae2-6ecd-4043-8b5a-82414c597036,Aaron,Kastein,10f1afa0-aa58-4b13-8d05-4e0b8e462e5f,4,4
d4a92ae2-6ecd-4043-8b5a-82414c597036,Aaron,Kastein,10f1afa0-aa58-4b13-8d05-4e0b8e462e5f,5,3
d4a92ae2-6ecd-4043-8b5a-82414c597036,Aaron,Kastein,10f1afa0-aa58-4b13-8d05-4e0b8e462e5f,6,4
d4a92ae2-6ecd-4043-8b5a-82414c597036,Aaron,Kastein,10f1afa0-aa58-4b13-8d05-4e0b8e462e5f,7,4
d4a92ae2-6ecd-4043-8b5a-82414c597036,Aaron,Kastein,10f1afa0-aa58-4b13-8d05-4e0b8e462e5f,8,3
d4a92ae2-6ecd-4043-8b5a-82414c597036,Aaron,Kastein,10f1afa0-aa58-4b13-8d05-4e0b8e462e5f,9,4
d4a92ae2-6ecd-4043-8b5a-82414c597036,Aaron,Kastein,10f1afa0-aa58-4b13-8d05-4e0b8e462e5f,10,4
d4a92ae2-6ecd-4043-8b5a-82414c597036,Aaron,Kastein,10f1afa0-aa58-4b13-8d05-4e0b8e462e5f,11,4
d4a92ae2-6ecd-4043-8b5a-82414c597036,Aaron,Kastein,10f1afa0-aa58-4b13-8d05-4e0b8e462e5f,12,4
d4a92ae2-6ecd-4043-8b5a-82414c597036,Aaron,Kastein,10f1afa0-aa58-4b13-8d05-4e0b8e462e5f,13,3
d4a92ae2-6ecd-4043-8b5a-82414c597036,Aaron,Kastein,10f1afa0-aa58-4b13-8d05-4e0b8e462e5f,14,4
d4a92ae2-6ecd-4043-8b5a-82414c597036,Aaron,Kastein,10f1afa0-aa58-4b13-8d05-4e0b8e462e5f,15,4
d4a92ae2-6ecd-4043-8b5a-82414c597036,Aaron,Kastein,10f1afa0-aa58-4b13-8d05-4e0b8e462e5f,16,4
d4a92ae2-6ecd-4043-8b5a-82414c597036,Aaron,Kastein,10f1afa0-aa58-4b13-8d05-4e0b8e462e5f,17,3
d4a92ae2-6ecd-4043-8b5a-82414c597036,Aaron,Kastein,10f1afa0-aa58-4b13-8d05-4e0b8e462e5f,18,5
d4a92ae2-6ecd-4043-8b5a-82414c597036,Aaron,Kastein,10f1afa0-aa58-4b13-8d05-4e0b8e462e5f,1,4
d4a92ae2-6ecd-4043-8b5a-82414c597036,Aaron,Kastein,10f1afa0-aa58-4b13-8d05-4e0b8e462e5f,2,5
d4a92ae2-6ecd-4043-8b5a-82414c597036,Aaron,Kastein,10f1afa0-aa58-4b13-8d05-4e0b8e462e5f,3,4
d4a92ae2-6ecd-4043-8b5a-82414c597036,Aaron,Kastein,10f1afa0-aa58-4b13-8d05-4e0b8e462e5f,4,4
d4a92ae2-6ecd-4043-8b5a-82414c597036,Aaron,Kastein,10f1afa0-aa58-4b13-8d05-4e0b8e462e5f,5,3
d4a92ae2-6ecd-4043-8b5a-82414c597036,Aaron,Kastein,10f1afa0-aa58-4b13-8d05-4e0b8e462e5f,6,5
d4a92ae2-6ecd-4043-8b5a-82414c597036,Aaron,Kastein,10f1afa0-aa58-4b13-8d05-4e0b8e462e5f,7,3
d4a92ae2-6ecd-4043-8b5a-82414c597036,Aaron,Kastein,10f1afa0-aa58-4b13-8d05-4e0b8e462e5f,8,4
d4a92ae2-6ecd-4043-8b5a-82414c597036,Aaron,Kastein,10f1afa0-aa58-4b13-8d05-4e0b8e462e5f,9,4
d4a92ae2-6ecd-4043-8b5a-82414c597036,Aaron,Kastein,10f1afa0-aa58-4b13-8d05-4e0b8e462e5f,10,4
d4a92ae2-6ecd-4043-8b5a-82414c597036,Aaron,Kastein,10f1afa0-aa58-4b13-8d05-4e0b8e462e5f,11,5
d4a92ae2-6ecd-4043-8b5a-82414c597036,Aaron,Kastein,10f1afa0-aa58-4b13-8d05-4e0b8e462e5f,12,4
d4a92ae2-6ecd-4043-8b5a-82414c597036,Aaron,Kastein,10f1afa0-aa58-4b13-8d05-4e0b8e462e5f,13,3
d4a92ae2-6ecd-4043-8b5a-82414c597036,Aaron,Kastein,10f1afa0-aa58-4b13-8d05-4e0b8e462e5f,14,4
d4a92ae2-6ecd-4043-8b5a-82414c597036,Aaron,Kastein,10f1afa0-aa58-4b13-8d05-4e0b8e462e5f,15,5
d4a92ae2-6ecd-4043-8b5a-82414c597036,Aaron,Kastein,10f1afa0-aa58-4b13-8d05-4e0b8e462e5f,16,4
d4a92ae2-6ecd-4043-8b5a-82414c597036,Aaron,Kastein,10f1afa0-aa58-4b13-8d05-4e0b8e462e5f,17,2
d4a92ae2-6ecd-4043-8b5a-82414c597036,Aaron,Kastein,10f1afa0-aa58-4b13-8d05-4e0b8e462e5f,18,4
d4a92ae2-6ecd-4043-8b5a-82414c597036,Aaron,Kastein,10f1afa0-aa58-4b13-8d05-4e0b8e462e5f,1,5
d4a92ae2-6ecd-4043-8b5a-82414c597036,Aaron,Kastein,10f1afa0-aa58-4b13-8d05-4e0b8e462e5f,2,4
d4a92ae2-6ecd-4043-8b5a-82414c597036,Aaron,Kastein,10f1afa0-aa58-4b13-8d05-4e0b8e462e5f,3,3
d4a92ae2-6ecd-4043-8b5a-82414c597036,Aaron,Kastein,10f1afa0-aa58-4b13-8d05-4e0b8e462e5f,4,4
d4a92ae2-6ecd-4043-8b5a-82414c597036,Aaron,Kastein,10f1afa0-aa58-4b13-8d05-4e0b8e462e5f,5,2
d4a92ae2-6ecd-4043-8b5a-82414c597036,Aaron,Kastein,10f1afa0-aa58-4b13-8d05-4e0b8e462e5f,6,6
d4a92ae2-6ecd-4043-8b5a-82414c597036,Aaron,Kastein,10f1afa0-aa58-4b13-8d05-4e0b8e462e5f,7,4
d4a92ae2-6ecd-4043-8b5a-82414c597036,Aaron,Kastein,10f1afa0-aa58-4b13-8d05-4e0b8e462e5f,8,4
d4a92ae2-6ecd-4043-8b5a-82414c597036,Aaron,Kastein,10f1afa0-aa58-4b13-8d05-4e0b8e462e5f,9,5
d4a92ae2-6ecd-4043-8b5a-82414c597036,Aaron,Kastein,10f1afa0-aa58-4b13-8d05-4e0b8e462e5f,10,5
d4a92ae2-6ecd-4043-8b5a-82414c597036,Aaron,Kastein,10f1afa0-aa58-4b13-8d05-4e0b8e462e5f,11,5
d4a92ae2-6ecd-4043-8b5a-82414c597036,Aaron,Kastein,10f1afa0-aa58-4b13-8d05-4e0b8e462e5f,12,4
d4a92ae2-6ecd-4043-8b5a-82414c597036,Aaron,Kastein,10f1afa0-aa58-4b13-8d05-4e0b8e462e5f,13,2
d4a92ae2-6ecd-4043-8b5a-82414c597036,Aaron,Kastein,10f1afa0-aa58-4b13-8d05-4e0b8e462e5f,14,4
d4a92ae2-6ecd-4043-8b5a-82414c597036,Aaron,Kastein,10f1afa0-aa58-4b13-8d05-4e0b8e462e5f,15,4
d4a92ae2-6ecd-4043-8b5a-82414c597036,Aaron,Kastein,10f1afa0-aa58-4b13-8d05-4e0b8e462e5f,16,4
d4a92ae2-6ecd-4043-8b5a-82414c597036,Aaron,Kastein,10f1afa0-aa58-4b13-8d05-4e0b8e462e5f,17,3
d4a92ae2-6ecd-4043-8b5a-82414c597036,Aaron,Kastein,10f1afa0-aa58-4b13-8d05-4e0b8e462e5f,18,4
7716349a-8bb0-46c6-b60c-3594eb7ea60f,Felix,Koglin,117030b2-c7c3-4bab-ac1d-2b3b81b2b9d1,1,6
7716349a-8bb0-46c6-b60c-3594eb7ea60f,Felix,Koglin,117030b2-c7c3-4bab-ac1d-2b3b81b2b9d1,2,4
7716349a-8bb0-46c6-b60c-3594eb7ea60f,Felix,Koglin,117030b2-c7c3-4bab-ac1d-2b3b81b2b9d1,3,5
7716349a-8bb0-46c6-b60c-3594eb7ea60f,Felix,Koglin,117030b2-c7c3-4bab-ac1d-2b3b81b2b9d1,4,4
7716349a-8bb0-46c6-b60c-3594eb7ea60f,Felix,Koglin,117030b2-c7c3-4bab-ac1d-2b3b81b2b9d1,5,4
7716349a-8bb0-46c6-b60c-3594eb7ea60f,Felix,Koglin,117030b2-c7c3-4bab-ac1d-2b3b81b2b9d1,6,4
7716349a-8bb0-46c6-b60c-3594eb7ea60f,Felix,Koglin,117030b2-c7c3-4bab-ac1d-2b3b81b2b9d1,7,3
7716349a-8bb0-46c6-b60c-3594eb7ea60f,Felix,Koglin,117030b2-c7c3-4bab-ac1d-2b3b81b2b9d1,8,4
7716349a-8bb0-46c6-b60c-3594eb7ea60f,Felix,Koglin,117030b2-c7c3-4bab-ac1d-2b3b81b2b9d1,9,5
7716349a-8bb0-46c6-b60c-3594eb7ea60f,Felix,Koglin,117030b2-c7c3-4bab-ac1d-2b3b81b2b9d1,10,5
7716349a-8bb0-46c6-b60c-3594eb7ea60f,Felix,Koglin,117030b2-c7c3-4bab-ac1d-2b3b81b2b9d1,11,3
7716349a-8bb0-46c6-b60c-3594eb7ea60f,Felix,Koglin,117030b2-c7c3-4bab-ac1d-2b3b81b2b9d1,12,5
7716349a-8bb0-46c6-b60c-3594eb7ea60f,Felix,Koglin,117030b2-c7c3-4bab-ac1d-2b3b81b2b9d1,13,4
7716349a-8bb0-46c6-b60c-3594eb7ea60f,Felix,Koglin,117030b2-c7c3-4bab-ac1d-2b3b81b2b9d1,14,4
7716349a-8bb0-46c6-b60c-3594eb7ea60f,Felix,Koglin,117030b2-c7c3-4bab-ac1d-2b3b81b2b9d1,15,4
7716349a-8bb0-46c6-b60c-3594eb7ea60f,Felix,Koglin,117030b2-c7c3-4bab-ac1d-2b3b81b2b9d1,16,4
7716349a-8bb0-46c6-b60c-3594eb7ea60f,Felix,Koglin,117030b2-c7c3-4bab-ac1d-2b3b81b2b9d1,17,4
7716349a-8bb0-46c6-b60c-3594eb7ea60f,Felix,Koglin,117030b2-c7c3-4bab-ac1d-2b3b81b2b9d1,18,5
d4a92ae2-6ecd-4043-8b5a-82414c597036,Jacob,Boether,14e39112-6ce6-4eaf-9b97-097f758789f4,1,5
d4a92ae2-6ecd-4043-8b5a-82414c597036,Jacob,Boether,14e39112-6ce6-4eaf-9b97-097f758789f4,3,3
d4a92ae2-6ecd-4043-8b5a-82414c597036,Jacob,Boether,14e39112-6ce6-4eaf-9b97-097f758789f4,4,4
d4a92ae2-6ecd-4043-8b5a-82414c597036,Jacob,Boether,14e39112-6ce6-4eaf-9b97-097f758789f4,1,5
d4a92ae2-6ecd-4043-8b5a-82414c597036,Jacob,Boether,14e39112-6ce6-4eaf-9b97-097f758789f4,2,7
d4a92ae2-6ecd-4043-8b5a-82414c597036,Jacob,Boether,14e39112-6ce6-4eaf-9b97-097f758789f4,3,4
d4a92ae2-6ecd-4043-8b5a-82414c597036,Jacob,Boether,14e39112-6ce6-4eaf-9b97-097f758789f4,4,4
d4a92ae2-6ecd-4043-8b5a-82414c597036,Jacob,Boether,14e39112-6ce6-4eaf-9b97-097f758789f4,5,3
d4a92ae2-6ecd-4043-8b5a-82414c597036,Jacob,Boether,14e39112-6ce6-4eaf-9b97-097f758789f4,6,5
d4a92ae2-6ecd-4043-8b5a-82414c597036,Jacob,Boether,14e39112-6ce6-4eaf-9b97-097f758789f4,7,3
d4a92ae2-6ecd-4043-8b5a-82414c597036,Jacob,Boether,14e39112-6ce6-4eaf-9b97-097f758789f4,8,3
d4a92ae2-6ecd-4043-8b5a-82414c597036,Jacob,Boether,14e39112-6ce6-4eaf-9b97-097f758789f4,9,4
d4a92ae2-6ecd-4043-8b5a-82414c597036,Jacob,Boether,14e39112-6ce6-4eaf-9b97-097f758789f4,5,4
d4a92ae2-6ecd-4043-8b5a-82414c597036,Jacob,Boether,14e39112-6ce6-4eaf-9b97-097f758789f4,6,5
d4a92ae2-6ecd-4043-8b5a-82414c597036,Jacob,Boether,14e39112-6ce6-4eaf-9b97-097f758789f4,7,5
d4a92ae2-6ecd-4043-8b5a-82414c597036,Jacob,Boether,14e39112-6ce6-4eaf-9b97-097f758789f4,8,4
d4a92ae2-6ecd-4043-8b5a-82414c597036,Jacob,Boether,14e39112-6ce6-4eaf-9b97-097f758789f4,10,4
d4a92ae2-6ecd-4043-8b5a-82414c597036,Jacob,Boether,14e39112-6ce6-4eaf-9b97-097f758789f4,11,6
d4a92ae2-6ecd-4043-8b5a-82414c597036,Jacob,Boether,14e39112-6ce6-4eaf-9b97-097f758789f4,12,4
d4a92ae2-6ecd-4043-8b5a-82414c597036,Jacob,Boether,14e39112-6ce6-4eaf-9b97-097f758789f4,13,3
d4a92ae2-6ecd-4043-8b5a-82414c597036,Jacob,Boether,14e39112-6ce6-4eaf-9b97-097f758789f4,14,5
d4a92ae2-6ecd-4043-8b5a-82414c597036,Jacob,Boether,14e39112-6ce6-4eaf-9b97-097f758789f4,15,4
d4a92ae2-6ecd-4043-8b5a-82414c597036,Jacob,Boether,14e39112-6ce6-4eaf-9b97-097f758789f4,16,4
d4a92ae2-6ecd-4043-8b5a-82414c597036,Jacob,Boether,14e39112-6ce6-4eaf-9b97-097f758789f4,17,3
d4a92ae2-6ecd-4043-8b5a-82414c597036,Jacob,Boether,14e39112-6ce6-4eaf-9b97-097f758789f4,18,4
d4a92ae2-6ecd-4043-8b5a-82414c597036,Jacob,Boether,14e39112-6ce6-4eaf-9b97-097f758789f4,2,4
d4a92ae2-6ecd-4043-8b5a-82414c597036,Jacob,Boether,14e39112-6ce6-4eaf-9b97-097f758789f4,13,3
d4a92ae2-6ecd-4043-8b5a-82414c597036,Jacob,Boether,14e39112-6ce6-4eaf-9b97-097f758789f4,15,3
d4a92ae2-6ecd-4043-8b5a-82414c597036,Jacob,Boether,14e39112-6ce6-4eaf-9b97-097f758789f4,18,4
d4a92ae2-6ecd-4043-8b5a-82414c597036,Jacob,Boether,14e39112-6ce6-4eaf-9b97-097f758789f4,9,4
d4a92ae2-6ecd-4043-8b5a-82414c597036,Jacob,Boether,14e39112-6ce6-4eaf-9b97-097f758789f4,10,5
d4a92ae2-6ecd-4043-8b5a-82414c597036,Jacob,Boether,14e39112-6ce6-4eaf-9b97-097f758789f4,11,5
d4a92ae2-6ecd-4043-8b5a-82414c597036,Jacob,Boether,14e39112-6ce6-4eaf-9b97-097f758789f4,12,4
d4a92ae2-6ecd-4043-8b5a-82414c597036,Jacob,Boether,14e39112-6ce6-4eaf-9b97-097f758789f4,14,4
d4a92ae2-6ecd-4043-8b5a-82414c597036,Jacob,Boether,14e39112-6ce6-4eaf-9b97-097f758789f4,16,4
d4a92ae2-6ecd-4043-8b5a-82414c597036,Jacob,Boether,14e39112-6ce6-4eaf-9b97-097f758789f4,17,2
d4a92ae2-6ecd-4043-8b5a-82414c597036,Julian,Schwarz,16bbde86-be42-4588-bf60-d2798fec823b,2,3
d4a92ae2-6ecd-4043-8b5a-82414c597036,Julian,Schwarz,16bbde86-be42-4588-bf60-d2798fec823b,1,5
d4a92ae2-6ecd-4043-8b5a-82414c597036,Julian,Schwarz,16bbde86-be42-4588-bf60-d2798fec823b,2,4
d4a92ae2-6ecd-4043-8b5a-82414c597036,Julian,Schwarz,16bbde86-be42-4588-bf60-d2798fec823b,3,4
d4a92ae2-6ecd-4043-8b5a-82414c597036,Julian,Schwarz,16bbde86-be42-4588-bf60-d2798fec823b,4,3
d4a92ae2-6ecd-4043-8b5a-82414c597036,Julian,Schwarz,16bbde86-be42-4588-bf60-d2798fec823b,5,4
d4a92ae2-6ecd-4043-8b5a-82414c597036,Julian,Schwarz,16bbde86-be42-4588-bf60-d2798fec823b,6,4
d4a92ae2-6ecd-4043-8b5a-82414c597036,Julian,Schwarz,16bbde86-be42-4588-bf60-d2798fec823b,7,4
d4a92ae2-6ecd-4043-8b5a-82414c597036,Julian,Schwarz,16bbde86-be42-4588-bf60-d2798fec823b,8,3
d4a92ae2-6ecd-4043-8b5a-82414c597036,Julian,Schwarz,16bbde86-be42-4588-bf60-d2798fec823b,9,5
d4a92ae2-6ecd-4043-8b5a-82414c597036,Julian,Schwarz,16bbde86-be42-4588-bf60-d2798fec823b,10,4
d4a92ae2-6ecd-4043-8b5a-82414c597036,Julian,Schwarz,16bbde86-be42-4588-bf60-d2798fec823b,11,4
d4a92ae2-6ecd-4043-8b5a-82414c597036,Julian,Schwarz,16bbde86-be42-4588-bf60-d2798fec823b,12,3
d4a92ae2-6ecd-4043-8b5a-82414c597036,Julian,Schwarz,16bbde86-be42-4588-bf60-d2798fec823b,13,3
d4a92ae2-6ecd-4043-8b5a-82414c597036,Julian,Schwarz,16bbde86-be42-4588-bf60-d2798fec823b,14,4
d4a92ae2-6ecd-4043-8b5a-82414c597036,Julian,Schwarz,16bbde86-be42-4588-bf60-d2798fec823b,15,3
d4a92ae2-6ecd-4043-8b5a-82414c597036,Julian,Schwarz,16bbde86-be42-4588-bf60-d2798fec823b,16,5
d4a92ae2-6ecd-4043-8b5a-82414c597036,Julian,Schwarz,16bbde86-be42-4588-bf60-d2798fec823b,17,3
d4a92ae2-6ecd-4043-8b5a-82414c597036,Julian,Schwarz,16bbde86-be42-4588-bf60-d2798fec823b,18,5
d4a92ae2-6ecd-4043-8b5a-82414c597036,Julian,Schwarz,16bbde86-be42-4588-bf60-d2798fec823b,1,5
d4a92ae2-6ecd-4043-8b5a-82414c597036,Julian,Schwarz,16bbde86-be42-4588-bf60-d2798fec823b,2,4
d4a92ae2-6ecd-4043-8b5a-82414c597036,Julian,Schwarz,16bbde86-be42-4588-bf60-d2798fec823b,3,3
d4a92ae2-6ecd-4043-8b5a-82414c597036,Julian,Schwarz,16bbde86-be42-4588-bf60-d2798fec823b,4,5
d4a92ae2-6ecd-4043-8b5a-82414c597036,Julian,Schwarz,16bbde86-be42-4588-bf60-d2798fec823b,5,2
d4a92ae2-6ecd-4043-8b5a-82414c597036,Julian,Schwarz,16bbde86-be42-4588-bf60-d2798fec823b,6,5
d4a92ae2-6ecd-4043-8b5a-82414c597036,Julian,Schwarz,16bbde86-be42-4588-bf60-d2798fec823b,7,4
d4a92ae2-6ecd-4043-8b5a-82414c597036,Julian,Schwarz,16bbde86-be42-4588-bf60-d2798fec823b,8,4
d4a92ae2-6ecd-4043-8b5a-82414c597036,Julian,Schwarz,16bbde86-be42-4588-bf60-d2798fec823b,9,4
d4a92ae2-6ecd-4043-8b5a-82414c597036,Julian,Schwarz,16bbde86-be42-4588-bf60-d2798fec823b,10,4
d4a92ae2-6ecd-4043-8b5a-82414c597036,Julian,Schwarz,16bbde86-be42-4588-bf60-d2798fec823b,11,7
d4a92ae2-6ecd-4043-8b5a-82414c597036,Julian,Schwarz,16bbde86-be42-4588-bf60-d2798fec823b,12,4
d4a92ae2-6ecd-4043-8b5a-82414c597036,Julian,Schwarz,16bbde86-be42-4588-bf60-d2798fec823b,13,3
d4a92ae2-6ecd-4043-8b5a-82414c597036,Julian,Schwarz,16bbde86-be42-4588-bf60-d2798fec823b,14,4
d4a92ae2-6ecd-4043-8b5a-82414c597036,Julian,Schwarz,16bbde86-be42-4588-bf60-d2798fec823b,15,4
d4a92ae2-6ecd-4043-8b5a-82414c597036,Julian,Schwarz,16bbde86-be42-4588-bf60-d2798fec823b,16,3
d4a92ae2-6ecd-4043-8b5a-82414c597036,Julian,Schwarz,16bbde86-be42-4588-bf60-d2798fec823b,17,2
d4a92ae2-6ecd-4043-8b5a-82414c597036,Julian,Schwarz,16bbde86-be42-4588-bf60-d2798fec823b,18,4
d4a92ae2-6ecd-4043-8b5a-82414c597036,Julian,Schwarz,16bbde86-be42-4588-bf60-d2798fec823b,1,5
d4a92ae2-6ecd-4043-8b5a-82414c597036,Julian,Schwarz,16bbde86-be42-4588-bf60-d2798fec823b,3,2
d4a92ae2-6ecd-4043-8b5a-82414c597036,Julian,Schwarz,16bbde86-be42-4588-bf60-d2798fec823b,4,3
d4a92ae2-6ecd-4043-8b5a-82414c597036,Julian,Schwarz,16bbde86-be42-4588-bf60-d2798fec823b,5,4
d4a92ae2-6ecd-4043-8b5a-82414c597036,Julian,Schwarz,16bbde86-be42-4588-bf60-d2798fec823b,6,4
d4a92ae2-6ecd-4043-8b5a-82414c597036,Julian,Schwarz,16bbde86-be42-4588-bf60-d2798fec823b,7,4
d4a92ae2-6ecd-4043-8b5a-82414c597036,Julian,Schwarz,16bbde86-be42-4588-bf60-d2798fec823b,8,4
d4a92ae2-6ecd-4043-8b5a-82414c597036,Julian,Schwarz,16bbde86-be42-4588-bf60-d2798fec823b,9,4
d4a92ae2-6ecd-4043-8b5a-82414c597036,Julian,Schwarz,16bbde86-be42-4588-bf60-d2798fec823b,10,4
d4a92ae2-6ecd-4043-8b5a-82414c597036,Julian,Schwarz,16bbde86-be42-4588-bf60-d2798fec823b,11,4
d4a92ae2-6ecd-4043-8b5a-82414c597036,Julian,Schwarz,16bbde86-be42-4588-bf60-d2798fec823b,12,4
d4a92ae2-6ecd-4043-8b5a-82414c597036,Julian,Schwarz,16bbde86-be42-4588-bf60-d2798fec823b,13,3
d4a92ae2-6ecd-4043-8b5a-82414c597036,Julian,Schwarz,16bbde86-be42-4588-bf60-d2798fec823b,14,4
d4a92ae2-6ecd-4043-8b5a-82414c597036,Julian,Schwarz,16bbde86-be42-4588-bf60-d2798fec823b,15,4
d4a92ae2-6ecd-4043-8b5a-82414c597036,Julian,Schwarz,16bbde86-be42-4588-bf60-d2798fec823b,16,4
d4a92ae2-6ecd-4043-8b5a-82414c597036,Julian,Schwarz,16bbde86-be42-4588-bf60-d2798fec823b,17,3
d4a92ae2-6ecd-4043-8b5a-82414c597036,Julian,Schwarz,16bbde86-be42-4588-bf60-d2798fec823b,18,3
7716349a-8bb0-46c6-b60c-3594eb7ea60f,Phillip,Hövermann,19b44c8b-f73c-464f-a197-236cf91f225b,1,5
7716349a-8bb0-46c6-b60c-3594eb7ea60f,Phillip,Hövermann,19b44c8b-f73c-464f-a197-236cf91f225b,2,4
7716349a-8bb0-46c6-b60c-3594eb7ea60f,Phillip,Hövermann,19b44c8b-f73c-464f-a197-236cf91f225b,3,4
7716349a-8bb0-46c6-b60c-3594eb7ea60f,Phillip,Hövermann,19b44c8b-f73c-464f-a197-236cf91f225b,4,3
7716349a-8bb0-46c6-b60c-3594eb7ea60f,Phillip,Hövermann,19b44c8b-f73c-464f-a197-236cf91f225b,5,3
7716349a-8bb0-46c6-b60c-3594eb7ea60f,Phillip,Hövermann,19b44c8b-f73c-464f-a197-236cf91f225b,7,4
7716349a-8bb0-46c6-b60c-3594eb7ea60f,Phillip,Hövermann,19b44c8b-f73c-464f-a197-236cf91f225b,9,5
7716349a-8bb0-46c6-b60c-3594eb7ea60f,Phillip,Hövermann,19b44c8b-f73c-464f-a197-236cf91f225b,10,5
7716349a-8bb0-46c6-b60c-3594eb7ea60f,Phillip,Hövermann,19b44c8b-f73c-464f-a197-236cf91f225b,8,4
7716349a-8bb0-46c6-b60c-3594eb7ea60f,Phillip,Hövermann,19b44c8b-f73c-464f-a197-236cf91f225b,11,4
7716349a-8bb0-46c6-b60c-3594eb7ea60f,Phillip,Hövermann,19b44c8b-f73c-464f-a197-236cf91f225b,6,3
7716349a-8bb0-46c6-b60c-3594eb7ea60f,Phillip,Hövermann,19b44c8b-f73c-464f-a197-236cf91f225b,12,5
7716349a-8bb0-46c6-b60c-3594eb7ea60f,Phillip,Hövermann,19b44c8b-f73c-464f-a197-236cf91f225b,13,6
7716349a-8bb0-46c6-b60c-3594eb7ea60f,Phillip,Hövermann,19b44c8b-f73c-464f-a197-236cf91f225b,14,5
7716349a-8bb0-46c6-b60c-3594eb7ea60f,Phillip,Hövermann,19b44c8b-f73c-464f-a197-236cf91f225b,15,3
7716349a-8bb0-46c6-b60c-3594eb7ea60f,Phillip,Hövermann,19b44c8b-f73c-464f-a197-236cf91f225b,16,4
7716349a-8bb0-46c6-b60c-3594eb7ea60f,Phillip,Hövermann,19b44c8b-f73c-464f-a197-236cf91f225b,17,5
7716349a-8bb0-46c6-b60c-3594eb7ea60f,Phillip,Hövermann,19b44c8b-f73c-464f-a197-236cf91f225b,18,4
7716349a-8bb0-46c6-b60c-3594eb7ea60f,Louis Maximilian,Eirund,21380286-b867-4919-83b5-08eaac386dfe,1,6
7716349a-8bb0-46c6-b60c-3594eb7ea60f,Louis Maximilian,Eirund,21380286-b867-4919-83b5-08eaac386dfe,8,5
7716349a-8bb0-46c6-b60c-3594eb7ea60f,Louis Maximilian,Eirund,21380286-b867-4919-83b5-08eaac386dfe,2,12
7716349a-8bb0-46c6-b60c-3594eb7ea60f,Louis Maximilian,Eirund,21380286-b867-4919-83b5-08eaac386dfe,5,5
7716349a-8bb0-46c6-b60c-3594eb7ea60f,Louis Maximilian,Eirund,21380286-b867-4919-83b5-08eaac386dfe,4,4
7716349a-8bb0-46c6-b60c-3594eb7ea60f,Louis Maximilian,Eirund,21380286-b867-4919-83b5-08eaac386dfe,6,5
7716349a-8bb0-46c6-b60c-3594eb7ea60f,Louis Maximilian,Eirund,21380286-b867-4919-83b5-08eaac386dfe,7,4
7716349a-8bb0-46c6-b60c-3594eb7ea60f,Louis Maximilian,Eirund,21380286-b867-4919-83b5-08eaac386dfe,9,7
7716349a-8bb0-46c6-b60c-3594eb7ea60f,Louis Maximilian,Eirund,21380286-b867-4919-83b5-08eaac386dfe,3,5
d4a92ae2-6ecd-4043-8b5a-82414c597036,Justus,von Rüden,288cb02f-b30e-4cb3-8faf-08f5364d19fc,1,5
d4a92ae2-6ecd-4043-8b5a-82414c597036,Justus,von Rüden,288cb02f-b30e-4cb3-8faf-08f5364d19fc,1,7
d4a92ae2-6ecd-4043-8b5a-82414c597036,Justus,von Rüden,288cb02f-b30e-4cb3-8faf-08f5364d19fc,2,5
d4a92ae2-6ecd-4043-8b5a-82414c597036,Justus,von Rüden,288cb02f-b30e-4cb3-8faf-08f5364d19fc,3,3
d4a92ae2-6ecd-4043-8b5a-82414c597036,Justus,von Rüden,288cb02f-b30e-4cb3-8faf-08f5364d19fc,4,5
d4a92ae2-6ecd-4043-8b5a-82414c597036,Justus,von Rüden,288cb02f-b30e-4cb3-8faf-08f5364d19fc,5,5
d4a92ae2-6ecd-4043-8b5a-82414c597036,Justus,von Rüden,288cb02f-b30e-4cb3-8faf-08f5364d19fc,6,8
d4a92ae2-6ecd-4043-8b5a-82414c597036,Justus,von Rüden,288cb02f-b30e-4cb3-8faf-08f5364d19fc,9,5
d4a92ae2-6ecd-4043-8b5a-82414c597036,Justus,von Rüden,288cb02f-b30e-4cb3-8faf-08f5364d19fc,10,7
d4a92ae2-6ecd-4043-8b5a-82414c597036,Justus,von Rüden,288cb02f-b30e-4cb3-8faf-08f5364d19fc,11,7
d4a92ae2-6ecd-4043-8b5a-82414c597036,Justus,von Rüden,288cb02f-b30e-4cb3-8faf-08f5364d19fc,12,4
d4a92ae2-6ecd-4043-8b5a-82414c597036,Justus,von Rüden,288cb02f-b30e-4cb3-8faf-08f5364d19fc,13,3
d4a92ae2-6ecd-4043-8b5a-82414c597036,Justus,von Rüden,288cb02f-b30e-4cb3-8faf-08f5364d19fc,14,6
d4a92ae2-6ecd-4043-8b5a-82414c597036,Justus,von Rüden,288cb02f-b30e-4cb3-8faf-08f5364d19fc,1,6
d4a92ae2-6ecd-4043-8b5a-82414c597036,Justus,von Rüden,288cb02f-b30e-4cb3-8faf-08f5364d19fc,2,7
d4a92ae2-6ecd-4043-8b5a-82414c597036,Justus,von Rüden,288cb02f-b30e-4cb3-8faf-08f5364d19fc,3,8
d4a92ae2-6ecd-4043-8b5a-82414c597036,Justus,von Rüden,288cb02f-b30e-4cb3-8faf-08f5364d19fc,4,5
d4a92ae2-6ecd-4043-8b5a-82414c597036,Justus,von Rüden,288cb02f-b30e-4cb3-8faf-08f5364d19fc,5,4
d4a92ae2-6ecd-4043-8b5a-82414c597036,Justus,von Rüden,288cb02f-b30e-4cb3-8faf-08f5364d19fc,6,6
d4a92ae2-6ecd-4043-8b5a-82414c597036,Justus,von Rüden,288cb02f-b30e-4cb3-8faf-08f5364d19fc,7,6
d4a92ae2-6ecd-4043-8b5a-82414c597036,Justus,von Rüden,288cb02f-b30e-4cb3-8faf-08f5364d19fc,8,7
d4a92ae2-6ecd-4043-8b5a-82414c597036,Justus,von Rüden,288cb02f-b30e-4cb3-8faf-08f5364d19fc,9,6
d4a92ae2-6ecd-4043-8b5a-82414c597036,Justus,von Rüden,288cb02f-b30e-4cb3-8faf-08f5364d19fc,10,7
d4a92ae2-6ecd-4043-8b5a-82414c597036,Justus,von Rüden,288cb02f-b30e-4cb3-8faf-08f5364d19fc,11,6
d4a92ae2-6ecd-4043-8b5a-82414c597036,Justus,von Rüden,288cb02f-b30e-4cb3-8faf-08f5364d19fc,12,6
d4a92ae2-6ecd-4043-8b5a-82414c597036,Justus,von Rüden,288cb02f-b30e-4cb3-8faf-08f5364d19fc,13,4
d4a92ae2-6ecd-4043-8b5a-82414c597036,Justus,von Rüden,288cb02f-b30e-4cb3-8faf-08f5364d19fc,14,5
d4a92ae2-6ecd-4043-8b5a-82414c597036,Justus,von Rüden,288cb02f-b30e-4cb3-8faf-08f5364d19fc,15,7
d4a92ae2-6ecd-4043-8b5a-82414c597036,Justus,von Rüden,288cb02f-b30e-4cb3-8faf-08f5364d19fc,16,5
d4a92ae2-6ecd-4043-8b5a-82414c597036,Justus,von Rüden,288cb02f-b30e-4cb3-8faf-08f5364d19fc,17,4
d4a92ae2-6ecd-4043-8b5a-82414c597036,Justus,von Rüden,288cb02f-b30e-4cb3-8faf-08f5364d19fc,18,6
d4a92ae2-6ecd-4043-8b5a-82414c597036,Justus,von Rüden,288cb02f-b30e-4cb3-8faf-08f5364d19fc,15,5
d4a92ae2-6ecd-4043-8b5a-82414c597036,Justus,von Rüden,288cb02f-b30e-4cb3-8faf-08f5364d19fc,16,6
d4a92ae2-6ecd-4043-8b5a-82414c597036,Justus,von Rüden,288cb02f-b30e-4cb3-8faf-08f5364d19fc,17,4
d4a92ae2-6ecd-4043-8b5a-82414c597036,Justus,von Rüden,288cb02f-b30e-4cb3-8faf-08f5364d19fc,18,7
d4a92ae2-6ecd-4043-8b5a-82414c597036,Justus,von Rüden,288cb02f-b30e-4cb3-8faf-08f5364d19fc,7,5
d4a92ae2-6ecd-4043-8b5a-82414c597036,Justus,von Rüden,288cb02f-b30e-4cb3-8faf-08f5364d19fc,8,7
d4a92ae2-6ecd-4043-8b5a-82414c597036,Justus,von Rüden,288cb02f-b30e-4cb3-8faf-08f5364d19fc,2,5
d4a92ae2-6ecd-4043-8b5a-82414c597036,Justus,von Rüden,288cb02f-b30e-4cb3-8faf-08f5364d19fc,3,3
d4a92ae2-6ecd-4043-8b5a-82414c597036,Justus,von Rüden,288cb02f-b30e-4cb3-8faf-08f5364d19fc,4,7
d4a92ae2-6ecd-4043-8b5a-82414c597036,Justus,von Rüden,288cb02f-b30e-4cb3-8faf-08f5364d19fc,5,4
d4a92ae2-6ecd-4043-8b5a-82414c597036,Justus,von Rüden,288cb02f-b30e-4cb3-8faf-08f5364d19fc,6,8
d4a92ae2-6ecd-4043-8b5a-82414c597036,Justus,von Rüden,288cb02f-b30e-4cb3-8faf-08f5364d19fc,7,5
d4a92ae2-6ecd-4043-8b5a-82414c597036,Justus,von Rüden,288cb02f-b30e-4cb3-8faf-08f5364d19fc,8,6
d4a92ae2-6ecd-4043-8b5a-82414c597036,Justus,von Rüden,288cb02f-b30e-4cb3-8faf-08f5364d19fc,9,6
d4a92ae2-6ecd-4043-8b5a-82414c597036,Justus,von Rüden,288cb02f-b30e-4cb3-8faf-08f5364d19fc,10,8
d4a92ae2-6ecd-4043-8b5a-82414c597036,Justus,von Rüden,288cb02f-b30e-4cb3-8faf-08f5364d19fc,11,7
d4a92ae2-6ecd-4043-8b5a-82414c597036,Justus,von Rüden,288cb02f-b30e-4cb3-8faf-08f5364d19fc,12,5
d4a92ae2-6ecd-4043-8b5a-82414c597036,Justus,von Rüden,288cb02f-b30e-4cb3-8faf-08f5364d19fc,13,4
d4a92ae2-6ecd-4043-8b5a-82414c597036,Justus,von Rüden,288cb02f-b30e-4cb3-8faf-08f5364d19fc,14,5
d4a92ae2-6ecd-4043-8b5a-82414c597036,Justus,von Rüden,288cb02f-b30e-4cb3-8faf-08f5364d19fc,15,5
d4a92ae2-6ecd-4043-8b5a-82414c597036,Justus,von Rüden,288cb02f-b30e-4cb3-8faf-08f5364d19fc,16,6
d4a92ae2-6ecd-4043-8b5a-82414c597036,Justus,von Rüden,288cb02f-b30e-4cb3-8faf-08f5364d19fc,17,4
d4a92ae2-6ecd-4043-8b5a-82414c597036,Justus,von Rüden,288cb02f-b30e-4cb3-8faf-08f5364d19fc,18,6
d4a92ae2-6ecd-4043-8b5a-82414c597036,Elias,Didjurgis,2c5f4c05-03c1-4d64-960d-4e7b3c33c949,5,4
d4a92ae2-6ecd-4043-8b5a-82414c597036,Elias,Didjurgis,2c5f4c05-03c1-4d64-960d-4e7b3c33c949,1,6
d4a92ae2-6ecd-4043-8b5a-82414c597036,Elias,Didjurgis,2c5f4c05-03c1-4d64-960d-4e7b3c33c949,2,5
d4a92ae2-6ecd-4043-8b5a-82414c597036,Elias,Didjurgis,2c5f4c05-03c1-4d64-960d-4e7b3c33c949,3,4
d4a92ae2-6ecd-4043-8b5a-82414c597036,Elias,Didjurgis,2c5f4c05-03c1-4d64-960d-4e7b3c33c949,4,4
d4a92ae2-6ecd-4043-8b5a-82414c597036,Elias,Didjurgis,2c5f4c05-03c1-4d64-960d-4e7b3c33c949,5,4
d4a92ae2-6ecd-4043-8b5a-82414c597036,Elias,Didjurgis,2c5f4c05-03c1-4d64-960d-4e7b3c33c949,6,5
d4a92ae2-6ecd-4043-8b5a-82414c597036,Elias,Didjurgis,2c5f4c05-03c1-4d64-960d-4e7b3c33c949,7,5
d4a92ae2-6ecd-4043-8b5a-82414c597036,Elias,Didjurgis,2c5f4c05-03c1-4d64-960d-4e7b3c33c949,8,6
d4a92ae2-6ecd-4043-8b5a-82414c597036,Elias,Didjurgis,2c5f4c05-03c1-4d64-960d-4e7b3c33c949,9,4
d4a92ae2-6ecd-4043-8b5a-82414c597036,Elias,Didjurgis,2c5f4c05-03c1-4d64-960d-4e7b3c33c949,1,6
d4a92ae2-6ecd-4043-8b5a-82414c597036,Elias,Didjurgis,2c5f4c05-03c1-4d64-960d-4e7b3c33c949,2,4
d4a92ae2-6ecd-4043-8b5a-82414c597036,Elias,Didjurgis,2c5f4c05-03c1-4d64-960d-4e7b3c33c949,3,5
d4a92ae2-6ecd-4043-8b5a-82414c597036,Elias,Didjurgis,2c5f4c05-03c1-4d64-960d-4e7b3c33c949,5,3
d4a92ae2-6ecd-4043-8b5a-82414c597036,Elias,Didjurgis,2c5f4c05-03c1-4d64-960d-4e7b3c33c949,6,5
d4a92ae2-6ecd-4043-8b5a-82414c597036,Elias,Didjurgis,2c5f4c05-03c1-4d64-960d-4e7b3c33c949,7,5
d4a92ae2-6ecd-4043-8b5a-82414c597036,Elias,Didjurgis,2c5f4c05-03c1-4d64-960d-4e7b3c33c949,8,4
d4a92ae2-6ecd-4043-8b5a-82414c597036,Elias,Didjurgis,2c5f4c05-03c1-4d64-960d-4e7b3c33c949,4,3
d4a92ae2-6ecd-4043-8b5a-82414c597036,Elias,Didjurgis,2c5f4c05-03c1-4d64-960d-4e7b3c33c949,9,5
d4a92ae2-6ecd-4043-8b5a-82414c597036,Elias,Didjurgis,2c5f4c05-03c1-4d64-960d-4e7b3c33c949,1,5
d4a92ae2-6ecd-4043-8b5a-82414c597036,Elias,Didjurgis,2c5f4c05-03c1-4d64-960d-4e7b3c33c949,2,6
d4a92ae2-6ecd-4043-8b5a-82414c597036,Elias,Didjurgis,2c5f4c05-03c1-4d64-960d-4e7b3c33c949,3,4
d4a92ae2-6ecd-4043-8b5a-82414c597036,Elias,Didjurgis,2c5f4c05-03c1-4d64-960d-4e7b3c33c949,4,4
d4a92ae2-6ecd-4043-8b5a-82414c597036,Elias,Didjurgis,2c5f4c05-03c1-4d64-960d-4e7b3c33c949,6,7
d4a92ae2-6ecd-4043-8b5a-82414c597036,Elias,Didjurgis,2c5f4c05-03c1-4d64-960d-4e7b3c33c949,7,5
d4a92ae2-6ecd-4043-8b5a-82414c597036,Elias,Didjurgis,2c5f4c05-03c1-4d64-960d-4e7b3c33c949,8,4
d4a92ae2-6ecd-4043-8b5a-82414c597036,Elias,Didjurgis,2c5f4c05-03c1-4d64-960d-4e7b3c33c949,9,5
7716349a-8bb0-46c6-b60c-3594eb7ea60f,Lukas,Güvenal,2cc9e7cd-f36e-4f27-ac2e-6959eecef670,1,9
7716349a-8bb0-46c6-b60c-3594eb7ea60f,Lukas,Güvenal,2cc9e7cd-f36e-4f27-ac2e-6959eecef670,7,4
7716349a-8bb0-46c6-b60c-3594eb7ea60f,Lukas,Güvenal,2cc9e7cd-f36e-4f27-ac2e-6959eecef670,5,9
7716349a-8bb0-46c6-b60c-3594eb7ea60f,Lukas,Güvenal,2cc9e7cd-f36e-4f27-ac2e-6959eecef670,6,14
7716349a-8bb0-46c6-b60c-3594eb7ea60f,Lukas,Güvenal,2cc9e7cd-f36e-4f27-ac2e-6959eecef670,9,11
7716349a-8bb0-46c6-b60c-3594eb7ea60f,Lukas,Güvenal,2cc9e7cd-f36e-4f27-ac2e-6959eecef670,2,9
7716349a-8bb0-46c6-b60c-3594eb7ea60f,Lukas,Güvenal,2cc9e7cd-f36e-4f27-ac2e-6959eecef670,3,5
7716349a-8bb0-46c6-b60c-3594eb7ea60f,Lukas,Güvenal,2cc9e7cd-f36e-4f27-ac2e-6959eecef670,4,7
7716349a-8bb0-46c6-b60c-3594eb7ea60f,Lukas,Güvenal,2cc9e7cd-f36e-4f27-ac2e-6959eecef670,8,7
7716349a-8bb0-46c6-b60c-3594eb7ea60f,Maximilian Jackson,Sharp,2e22731c-34b3-4726-937a-18e90d4213a7,1,6
7716349a-8bb0-46c6-b60c-3594eb7ea60f,Maximilian Jackson,Sharp,2e22731c-34b3-4726-937a-18e90d4213a7,2,4
7716349a-8bb0-46c6-b60c-3594eb7ea60f,Maximilian Jackson,Sharp,2e22731c-34b3-4726-937a-18e90d4213a7,3,4
7716349a-8bb0-46c6-b60c-3594eb7ea60f,Maximilian Jackson,Sharp,2e22731c-34b3-4726-937a-18e90d4213a7,4,4
7716349a-8bb0-46c6-b60c-3594eb7ea60f,Maximilian Jackson,Sharp,2e22731c-34b3-4726-937a-18e90d4213a7,7,3
7716349a-8bb0-46c6-b60c-3594eb7ea60f,Maximilian Jackson,Sharp,2e22731c-34b3-4726-937a-18e90d4213a7,8,5
,Maximilian Jackson,Sharp,2e22731c-34b3-4726-937a-18e90d4213a7,1,4
,Maximilian Jackson,Sharp,2e22731c-34b3-4726-937a-18e90d4213a7,2,5
,Maximilian Jackson,Sharp,2e22731c-34b3-4726-937a-18e90d4213a7,3,3
7716349a-8bb0-46c6-b60c-3594eb7ea60f,Maximilian Jackson,Sharp,2e22731c-34b3-4726-937a-18e90d4213a7,9,6
7716349a-8bb0-46c6-b60c-3594eb7ea60f,Maximilian Jackson,Sharp,2e22731c-34b3-4726-937a-18e90d4213a7,10,5
7716349a-8bb0-46c6-b60c-3594eb7ea60f,Maximilian Jackson,Sharp,2e22731c-34b3-4726-937a-18e90d4213a7,11,4
7716349a-8bb0-46c6-b60c-3594eb7ea60f,Maximilian Jackson,Sharp,2e22731c-34b3-4726-937a-18e90d4213a7,12,4
7716349a-8bb0-46c6-b60c-3594eb7ea60f,Maximilian Jackson,Sharp,2e22731c-34b3-4726-937a-18e90d4213a7,13,7
7716349a-8bb0-46c6-b60c-3594eb7ea60f,Maximilian Jackson,Sharp,2e22731c-34b3-4726-937a-18e90d4213a7,14,7
7716349a-8bb0-46c6-b60c-3594eb7ea60f,Maximilian Jackson,Sharp,2e22731c-34b3-4726-937a-18e90d4213a7,15,4
7716349a-8bb0-46c6-b60c-3594eb7ea60f,Maximilian Jackson,Sharp,2e22731c-34b3-4726-937a-18e90d4213a7,16,6
7716349a-8bb0-46c6-b60c-3594eb7ea60f,Maximilian Jackson,Sharp,2e22731c-34b3-4726-937a-18e90d4213a7,17,5
7716349a-8bb0-46c6-b60c-3594eb7ea60f,Maximilian Jackson,Sharp,2e22731c-34b3-4726-937a-18e90d4213a7,18,9
7716349a-8bb0-46c6-b60c-3594eb7ea60f,Maximilian Jackson,Sharp,2e22731c-34b3-4726-937a-18e90d4213a7,6,4
7716349a-8bb0-46c6-b60c-3594eb7ea60f,Maximilian Jackson,Sharp,2e22731c-34b3-4726-937a-18e90d4213a7,5,6
d4a92ae2-6ecd-4043-8b5a-82414c597036,Paul Jules,Nischk,36381ba5-02d8-474e-a058-58b719674b9a,1,8
d4a92ae2-6ecd-4043-8b5a-82414c597036,Paul Jules,Nischk,36381ba5-02d8-474e-a058-58b719674b9a,2,4
d4a92ae2-6ecd-4043-8b5a-82414c597036,Paul Jules,Nischk,36381ba5-02d8-474e-a058-58b719674b9a,3,3
d4a92ae2-6ecd-4043-8b5a-82414c597036,Paul Jules,Nischk,36381ba5-02d8-474e-a058-58b719674b9a,4,4
d4a92ae2-6ecd-4043-8b5a-82414c597036,Paul Jules,Nischk,36381ba5-02d8-474e-a058-58b719674b9a,5,4
d4a92ae2-6ecd-4043-8b5a-82414c597036,Paul Jules,Nischk,36381ba5-02d8-474e-a058-58b719674b9a,6,7
d4a92ae2-6ecd-4043-8b5a-82414c597036,Paul Jules,Nischk,36381ba5-02d8-474e-a058-58b719674b9a,7,7
d4a92ae2-6ecd-4043-8b5a-82414c597036,Paul Jules,Nischk,36381ba5-02d8-474e-a058-58b719674b9a,8,6
d4a92ae2-6ecd-4043-8b5a-82414c597036,Paul Jules,Nischk,36381ba5-02d8-474e-a058-58b719674b9a,9,6
d4a92ae2-6ecd-4043-8b5a-82414c597036,Paul Jules,Nischk,36381ba5-02d8-474e-a058-58b719674b9a,1,7
d4a92ae2-6ecd-4043-8b5a-82414c597036,Paul Jules,Nischk,36381ba5-02d8-474e-a058-58b719674b9a,2,4
d4a92ae2-6ecd-4043-8b5a-82414c597036,Paul Jules,Nischk,36381ba5-02d8-474e-a058-58b719674b9a,3,3
d4a92ae2-6ecd-4043-8b5a-82414c597036,Paul Jules,Nischk,36381ba5-02d8-474e-a058-58b719674b9a,4,4
d4a92ae2-6ecd-4043-8b5a-82414c597036,Paul Jules,Nischk,36381ba5-02d8-474e-a058-58b719674b9a,5,5
d4a92ae2-6ecd-4043-8b5a-82414c597036,Paul Jules,Nischk,36381ba5-02d8-474e-a058-58b719674b9a,6,6
d4a92ae2-6ecd-4043-8b5a-82414c597036,Paul Jules,Nischk,36381ba5-02d8-474e-a058-58b719674b9a,7,5
d4a92ae2-6ecd-4043-8b5a-82414c597036,Paul Jules,Nischk,36381ba5-02d8-474e-a058-58b719674b9a,1,6
d4a92ae2-6ecd-4043-8b5a-82414c597036,Paul Jules,Nischk,36381ba5-02d8-474e-a058-58b719674b9a,2,5
d4a92ae2-6ecd-4043-8b5a-82414c597036,Paul Jules,Nischk,36381ba5-02d8-474e-a058-58b719674b9a,3,3
d4a92ae2-6ecd-4043-8b5a-82414c597036,Paul Jules,Nischk,36381ba5-02d8-474e-a058-58b719674b9a,4,5
d4a92ae2-6ecd-4043-8b5a-82414c597036,Paul Jules,Nischk,36381ba5-02d8-474e-a058-58b719674b9a,5,3
d4a92ae2-6ecd-4043-8b5a-82414c597036,Paul Jules,Nischk,36381ba5-02d8-474e-a058-58b719674b9a,6,6
d4a92ae2-6ecd-4043-8b5a-82414c597036,Paul Jules,Nischk,36381ba5-02d8-474e-a058-58b719674b9a,7,4
d4a92ae2-6ecd-4043-8b5a-82414c597036,Paul Jules,Nischk,36381ba5-02d8-474e-a058-58b719674b9a,8,5
d4a92ae2-6ecd-4043-8b5a-82414c597036,Paul Jules,Nischk,36381ba5-02d8-474e-a058-58b719674b9a,9,5
d4a92ae2-6ecd-4043-8b5a-82414c597036,Paul Jules,Nischk,36381ba5-02d8-474e-a058-58b719674b9a,8,7
d4a92ae2-6ecd-4043-8b5a-82414c597036,Paul Jules,Nischk,36381ba5-02d8-474e-a058-58b719674b9a,9,5
d4a92ae2-6ecd-4043-8b5a-82414c597036,Leander,Wienands,39ace5a0-881a-4178-aa2b-2fd274ebc40a,1,5
d4a92ae2-6ecd-4043-8b5a-82414c597036,Leander,Wienands,39ace5a0-881a-4178-aa2b-2fd274ebc40a,2,4
d4a92ae2-6ecd-4043-8b5a-82414c597036,Leander,Wienands,39ace5a0-881a-4178-aa2b-2fd274ebc40a,3,3
d4a92ae2-6ecd-4043-8b5a-82414c597036,Leander,Wienands,39ace5a0-881a-4178-aa2b-2fd274ebc40a,4,4
d4a92ae2-6ecd-4043-8b5a-82414c597036,Leander,Wienands,39ace5a0-881a-4178-aa2b-2fd274ebc40a,5,4
d4a92ae2-6ecd-4043-8b5a-82414c597036,Leander,Wienands,39ace5a0-881a-4178-aa2b-2fd274ebc40a,17,3
d4a92ae2-6ecd-4043-8b5a-82414c597036,Leander,Wienands,39ace5a0-881a-4178-aa2b-2fd274ebc40a,18,4
d4a92ae2-6ecd-4043-8b5a-82414c597036,Leander,Wienands,39ace5a0-881a-4178-aa2b-2fd274ebc40a,6,5
d4a92ae2-6ecd-4043-8b5a-82414c597036,Leander,Wienands,39ace5a0-881a-4178-aa2b-2fd274ebc40a,7,5
d4a92ae2-6ecd-4043-8b5a-82414c597036,Leander,Wienands,39ace5a0-881a-4178-aa2b-2fd274ebc40a,8,4
d4a92ae2-6ecd-4043-8b5a-82414c597036,Leander,Wienands,39ace5a0-881a-4178-aa2b-2fd274ebc40a,9,4
d4a92ae2-6ecd-4043-8b5a-82414c597036,Leander,Wienands,39ace5a0-881a-4178-aa2b-2fd274ebc40a,14,4
d4a92ae2-6ecd-4043-8b5a-82414c597036,Leander,Wienands,39ace5a0-881a-4178-aa2b-2fd274ebc40a,16,4
d4a92ae2-6ecd-4043-8b5a-82414c597036,Leander,Wienands,39ace5a0-881a-4178-aa2b-2fd274ebc40a,1,5
d4a92ae2-6ecd-4043-8b5a-82414c597036,Leander,Wienands,39ace5a0-881a-4178-aa2b-2fd274ebc40a,2,4
d4a92ae2-6ecd-4043-8b5a-82414c597036,Leander,Wienands,39ace5a0-881a-4178-aa2b-2fd274ebc40a,3,2
d4a92ae2-6ecd-4043-8b5a-82414c597036,Leander,Wienands,39ace5a0-881a-4178-aa2b-2fd274ebc40a,4,5
d4a92ae2-6ecd-4043-8b5a-82414c597036,Leander,Wienands,39ace5a0-881a-4178-aa2b-2fd274ebc40a,5,4
d4a92ae2-6ecd-4043-8b5a-82414c597036,Leander,Wienands,39ace5a0-881a-4178-aa2b-2fd274ebc40a,6,4
d4a92ae2-6ecd-4043-8b5a-82414c597036,Leander,Wienands,39ace5a0-881a-4178-aa2b-2fd274ebc40a,7,5
d4a92ae2-6ecd-4043-8b5a-82414c597036,Leander,Wienands,39ace5a0-881a-4178-aa2b-2fd274ebc40a,8,5
d4a92ae2-6ecd-4043-8b5a-82414c597036,Leander,Wienands,39ace5a0-881a-4178-aa2b-2fd274ebc40a,9,4
d4a92ae2-6ecd-4043-8b5a-82414c597036,Leander,Wienands,39ace5a0-881a-4178-aa2b-2fd274ebc40a,10,8
d4a92ae2-6ecd-4043-8b5a-82414c597036,Leander,Wienands,39ace5a0-881a-4178-aa2b-2fd274ebc40a,11,5
d4a92ae2-6ecd-4043-8b5a-82414c597036,Leander,Wienands,39ace5a0-881a-4178-aa2b-2fd274ebc40a,12,4
d4a92ae2-6ecd-4043-8b5a-82414c597036,Leander,Wienands,39ace5a0-881a-4178-aa2b-2fd274ebc40a,13,3
d4a92ae2-6ecd-4043-8b5a-82414c597036,Leander,Wienands,39ace5a0-881a-4178-aa2b-2fd274ebc40a,14,6
d4a92ae2-6ecd-4043-8b5a-82414c597036,Leander,Wienands,39ace5a0-881a-4178-aa2b-2fd274ebc40a,15,4
d4a92ae2-6ecd-4043-8b5a-82414c597036,Leander,Wienands,39ace5a0-881a-4178-aa2b-2fd274ebc40a,10,6
d4a92ae2-6ecd-4043-8b5a-82414c597036,Leander,Wienands,39ace5a0-881a-4178-aa2b-2fd274ebc40a,11,5
d4a92ae2-6ecd-4043-8b5a-82414c597036,Leander,Wienands,39ace5a0-881a-4178-aa2b-2fd274ebc40a,12,3
d4a92ae2-6ecd-4043-8b5a-82414c597036,Leander,Wienands,39ace5a0-881a-4178-aa2b-2fd274ebc40a,13,3
d4a92ae2-6ecd-4043-8b5a-82414c597036,Leander,Wienands,39ace5a0-881a-4178-aa2b-2fd274ebc40a,1,5
d4a92ae2-6ecd-4043-8b5a-82414c597036,Leander,Wienands,39ace5a0-881a-4178-aa2b-2fd274ebc40a,15,4
d4a92ae2-6ecd-4043-8b5a-82414c597036,Leander,Wienands,39ace5a0-881a-4178-aa2b-2fd274ebc40a,16,4
d4a92ae2-6ecd-4043-8b5a-82414c597036,Leander,Wienands,39ace5a0-881a-4178-aa2b-2fd274ebc40a,17,3
d4a92ae2-6ecd-4043-8b5a-82414c597036,Leander,Wienands,39ace5a0-881a-4178-aa2b-2fd274ebc40a,18,4
d4a92ae2-6ecd-4043-8b5a-82414c597036,Leander,Wienands,39ace5a0-881a-4178-aa2b-2fd274ebc40a,2,6
d4a92ae2-6ecd-4043-8b5a-82414c597036,Leander,Wienands,39ace5a0-881a-4178-aa2b-2fd274ebc40a,3,3
d4a92ae2-6ecd-4043-8b5a-82414c597036,Leander,Wienands,39ace5a0-881a-4178-aa2b-2fd274ebc40a,4,4
d4a92ae2-6ecd-4043-8b5a-82414c597036,Leander,Wienands,39ace5a0-881a-4178-aa2b-2fd274ebc40a,5,4
d4a92ae2-6ecd-4043-8b5a-82414c597036,Leander,Wienands,39ace5a0-881a-4178-aa2b-2fd274ebc40a,6,5
d4a92ae2-6ecd-4043-8b5a-82414c597036,Leander,Wienands,39ace5a0-881a-4178-aa2b-2fd274ebc40a,7,4
d4a92ae2-6ecd-4043-8b5a-82414c597036,Leander,Wienands,39ace5a0-881a-4178-aa2b-2fd274ebc40a,8,4
d4a92ae2-6ecd-4043-8b5a-82414c597036,Leander,Wienands,39ace5a0-881a-4178-aa2b-2fd274ebc40a,9,4
d4a92ae2-6ecd-4043-8b5a-82414c597036,Leander,Wienands,39ace5a0-881a-4178-aa2b-2fd274ebc40a,10,4
d4a92ae2-6ecd-4043-8b5a-82414c597036,Leander,Wienands,39ace5a0-881a-4178-aa2b-2fd274ebc40a,11,5
d4a92ae2-6ecd-4043-8b5a-82414c597036,Leander,Wienands,39ace5a0-881a-4178-aa2b-2fd274ebc40a,12,3
d4a92ae2-6ecd-4043-8b5a-82414c597036,Leander,Wienands,39ace5a0-881a-4178-aa2b-2fd274ebc40a,13,3
d4a92ae2-6ecd-4043-8b5a-82414c597036,Leander,Wienands,39ace5a0-881a-4178-aa2b-2fd274ebc40a,14,4
d4a92ae2-6ecd-4043-8b5a-82414c597036,Leander,Wienands,39ace5a0-881a-4178-aa2b-2fd274ebc40a,15,4
d4a92ae2-6ecd-4043-8b5a-82414c597036,Leander,Wienands,39ace5a0-881a-4178-aa2b-2fd274ebc40a,16,4
d4a92ae2-6ecd-4043-8b5a-82414c597036,Leander,Wienands,39ace5a0-881a-4178-aa2b-2fd274ebc40a,17,3
d4a92ae2-6ecd-4043-8b5a-82414c597036,Leander,Wienands,39ace5a0-881a-4178-aa2b-2fd274ebc40a,18,4
7716349a-8bb0-46c6-b60c-3594eb7ea60f,Andris,Dzenis,3b88eb10-8515-40d0-8108-a94529c534cd,1,4
7716349a-8bb0-46c6-b60c-3594eb7ea60f,Andris,Dzenis,3b88eb10-8515-40d0-8108-a94529c534cd,3,3
7716349a-8bb0-46c6-b60c-3594eb7ea60f,Andris,Dzenis,3b88eb10-8515-40d0-8108-a94529c534cd,4,4
7716349a-8bb0-46c6-b60c-3594eb7ea60f,Andris,Dzenis,3b88eb10-8515-40d0-8108-a94529c534cd,2,4
7716349a-8bb0-46c6-b60c-3594eb7ea60f,Andris,Dzenis,3b88eb10-8515-40d0-8108-a94529c534cd,5,4
7716349a-8bb0-46c6-b60c-3594eb7ea60f,Andris,Dzenis,3b88eb10-8515-40d0-8108-a94529c534cd,6,4
7716349a-8bb0-46c6-b60c-3594eb7ea60f,Andris,Dzenis,3b88eb10-8515-40d0-8108-a94529c534cd,7,4
7716349a-8bb0-46c6-b60c-3594eb7ea60f,Andris,Dzenis,3b88eb10-8515-40d0-8108-a94529c534cd,8,3
7716349a-8bb0-46c6-b60c-3594eb7ea60f,Andris,Dzenis,3b88eb10-8515-40d0-8108-a94529c534cd,9,6
7716349a-8bb0-46c6-b60c-3594eb7ea60f,Andris,Dzenis,3b88eb10-8515-40d0-8108-a94529c534cd,10,4
7716349a-8bb0-46c6-b60c-3594eb7ea60f,Andris,Dzenis,3b88eb10-8515-40d0-8108-a94529c534cd,11,3
7716349a-8bb0-46c6-b60c-3594eb7ea60f,Andris,Dzenis,3b88eb10-8515-40d0-8108-a94529c534cd,12,4
7716349a-8bb0-46c6-b60c-3594eb7ea60f,Andris,Dzenis,3b88eb10-8515-40d0-8108-a94529c534cd,13,4
7716349a-8bb0-46c6-b60c-3594eb7ea60f,Andris,Dzenis,3b88eb10-8515-40d0-8108-a94529c534cd,14,5
7716349a-8bb0-46c6-b60c-3594eb7ea60f,Andris,Dzenis,3b88eb10-8515-40d0-8108-a94529c534cd,15,3
7716349a-8bb0-46c6-b60c-3594eb7ea60f,Andris,Dzenis,3b88eb10-8515-40d0-8108-a94529c534cd,16,3
7716349a-8bb0-46c6-b60c-3594eb7ea60f,Andris,Dzenis,3b88eb10-8515-40d0-8108-a94529c534cd,17,5
7716349a-8bb0-46c6-b60c-3594eb7ea60f,Andris,Dzenis,3b88eb10-8515-40d0-8108-a94529c534cd,18,4
7716349a-8bb0-46c6-b60c-3594eb7ea60f,Emily,Anders,44447724-0d2c-4601-b0c6-e53714d03f63,1,8
7716349a-8bb0-46c6-b60c-3594eb7ea60f,Emily,Anders,44447724-0d2c-4601-b0c6-e53714d03f63,2,6
7716349a-8bb0-46c6-b60c-3594eb7ea60f,Emily,Anders,44447724-0d2c-4601-b0c6-e53714d03f63,3,5
7716349a-8bb0-46c6-b60c-3594eb7ea60f,Emily,Anders,44447724-0d2c-4601-b0c6-e53714d03f63,4,4
7716349a-8bb0-46c6-b60c-3594eb7ea60f,Emily,Anders,44447724-0d2c-4601-b0c6-e53714d03f63,5,5
7716349a-8bb0-46c6-b60c-3594eb7ea60f,Emily,Anders,44447724-0d2c-4601-b0c6-e53714d03f63,6,7
7716349a-8bb0-46c6-b60c-3594eb7ea60f,Emily,Anders,44447724-0d2c-4601-b0c6-e53714d03f63,7,3
7716349a-8bb0-46c6-b60c-3594eb7ea60f,Emily,Anders,44447724-0d2c-4601-b0c6-e53714d03f63,8,5
7716349a-8bb0-46c6-b60c-3594eb7ea60f,Emily,Anders,44447724-0d2c-4601-b0c6-e53714d03f63,9,8
7716349a-8bb0-46c6-b60c-3594eb7ea60f,Emily,Anders,44447724-0d2c-4601-b0c6-e53714d03f63,10,4
7716349a-8bb0-46c6-b60c-3594eb7ea60f,Emily,Anders,44447724-0d2c-4601-b0c6-e53714d03f63,11,3
7716349a-8bb0-46c6-b60c-3594eb7ea60f,Emily,Anders,44447724-0d2c-4601-b0c6-e53714d03f63,12,6
7716349a-8bb0-46c6-b60c-3594eb7ea60f,Emily,Anders,44447724-0d2c-4601-b0c6-e53714d03f63,13,6
7716349a-8bb0-46c6-b60c-3594eb7ea60f,Emily,Anders,44447724-0d2c-4601-b0c6-e53714d03f63,14,7
7716349a-8bb0-46c6-b60c-3594eb7ea60f,Emily,Anders,44447724-0d2c-4601-b0c6-e53714d03f63,15,4
7716349a-8bb0-46c6-b60c-3594eb7ea60f,Emily,Anders,44447724-0d2c-4601-b0c6-e53714d03f63,16,5
7716349a-8bb0-46c6-b60c-3594eb7ea60f,Emily,Anders,44447724-0d2c-4601-b0c6-e53714d03f63,17,7
7716349a-8bb0-46c6-b60c-3594eb7ea60f,Emily,Anders,44447724-0d2c-4601-b0c6-e53714d03f63,18,6
7716349a-8bb0-46c6-b60c-3594eb7ea60f,Julian,Schwarz,47b6392b-6476-4a2b-897e-2347b126ab86,1,5
7716349a-8bb0-46c6-b60c-3594eb7ea60f,Julian,Schwarz,47b6392b-6476-4a2b-897e-2347b126ab86,2,4
7716349a-8bb0-46c6-b60c-3594eb7ea60f,Julian,Schwarz,47b6392b-6476-4a2b-897e-2347b126ab86,3,4
7716349a-8bb0-46c6-b60c-3594eb7ea60f,Julian,Schwarz,47b6392b-6476-4a2b-897e-2347b126ab86,4,4
7716349a-8bb0-46c6-b60c-3594eb7ea60f,Julian,Schwarz,47b6392b-6476-4a2b-897e-2347b126ab86,5,3
7716349a-8bb0-46c6-b60c-3594eb7ea60f,Julian,Schwarz,47b6392b-6476-4a2b-897e-2347b126ab86,6,4
7716349a-8bb0-46c6-b60c-3594eb7ea60f,Julian,Schwarz,47b6392b-6476-4a2b-897e-2347b126ab86,7,3
7716349a-8bb0-46c6-b60c-3594eb7ea60f,Julian,Schwarz,47b6392b-6476-4a2b-897e-2347b126ab86,8,5
7716349a-8bb0-46c6-b60c-3594eb7ea60f,Julian,Schwarz,47b6392b-6476-4a2b-897e-2347b126ab86,13,3
7716349a-8bb0-46c6-b60c-3594eb7ea60f,Julian,Schwarz,47b6392b-6476-4a2b-897e-2347b126ab86,14,5
7716349a-8bb0-46c6-b60c-3594eb7ea60f,Julian,Schwarz,47b6392b-6476-4a2b-897e-2347b126ab86,15,3
7716349a-8bb0-46c6-b60c-3594eb7ea60f,Julian,Schwarz,47b6392b-6476-4a2b-897e-2347b126ab86,12,4
7716349a-8bb0-46c6-b60c-3594eb7ea60f,Julian,Schwarz,47b6392b-6476-4a2b-897e-2347b126ab86,16,4
7716349a-8bb0-46c6-b60c-3594eb7ea60f,Julian,Schwarz,47b6392b-6476-4a2b-897e-2347b126ab86,9,4
7716349a-8bb0-46c6-b60c-3594eb7ea60f,Julian,Schwarz,47b6392b-6476-4a2b-897e-2347b126ab86,17,6
7716349a-8bb0-46c6-b60c-3594eb7ea60f,Julian,Schwarz,47b6392b-6476-4a2b-897e-2347b126ab86,18,4
7716349a-8bb0-46c6-b60c-3594eb7ea60f,Julian,Schwarz,47b6392b-6476-4a2b-897e-2347b126ab86,10,4
7716349a-8bb0-46c6-b60c-3594eb7ea60f,Julian,Schwarz,47b6392b-6476-4a2b-897e-2347b126ab86,11,3
7716349a-8bb0-46c6-b60c-3594eb7ea60f,Leonardo,Könemund,4d134271-956f-42fd-95ea-0a6b725123e6,1,6
7716349a-8bb0-46c6-b60c-3594eb7ea60f,Leonardo,Könemund,4d134271-956f-42fd-95ea-0a6b725123e6,2,6
7716349a-8bb0-46c6-b60c-3594eb7ea60f,Leonardo,Könemund,4d134271-956f-42fd-95ea-0a6b725123e6,3,7
7716349a-8bb0-46c6-b60c-3594eb7ea60f,Leonardo,Könemund,4d134271-956f-42fd-95ea-0a6b725123e6,4,3
7716349a-8bb0-46c6-b60c-3594eb7ea60f,Leonardo,Könemund,4d134271-956f-42fd-95ea-0a6b725123e6,5,4
7716349a-8bb0-46c6-b60c-3594eb7ea60f,Leonardo,Könemund,4d134271-956f-42fd-95ea-0a6b725123e6,7,3
7716349a-8bb0-46c6-b60c-3594eb7ea60f,Leonardo,Könemund,4d134271-956f-42fd-95ea-0a6b725123e6,8,5
7716349a-8bb0-46c6-b60c-3594eb7ea60f,Leonardo,Könemund,4d134271-956f-42fd-95ea-0a6b725123e6,6,4
7716349a-8bb0-46c6-b60c-3594eb7ea60f,Leonardo,Könemund,4d134271-956f-42fd-95ea-0a6b725123e6,12,6
7716349a-8bb0-46c6-b60c-3594eb7ea60f,Leonardo,Könemund,4d134271-956f-42fd-95ea-0a6b725123e6,13,4
7716349a-8bb0-46c6-b60c-3594eb7ea60f,Leonardo,Könemund,4d134271-956f-42fd-95ea-0a6b725123e6,14,4
7716349a-8bb0-46c6-b60c-3594eb7ea60f,Leonardo,Könemund,4d134271-956f-42fd-95ea-0a6b725123e6,15,4
7716349a-8bb0-46c6-b60c-3594eb7ea60f,Leonardo,Könemund,4d134271-956f-42fd-95ea-0a6b725123e6,16,4
7716349a-8bb0-46c6-b60c-3594eb7ea60f,Leonardo,Könemund,4d134271-956f-42fd-95ea-0a6b725123e6,17,4
7716349a-8bb0-46c6-b60c-3594eb7ea60f,Leonardo,Könemund,4d134271-956f-42fd-95ea-0a6b725123e6,18,4
7716349a-8bb0-46c6-b60c-3594eb7ea60f,Leonardo,Könemund,4d134271-956f-42fd-95ea-0a6b725123e6,10,4
7716349a-8bb0-46c6-b60c-3594eb7ea60f,Leonardo,Könemund,4d134271-956f-42fd-95ea-0a6b725123e6,11,4
7716349a-8bb0-46c6-b60c-3594eb7ea60f,Leonardo,Könemund,4d134271-956f-42fd-95ea-0a6b725123e6,9,7
d4a92ae2-6ecd-4043-8b5a-82414c597036,Mateo,Kaffka,50dd6e49-1e4a-41ab-82ca-6d15050216b3,2,5
d4a92ae2-6ecd-4043-8b5a-82414c597036,Mateo,Kaffka,50dd6e49-1e4a-41ab-82ca-6d15050216b3,3,3
d4a92ae2-6ecd-4043-8b5a-82414c597036,Mateo,Kaffka,50dd6e49-1e4a-41ab-82ca-6d15050216b3,4,6
d4a92ae2-6ecd-4043-8b5a-82414c597036,Mateo,Kaffka,50dd6e49-1e4a-41ab-82ca-6d15050216b3,5,4
d4a92ae2-6ecd-4043-8b5a-82414c597036,Mateo,Kaffka,50dd6e49-1e4a-41ab-82ca-6d15050216b3,1,12
d4a92ae2-6ecd-4043-8b5a-82414c597036,Mateo,Kaffka,50dd6e49-1e4a-41ab-82ca-6d15050216b3,2,6
d4a92ae2-6ecd-4043-8b5a-82414c597036,Mateo,Kaffka,50dd6e49-1e4a-41ab-82ca-6d15050216b3,3,5
d4a92ae2-6ecd-4043-8b5a-82414c597036,Mateo,Kaffka,50dd6e49-1e4a-41ab-82ca-6d15050216b3,4,5
d4a92ae2-6ecd-4043-8b5a-82414c597036,Mateo,Kaffka,50dd6e49-1e4a-41ab-82ca-6d15050216b3,5,6
d4a92ae2-6ecd-4043-8b5a-82414c597036,Mateo,Kaffka,50dd6e49-1e4a-41ab-82ca-6d15050216b3,6,8
d4a92ae2-6ecd-4043-8b5a-82414c597036,Mateo,Kaffka,50dd6e49-1e4a-41ab-82ca-6d15050216b3,7,7
d4a92ae2-6ecd-4043-8b5a-82414c597036,Mateo,Kaffka,50dd6e49-1e4a-41ab-82ca-6d15050216b3,8,6
d4a92ae2-6ecd-4043-8b5a-82414c597036,Mateo,Kaffka,50dd6e49-1e4a-41ab-82ca-6d15050216b3,9,6
d4a92ae2-6ecd-4043-8b5a-82414c597036,Mateo,Kaffka,50dd6e49-1e4a-41ab-82ca-6d15050216b3,2,6
d4a92ae2-6ecd-4043-8b5a-82414c597036,Mateo,Kaffka,50dd6e49-1e4a-41ab-82ca-6d15050216b3,3,5
d4a92ae2-6ecd-4043-8b5a-82414c597036,Mateo,Kaffka,50dd6e49-1e4a-41ab-82ca-6d15050216b3,4,6
d4a92ae2-6ecd-4043-8b5a-82414c597036,Mateo,Kaffka,50dd6e49-1e4a-41ab-82ca-6d15050216b3,5,6
d4a92ae2-6ecd-4043-8b5a-82414c597036,Mateo,Kaffka,50dd6e49-1e4a-41ab-82ca-6d15050216b3,6,9
d4a92ae2-6ecd-4043-8b5a-82414c597036,Mateo,Kaffka,50dd6e49-1e4a-41ab-82ca-6d15050216b3,7,5
d4a92ae2-6ecd-4043-8b5a-82414c597036,Mateo,Kaffka,50dd6e49-1e4a-41ab-82ca-6d15050216b3,8,7
d4a92ae2-6ecd-4043-8b5a-82414c597036,Mateo,Kaffka,50dd6e49-1e4a-41ab-82ca-6d15050216b3,6,11
d4a92ae2-6ecd-4043-8b5a-82414c597036,Mateo,Kaffka,50dd6e49-1e4a-41ab-82ca-6d15050216b3,7,5
d4a92ae2-6ecd-4043-8b5a-82414c597036,Mateo,Kaffka,50dd6e49-1e4a-41ab-82ca-6d15050216b3,8,7
d4a92ae2-6ecd-4043-8b5a-82414c597036,Mateo,Kaffka,50dd6e49-1e4a-41ab-82ca-6d15050216b3,9,5
d4a92ae2-6ecd-4043-8b5a-82414c597036,Mateo,Kaffka,50dd6e49-1e4a-41ab-82ca-6d15050216b3,1,7
d4a92ae2-6ecd-4043-8b5a-82414c597036,Mateo,Kaffka,50dd6e49-1e4a-41ab-82ca-6d15050216b3,1,8
d4a92ae2-6ecd-4043-8b5a-82414c597036,Mateo,Kaffka,50dd6e49-1e4a-41ab-82ca-6d15050216b3,9,7
7716349a-8bb0-46c6-b60c-3594eb7ea60f,Frieda Taisia,Renting,5d110f0c-2f85-4f21-bfea-d8a96880f0f4,1,5
7716349a-8bb0-46c6-b60c-3594eb7ea60f,Frieda Taisia,Renting,5d110f0c-2f85-4f21-bfea-d8a96880f0f4,3,4
7716349a-8bb0-46c6-b60c-3594eb7ea60f,Frieda Taisia,Renting,5d110f0c-2f85-4f21-bfea-d8a96880f0f4,4,2
7716349a-8bb0-46c6-b60c-3594eb7ea60f,Frieda Taisia,Renting,5d110f0c-2f85-4f21-bfea-d8a96880f0f4,5,4
7716349a-8bb0-46c6-b60c-3594eb7ea60f,Frieda Taisia,Renting,5d110f0c-2f85-4f21-bfea-d8a96880f0f4,7,4
7716349a-8bb0-46c6-b60c-3594eb7ea60f,Frieda Taisia,Renting,5d110f0c-2f85-4f21-bfea-d8a96880f0f4,2,5
7716349a-8bb0-46c6-b60c-3594eb7ea60f,Frieda Taisia,Renting,5d110f0c-2f85-4f21-bfea-d8a96880f0f4,6,3
7716349a-8bb0-46c6-b60c-3594eb7ea60f,Frieda Taisia,Renting,5d110f0c-2f85-4f21-bfea-d8a96880f0f4,8,5
7716349a-8bb0-46c6-b60c-3594eb7ea60f,Frieda Taisia,Renting,5d110f0c-2f85-4f21-bfea-d8a96880f0f4,9,5
7716349a-8bb0-46c6-b60c-3594eb7ea60f,Frieda Taisia,Renting,5d110f0c-2f85-4f21-bfea-d8a96880f0f4,10,4
7716349a-8bb0-46c6-b60c-3594eb7ea60f,Frieda Taisia,Renting,5d110f0c-2f85-4f21-bfea-d8a96880f0f4,11,3
7716349a-8bb0-46c6-b60c-3594eb7ea60f,Frieda Taisia,Renting,5d110f0c-2f85-4f21-bfea-d8a96880f0f4,12,4
7716349a-8bb0-46c6-b60c-3594eb7ea60f,Frieda Taisia,Renting,5d110f0c-2f85-4f21-bfea-d8a96880f0f4,13,5
7716349a-8bb0-46c6-b60c-3594eb7ea60f,Frieda Taisia,Renting,5d110f0c-2f85-4f21-bfea-d8a96880f0f4,14,5
7716349a-8bb0-46c6-b60c-3594eb7ea60f,Frieda Taisia,Renting,5d110f0c-2f85-4f21-bfea-d8a96880f0f4,15,3
7716349a-8bb0-46c6-b60c-3594eb7ea60f,Frieda Taisia,Renting,5d110f0c-2f85-4f21-bfea-d8a96880f0f4,16,4
7716349a-8bb0-46c6-b60c-3594eb7ea60f,Frieda Taisia,Renting,5d110f0c-2f85-4f21-bfea-d8a96880f0f4,17,5
7716349a-8bb0-46c6-b60c-3594eb7ea60f,Frieda Taisia,Renting,5d110f0c-2f85-4f21-bfea-d8a96880f0f4,18,4
d4a92ae2-6ecd-4043-8b5a-82414c597036,Henry Pete,Nischk,60d9add6-17ee-430f-a974-1bc5cfa95c84,1,7
d4a92ae2-6ecd-4043-8b5a-82414c597036,Henry Pete,Nischk,60d9add6-17ee-430f-a974-1bc5cfa95c84,2,5
d4a92ae2-6ecd-4043-8b5a-82414c597036,Henry Pete,Nischk,60d9add6-17ee-430f-a974-1bc5cfa95c84,3,6
d4a92ae2-6ecd-4043-8b5a-82414c597036,Henry Pete,Nischk,60d9add6-17ee-430f-a974-1bc5cfa95c84,4,5
d4a92ae2-6ecd-4043-8b5a-82414c597036,Henry Pete,Nischk,60d9add6-17ee-430f-a974-1bc5cfa95c84,5,3
d4a92ae2-6ecd-4043-8b5a-82414c597036,Henry Pete,Nischk,60d9add6-17ee-430f-a974-1bc5cfa95c84,6,7
d4a92ae2-6ecd-4043-8b5a-82414c597036,Henry Pete,Nischk,60d9add6-17ee-430f-a974-1bc5cfa95c84,7,3
d4a92ae2-6ecd-4043-8b5a-82414c597036,Henry Pete,Nischk,60d9add6-17ee-430f-a974-1bc5cfa95c84,8,6
d4a92ae2-6ecd-4043-8b5a-82414c597036,Henry Pete,Nischk,60d9add6-17ee-430f-a974-1bc5cfa95c84,9,5
d4a92ae2-6ecd-4043-8b5a-82414c597036,Henry Pete,Nischk,60d9add6-17ee-430f-a974-1bc5cfa95c84,1,6
d4a92ae2-6ecd-4043-8b5a-82414c597036,Henry Pete,Nischk,60d9add6-17ee-430f-a974-1bc5cfa95c84,2,6
d4a92ae2-6ecd-4043-8b5a-82414c597036,Henry Pete,Nischk,60d9add6-17ee-430f-a974-1bc5cfa95c84,3,4
d4a92ae2-6ecd-4043-8b5a-82414c597036,Henry Pete,Nischk,60d9add6-17ee-430f-a974-1bc5cfa95c84,4,5
d4a92ae2-6ecd-4043-8b5a-82414c597036,Henry Pete,Nischk,60d9add6-17ee-430f-a974-1bc5cfa95c84,1,6
d4a92ae2-6ecd-4043-8b5a-82414c597036,Henry Pete,Nischk,60d9add6-17ee-430f-a974-1bc5cfa95c84,2,6
d4a92ae2-6ecd-4043-8b5a-82414c597036,Henry Pete,Nischk,60d9add6-17ee-430f-a974-1bc5cfa95c84,3,3
d4a92ae2-6ecd-4043-8b5a-82414c597036,Henry Pete,Nischk,60d9add6-17ee-430f-a974-1bc5cfa95c84,4,3
d4a92ae2-6ecd-4043-8b5a-82414c597036,Henry Pete,Nischk,60d9add6-17ee-430f-a974-1bc5cfa95c84,5,3
d4a92ae2-6ecd-4043-8b5a-82414c597036,Henry Pete,Nischk,60d9add6-17ee-430f-a974-1bc5cfa95c84,6,5
d4a92ae2-6ecd-4043-8b5a-82414c597036,Henry Pete,Nischk,60d9add6-17ee-430f-a974-1bc5cfa95c84,7,5
d4a92ae2-6ecd-4043-8b5a-82414c597036,Henry Pete,Nischk,60d9add6-17ee-430f-a974-1bc5cfa95c84,8,3
d4a92ae2-6ecd-4043-8b5a-82414c597036,Henry Pete,Nischk,60d9add6-17ee-430f-a974-1bc5cfa95c84,9,6
d4a92ae2-6ecd-4043-8b5a-82414c597036,Henry Pete,Nischk,60d9add6-17ee-430f-a974-1bc5cfa95c84,5,3
d4a92ae2-6ecd-4043-8b5a-82414c597036,Henry Pete,Nischk,60d9add6-17ee-430f-a974-1bc5cfa95c84,6,5
d4a92ae2-6ecd-4043-8b5a-82414c597036,Henry Pete,Nischk,60d9add6-17ee-430f-a974-1bc5cfa95c84,7,5
d4a92ae2-6ecd-4043-8b5a-82414c597036,Henry Pete,Nischk,60d9add6-17ee-430f-a974-1bc5cfa95c84,8,4
d4a92ae2-6ecd-4043-8b5a-82414c597036,Henry Pete,Nischk,60d9add6-17ee-430f-a974-1bc5cfa95c84,9,6
7716349a-8bb0-46c6-b60c-3594eb7ea60f,Linda,Wöhler-Moorhoff,639dca59-1a8d-409a-82c6-584dbb5f34e9,1,5
7716349a-8bb0-46c6-b60c-3594eb7ea60f,Linda,Wöhler-Moorhoff,639dca59-1a8d-409a-82c6-584dbb5f34e9,2,4
7716349a-8bb0-46c6-b60c-3594eb7ea60f,Linda,Wöhler-Moorhoff,639dca59-1a8d-409a-82c6-584dbb5f34e9,3,3
7716349a-8bb0-46c6-b60c-3594eb7ea60f,Linda,Wöhler-Moorhoff,639dca59-1a8d-409a-82c6-584dbb5f34e9,4,3
7716349a-8bb0-46c6-b60c-3594eb7ea60f,Linda,Wöhler-Moorhoff,639dca59-1a8d-409a-82c6-584dbb5f34e9,5,5
7716349a-8bb0-46c6-b60c-3594eb7ea60f,Linda,Wöhler-Moorhoff,639dca59-1a8d-409a-82c6-584dbb5f34e9,6,5
7716349a-8bb0-46c6-b60c-3594eb7ea60f,Linda,Wöhler-Moorhoff,639dca59-1a8d-409a-82c6-584dbb5f34e9,7,3
7716349a-8bb0-46c6-b60c-3594eb7ea60f,Linda,Wöhler-Moorhoff,639dca59-1a8d-409a-82c6-584dbb5f34e9,8,5
7716349a-8bb0-46c6-b60c-3594eb7ea60f,Linda,Wöhler-Moorhoff,639dca59-1a8d-409a-82c6-584dbb5f34e9,9,5
7716349a-8bb0-46c6-b60c-3594eb7ea60f,Linda,Wöhler-Moorhoff,639dca59-1a8d-409a-82c6-584dbb5f34e9,10,4
7716349a-8bb0-46c6-b60c-3594eb7ea60f,Linda,Wöhler-Moorhoff,639dca59-1a8d-409a-82c6-584dbb5f34e9,11,4
7716349a-8bb0-46c6-b60c-3594eb7ea60f,Linda,Wöhler-Moorhoff,639dca59-1a8d-409a-82c6-584dbb5f34e9,12,4
7716349a-8bb0-46c6-b60c-3594eb7ea60f,Linda,Wöhler-Moorhoff,639dca59-1a8d-409a-82c6-584dbb5f34e9,13,4
7716349a-8bb0-46c6-b60c-3594eb7ea60f,Linda,Wöhler-Moorhoff,639dca59-1a8d-409a-82c6-584dbb5f34e9,14,6
7716349a-8bb0-46c6-b60c-3594eb7ea60f,Linda,Wöhler-Moorhoff,639dca59-1a8d-409a-82c6-584dbb5f34e9,15,3
7716349a-8bb0-46c6-b60c-3594eb7ea60f,Linda,Wöhler-Moorhoff,639dca59-1a8d-409a-82c6-584dbb5f34e9,16,4
7716349a-8bb0-46c6-b60c-3594eb7ea60f,Linda,Wöhler-Moorhoff,639dca59-1a8d-409a-82c6-584dbb5f34e9,17,5
7716349a-8bb0-46c6-b60c-3594eb7ea60f,Linda,Wöhler-Moorhoff,639dca59-1a8d-409a-82c6-584dbb5f34e9,18,4
d4a92ae2-6ecd-4043-8b5a-82414c597036,Oskar,Arnold,6c31fd00-3f0e-406d-8145-ddca8aad7a11,2,7
d4a92ae2-6ecd-4043-8b5a-82414c597036,Oskar,Arnold,6c31fd00-3f0e-406d-8145-ddca8aad7a11,3,3
d4a92ae2-6ecd-4043-8b5a-82414c597036,Oskar,Arnold,6c31fd00-3f0e-406d-8145-ddca8aad7a11,4,5
d4a92ae2-6ecd-4043-8b5a-82414c597036,Oskar,Arnold,6c31fd00-3f0e-406d-8145-ddca8aad7a11,5,3
d4a92ae2-6ecd-4043-8b5a-82414c597036,Oskar,Arnold,6c31fd00-3f0e-406d-8145-ddca8aad7a11,6,5
d4a92ae2-6ecd-4043-8b5a-82414c597036,Oskar,Arnold,6c31fd00-3f0e-406d-8145-ddca8aad7a11,7,5
d4a92ae2-6ecd-4043-8b5a-82414c597036,Oskar,Arnold,6c31fd00-3f0e-406d-8145-ddca8aad7a11,8,4
d4a92ae2-6ecd-4043-8b5a-82414c597036,Oskar,Arnold,6c31fd00-3f0e-406d-8145-ddca8aad7a11,9,4
d4a92ae2-6ecd-4043-8b5a-82414c597036,Oskar,Arnold,6c31fd00-3f0e-406d-8145-ddca8aad7a11,10,5
d4a92ae2-6ecd-4043-8b5a-82414c597036,Oskar,Arnold,6c31fd00-3f0e-406d-8145-ddca8aad7a11,11,5
d4a92ae2-6ecd-4043-8b5a-82414c597036,Oskar,Arnold,6c31fd00-3f0e-406d-8145-ddca8aad7a11,12,4
d4a92ae2-6ecd-4043-8b5a-82414c597036,Oskar,Arnold,6c31fd00-3f0e-406d-8145-ddca8aad7a11,13,3
d4a92ae2-6ecd-4043-8b5a-82414c597036,Oskar,Arnold,6c31fd00-3f0e-406d-8145-ddca8aad7a11,14,5
d4a92ae2-6ecd-4043-8b5a-82414c597036,Oskar,Arnold,6c31fd00-3f0e-406d-8145-ddca8aad7a11,15,5
d4a92ae2-6ecd-4043-8b5a-82414c597036,Oskar,Arnold,6c31fd00-3f0e-406d-8145-ddca8aad7a11,16,4
d4a92ae2-6ecd-4043-8b5a-82414c597036,Oskar,Arnold,6c31fd00-3f0e-406d-8145-ddca8aad7a11,17,3
d4a92ae2-6ecd-4043-8b5a-82414c597036,Oskar,Arnold,6c31fd00-3f0e-406d-8145-ddca8aad7a11,18,7
d4a92ae2-6ecd-4043-8b5a-82414c597036,Oskar,Arnold,6c31fd00-3f0e-406d-8145-ddca8aad7a11,1,6
d4a92ae2-6ecd-4043-8b5a-82414c597036,Oskar,Arnold,6c31fd00-3f0e-406d-8145-ddca8aad7a11,1,6
d4a92ae2-6ecd-4043-8b5a-82414c597036,Oskar,Arnold,6c31fd00-3f0e-406d-8145-ddca8aad7a11,2,5
d4a92ae2-6ecd-4043-8b5a-82414c597036,Oskar,Arnold,6c31fd00-3f0e-406d-8145-ddca8aad7a11,3,2
d4a92ae2-6ecd-4043-8b5a-82414c597036,Oskar,Arnold,6c31fd00-3f0e-406d-8145-ddca8aad7a11,4,4
d4a92ae2-6ecd-4043-8b5a-82414c597036,Oskar,Arnold,6c31fd00-3f0e-406d-8145-ddca8aad7a11,5,4
d4a92ae2-6ecd-4043-8b5a-82414c597036,Oskar,Arnold,6c31fd00-3f0e-406d-8145-ddca8aad7a11,6,7
d4a92ae2-6ecd-4043-8b5a-82414c597036,Oskar,Arnold,6c31fd00-3f0e-406d-8145-ddca8aad7a11,7,5
d4a92ae2-6ecd-4043-8b5a-82414c597036,Oskar,Arnold,6c31fd00-3f0e-406d-8145-ddca8aad7a11,8,7
d4a92ae2-6ecd-4043-8b5a-82414c597036,Oskar,Arnold,6c31fd00-3f0e-406d-8145-ddca8aad7a11,9,5
d4a92ae2-6ecd-4043-8b5a-82414c597036,Oskar,Arnold,6c31fd00-3f0e-406d-8145-ddca8aad7a11,10,6
d4a92ae2-6ecd-4043-8b5a-82414c597036,Oskar,Arnold,6c31fd00-3f0e-406d-8145-ddca8aad7a11,11,7
d4a92ae2-6ecd-4043-8b5a-82414c597036,Oskar,Arnold,6c31fd00-3f0e-406d-8145-ddca8aad7a11,12,5
d4a92ae2-6ecd-4043-8b5a-82414c597036,Oskar,Arnold,6c31fd00-3f0e-406d-8145-ddca8aad7a11,13,4
d4a92ae2-6ecd-4043-8b5a-82414c597036,Oskar,Arnold,6c31fd00-3f0e-406d-8145-ddca8aad7a11,14,9
d4a92ae2-6ecd-4043-8b5a-82414c597036,Oskar,Arnold,6c31fd00-3f0e-406d-8145-ddca8aad7a11,15,3
d4a92ae2-6ecd-4043-8b5a-82414c597036,Oskar,Arnold,6c31fd00-3f0e-406d-8145-ddca8aad7a11,16,4
d4a92ae2-6ecd-4043-8b5a-82414c597036,Oskar,Arnold,6c31fd00-3f0e-406d-8145-ddca8aad7a11,17,3
d4a92ae2-6ecd-4043-8b5a-82414c597036,Oskar,Arnold,6c31fd00-3f0e-406d-8145-ddca8aad7a11,18,5
d4a92ae2-6ecd-4043-8b5a-82414c597036,Oskar,Arnold,6c31fd00-3f0e-406d-8145-ddca8aad7a11,1,6
d4a92ae2-6ecd-4043-8b5a-82414c597036,Oskar,Arnold,6c31fd00-3f0e-406d-8145-ddca8aad7a11,2,5
d4a92ae2-6ecd-4043-8b5a-82414c597036,Oskar,Arnold,6c31fd00-3f0e-406d-8145-ddca8aad7a11,3,6
d4a92ae2-6ecd-4043-8b5a-82414c597036,Oskar,Arnold,6c31fd00-3f0e-406d-8145-ddca8aad7a11,4,5
d4a92ae2-6ecd-4043-8b5a-82414c597036,Oskar,Arnold,6c31fd00-3f0e-406d-8145-ddca8aad7a11,5,4
d4a92ae2-6ecd-4043-8b5a-82414c597036,Oskar,Arnold,6c31fd00-3f0e-406d-8145-ddca8aad7a11,6,6
d4a92ae2-6ecd-4043-8b5a-82414c597036,Oskar,Arnold,6c31fd00-3f0e-406d-8145-ddca8aad7a11,7,5
d4a92ae2-6ecd-4043-8b5a-82414c597036,Oskar,Arnold,6c31fd00-3f0e-406d-8145-ddca8aad7a11,8,4
d4a92ae2-6ecd-4043-8b5a-82414c597036,Oskar,Arnold,6c31fd00-3f0e-406d-8145-ddca8aad7a11,9,6
d4a92ae2-6ecd-4043-8b5a-82414c597036,Oskar,Arnold,6c31fd00-3f0e-406d-8145-ddca8aad7a11,10,5
d4a92ae2-6ecd-4043-8b5a-82414c597036,Oskar,Arnold,6c31fd00-3f0e-406d-8145-ddca8aad7a11,11,5
d4a92ae2-6ecd-4043-8b5a-82414c597036,Oskar,Arnold,6c31fd00-3f0e-406d-8145-ddca8aad7a11,12,6
d4a92ae2-6ecd-4043-8b5a-82414c597036,Oskar,Arnold,6c31fd00-3f0e-406d-8145-ddca8aad7a11,13,3
d4a92ae2-6ecd-4043-8b5a-82414c597036,Oskar,Arnold,6c31fd00-3f0e-406d-8145-ddca8aad7a11,14,5
d4a92ae2-6ecd-4043-8b5a-82414c597036,Oskar,Arnold,6c31fd00-3f0e-406d-8145-ddca8aad7a11,15,4
d4a92ae2-6ecd-4043-8b5a-82414c597036,Oskar,Arnold,6c31fd00-3f0e-406d-8145-ddca8aad7a11,16,5
d4a92ae2-6ecd-4043-8b5a-82414c597036,Oskar,Arnold,6c31fd00-3f0e-406d-8145-ddca8aad7a11,17,3
d4a92ae2-6ecd-4043-8b5a-82414c597036,Oskar,Arnold,6c31fd00-3f0e-406d-8145-ddca8aad7a11,18,5
7716349a-8bb0-46c6-b60c-3594eb7ea60f,Karsten,Kropat,6edb8092-3291-45fa-8651-a88b460512ad,1,5
7716349a-8bb0-46c6-b60c-3594eb7ea60f,Karsten,Kropat,6edb8092-3291-45fa-8651-a88b460512ad,2,5
7716349a-8bb0-46c6-b60c-3594eb7ea60f,Karsten,Kropat,6edb8092-3291-45fa-8651-a88b460512ad,3,3
7716349a-8bb0-46c6-b60c-3594eb7ea60f,Karsten,Kropat,6edb8092-3291-45fa-8651-a88b460512ad,4,5
7716349a-8bb0-46c6-b60c-3594eb7ea60f,Karsten,Kropat,6edb8092-3291-45fa-8651-a88b460512ad,5,4
7716349a-8bb0-46c6-b60c-3594eb7ea60f,Karsten,Kropat,6edb8092-3291-45fa-8651-a88b460512ad,6,5
7716349a-8bb0-46c6-b60c-3594eb7ea60f,Karsten,Kropat,6edb8092-3291-45fa-8651-a88b460512ad,7,3
7716349a-8bb0-46c6-b60c-3594eb7ea60f,Karsten,Kropat,6edb8092-3291-45fa-8651-a88b460512ad,8,5
7716349a-8bb0-46c6-b60c-3594eb7ea60f,Karsten,Kropat,6edb8092-3291-45fa-8651-a88b460512ad,9,7
7716349a-8bb0-46c6-b60c-3594eb7ea60f,Karsten,Kropat,6edb8092-3291-45fa-8651-a88b460512ad,10,5
7716349a-8bb0-46c6-b60c-3594eb7ea60f,Karsten,Kropat,6edb8092-3291-45fa-8651-a88b460512ad,11,4
7716349a-8bb0-46c6-b60c-3594eb7ea60f,Karsten,Kropat,6edb8092-3291-45fa-8651-a88b460512ad,12,4
7716349a-8bb0-46c6-b60c-3594eb7ea60f,Karsten,Kropat,6edb8092-3291-45fa-8651-a88b460512ad,13,4
7716349a-8bb0-46c6-b60c-3594eb7ea60f,Karsten,Kropat,6edb8092-3291-45fa-8651-a88b460512ad,14,5
7716349a-8bb0-46c6-b60c-3594eb7ea60f,Karsten,Kropat,6edb8092-3291-45fa-8651-a88b460512ad,15,4
7716349a-8bb0-46c6-b60c-3594eb7ea60f,Karsten,Kropat,6edb8092-3291-45fa-8651-a88b460512ad,16,4
7716349a-8bb0-46c6-b60c-3594eb7ea60f,Karsten,Kropat,6edb8092-3291-45fa-8651-a88b460512ad,17,4
7716349a-8bb0-46c6-b60c-3594eb7ea60f,Karsten,Kropat,6edb8092-3291-45fa-8651-a88b460512ad,18,4
7716349a-8bb0-46c6-b60c-3594eb7ea60f,Fabian,Beerli,707a8d7f-48c8-4aa2-ba77-a822a334b283,1,6
7716349a-8bb0-46c6-b60c-3594eb7ea60f,Fabian,Beerli,707a8d7f-48c8-4aa2-ba77-a822a334b283,2,5
7716349a-8bb0-46c6-b60c-3594eb7ea60f,Fabian,Beerli,707a8d7f-48c8-4aa2-ba77-a822a334b283,3,5
7716349a-8bb0-46c6-b60c-3594eb7ea60f,Fabian,Beerli,707a8d7f-48c8-4aa2-ba77-a822a334b283,4,4
7716349a-8bb0-46c6-b60c-3594eb7ea60f,Fabian,Beerli,707a8d7f-48c8-4aa2-ba77-a822a334b283,5,3
7716349a-8bb0-46c6-b60c-3594eb7ea60f,Fabian,Beerli,707a8d7f-48c8-4aa2-ba77-a822a334b283,6,4
7716349a-8bb0-46c6-b60c-3594eb7ea60f,Fabian,Beerli,707a8d7f-48c8-4aa2-ba77-a822a334b283,7,4
7716349a-8bb0-46c6-b60c-3594eb7ea60f,Fabian,Beerli,707a8d7f-48c8-4aa2-ba77-a822a334b283,8,7
7716349a-8bb0-46c6-b60c-3594eb7ea60f,Fabian,Beerli,707a8d7f-48c8-4aa2-ba77-a822a334b283,9,5
7716349a-8bb0-46c6-b60c-3594eb7ea60f,Fabian,Beerli,707a8d7f-48c8-4aa2-ba77-a822a334b283,10,5
7716349a-8bb0-46c6-b60c-3594eb7ea60f,Fabian,Beerli,707a8d7f-48c8-4aa2-ba77-a822a334b283,11,3
7716349a-8bb0-46c6-b60c-3594eb7ea60f,Fabian,Beerli,707a8d7f-48c8-4aa2-ba77-a822a334b283,12,6
7716349a-8bb0-46c6-b60c-3594eb7ea60f,Fabian,Beerli,707a8d7f-48c8-4aa2-ba77-a822a334b283,13,4
7716349a-8bb0-46c6-b60c-3594eb7ea60f,Fabian,Beerli,707a8d7f-48c8-4aa2-ba77-a822a334b283,14,5
7716349a-8bb0-46c6-b60c-3594eb7ea60f,Fabian,Beerli,707a8d7f-48c8-4aa2-ba77-a822a334b283,15,4
7716349a-8bb0-46c6-b60c-3594eb7ea60f,Fabian,Beerli,707a8d7f-48c8-4aa2-ba77-a822a334b283,16,4
7716349a-8bb0-46c6-b60c-3594eb7ea60f,Fabian,Beerli,707a8d7f-48c8-4aa2-ba77-a822a334b283,17,5
7716349a-8bb0-46c6-b60c-3594eb7ea60f,Fabian,Beerli,707a8d7f-48c8-4aa2-ba77-a822a334b283,18,5
d4a92ae2-6ecd-4043-8b5a-82414c597036,Henrik,Hinz,759b9908-b1f9-40b9-aa6e-6f899daf7bf0,1,5
d4a92ae2-6ecd-4043-8b5a-82414c597036,Henrik,Hinz,759b9908-b1f9-40b9-aa6e-6f899daf7bf0,2,5
d4a92ae2-6ecd-4043-8b5a-82414c597036,Henrik,Hinz,759b9908-b1f9-40b9-aa6e-6f899daf7bf0,3,3
d4a92ae2-6ecd-4043-8b5a-82414c597036,Henrik,Hinz,759b9908-b1f9-40b9-aa6e-6f899daf7bf0,4,5
d4a92ae2-6ecd-4043-8b5a-82414c597036,Henrik,Hinz,759b9908-b1f9-40b9-aa6e-6f899daf7bf0,5,3
d4a92ae2-6ecd-4043-8b5a-82414c597036,Henrik,Hinz,759b9908-b1f9-40b9-aa6e-6f899daf7bf0,6,5
d4a92ae2-6ecd-4043-8b5a-82414c597036,Henrik,Hinz,759b9908-b1f9-40b9-aa6e-6f899daf7bf0,7,5
d4a92ae2-6ecd-4043-8b5a-82414c597036,Henrik,Hinz,759b9908-b1f9-40b9-aa6e-6f899daf7bf0,8,5
d4a92ae2-6ecd-4043-8b5a-82414c597036,Henrik,Hinz,759b9908-b1f9-40b9-aa6e-6f899daf7bf0,9,4
d4a92ae2-6ecd-4043-8b5a-82414c597036,Henrik,Hinz,759b9908-b1f9-40b9-aa6e-6f899daf7bf0,10,6
d4a92ae2-6ecd-4043-8b5a-82414c597036,Henrik,Hinz,759b9908-b1f9-40b9-aa6e-6f899daf7bf0,11,5
d4a92ae2-6ecd-4043-8b5a-82414c597036,Henrik,Hinz,759b9908-b1f9-40b9-aa6e-6f899daf7bf0,12,4
d4a92ae2-6ecd-4043-8b5a-82414c597036,Henrik,Hinz,759b9908-b1f9-40b9-aa6e-6f899daf7bf0,13,5
d4a92ae2-6ecd-4043-8b5a-82414c597036,Henrik,Hinz,759b9908-b1f9-40b9-aa6e-6f899daf7bf0,14,4
d4a92ae2-6ecd-4043-8b5a-82414c597036,Henrik,Hinz,759b9908-b1f9-40b9-aa6e-6f899daf7bf0,1,6
d4a92ae2-6ecd-4043-8b5a-82414c597036,Henrik,Hinz,759b9908-b1f9-40b9-aa6e-6f899daf7bf0,15,6
d4a92ae2-6ecd-4043-8b5a-82414c597036,Henrik,Hinz,759b9908-b1f9-40b9-aa6e-6f899daf7bf0,16,4
d4a92ae2-6ecd-4043-8b5a-82414c597036,Henrik,Hinz,759b9908-b1f9-40b9-aa6e-6f899daf7bf0,17,3
d4a92ae2-6ecd-4043-8b5a-82414c597036,Henrik,Hinz,759b9908-b1f9-40b9-aa6e-6f899daf7bf0,18,5
d4a92ae2-6ecd-4043-8b5a-82414c597036,Henrik,Hinz,759b9908-b1f9-40b9-aa6e-6f899daf7bf0,2,4
d4a92ae2-6ecd-4043-8b5a-82414c597036,Henrik,Hinz,759b9908-b1f9-40b9-aa6e-6f899daf7bf0,3,4
d4a92ae2-6ecd-4043-8b5a-82414c597036,Henrik,Hinz,759b9908-b1f9-40b9-aa6e-6f899daf7bf0,4,4
d4a92ae2-6ecd-4043-8b5a-82414c597036,Henrik,Hinz,759b9908-b1f9-40b9-aa6e-6f899daf7bf0,5,5
d4a92ae2-6ecd-4043-8b5a-82414c597036,Henrik,Hinz,759b9908-b1f9-40b9-aa6e-6f899daf7bf0,6,5
d4a92ae2-6ecd-4043-8b5a-82414c597036,Henrik,Hinz,759b9908-b1f9-40b9-aa6e-6f899daf7bf0,7,5
d4a92ae2-6ecd-4043-8b5a-82414c597036,Henrik,Hinz,759b9908-b1f9-40b9-aa6e-6f899daf7bf0,8,4
d4a92ae2-6ecd-4043-8b5a-82414c597036,Henrik,Hinz,759b9908-b1f9-40b9-aa6e-6f899daf7bf0,9,4
d4a92ae2-6ecd-4043-8b5a-82414c597036,Henrik,Hinz,759b9908-b1f9-40b9-aa6e-6f899daf7bf0,10,5
d4a92ae2-6ecd-4043-8b5a-82414c597036,Henrik,Hinz,759b9908-b1f9-40b9-aa6e-6f899daf7bf0,11,7
d4a92ae2-6ecd-4043-8b5a-82414c597036,Henrik,Hinz,759b9908-b1f9-40b9-aa6e-6f899daf7bf0,12,4
d4a92ae2-6ecd-4043-8b5a-82414c597036,Henrik,Hinz,759b9908-b1f9-40b9-aa6e-6f899daf7bf0,13,4
d4a92ae2-6ecd-4043-8b5a-82414c597036,Henrik,Hinz,759b9908-b1f9-40b9-aa6e-6f899daf7bf0,14,5
d4a92ae2-6ecd-4043-8b5a-82414c597036,Henrik,Hinz,759b9908-b1f9-40b9-aa6e-6f899daf7bf0,15,4
d4a92ae2-6ecd-4043-8b5a-82414c597036,Henrik,Hinz,759b9908-b1f9-40b9-aa6e-6f899daf7bf0,16,5
d4a92ae2-6ecd-4043-8b5a-82414c597036,Henrik,Hinz,759b9908-b1f9-40b9-aa6e-6f899daf7bf0,17,3
d4a92ae2-6ecd-4043-8b5a-82414c597036,Henrik,Hinz,759b9908-b1f9-40b9-aa6e-6f899daf7bf0,18,6
d4a92ae2-6ecd-4043-8b5a-82414c597036,Henrik,Hinz,759b9908-b1f9-40b9-aa6e-6f899daf7bf0,1,4
d4a92ae2-6ecd-4043-8b5a-82414c597036,Henrik,Hinz,759b9908-b1f9-40b9-aa6e-6f899daf7bf0,2,4
d4a92ae2-6ecd-4043-8b5a-82414c597036,Henrik,Hinz,759b9908-b1f9-40b9-aa6e-6f899daf7bf0,3,3
d4a92ae2-6ecd-4043-8b5a-82414c597036,Henrik,Hinz,759b9908-b1f9-40b9-aa6e-6f899daf7bf0,4,4
d4a92ae2-6ecd-4043-8b5a-82414c597036,Henrik,Hinz,759b9908-b1f9-40b9-aa6e-6f899daf7bf0,5,4
d4a92ae2-6ecd-4043-8b5a-82414c597036,Henrik,Hinz,759b9908-b1f9-40b9-aa6e-6f899daf7bf0,6,5
d4a92ae2-6ecd-4043-8b5a-82414c597036,Henrik,Hinz,759b9908-b1f9-40b9-aa6e-6f899daf7bf0,7,4
d4a92ae2-6ecd-4043-8b5a-82414c597036,Henrik,Hinz,759b9908-b1f9-40b9-aa6e-6f899daf7bf0,8,7
d4a92ae2-6ecd-4043-8b5a-82414c597036,Henrik,Hinz,759b9908-b1f9-40b9-aa6e-6f899daf7bf0,9,5
d4a92ae2-6ecd-4043-8b5a-82414c597036,Henrik,Hinz,759b9908-b1f9-40b9-aa6e-6f899daf7bf0,10,5
d4a92ae2-6ecd-4043-8b5a-82414c597036,Henrik,Hinz,759b9908-b1f9-40b9-aa6e-6f899daf7bf0,11,6
d4a92ae2-6ecd-4043-8b5a-82414c597036,Henrik,Hinz,759b9908-b1f9-40b9-aa6e-6f899daf7bf0,12,4
d4a92ae2-6ecd-4043-8b5a-82414c597036,Henrik,Hinz,759b9908-b1f9-40b9-aa6e-6f899daf7bf0,13,3
d4a92ae2-6ecd-4043-8b5a-82414c597036,Henrik,Hinz,759b9908-b1f9-40b9-aa6e-6f899daf7bf0,14,6
d4a92ae2-6ecd-4043-8b5a-82414c597036,Henrik,Hinz,759b9908-b1f9-40b9-aa6e-6f899daf7bf0,15,5
d4a92ae2-6ecd-4043-8b5a-82414c597036,Henrik,Hinz,759b9908-b1f9-40b9-aa6e-6f899daf7bf0,16,3
d4a92ae2-6ecd-4043-8b5a-82414c597036,Henrik,Hinz,759b9908-b1f9-40b9-aa6e-6f899daf7bf0,17,3
d4a92ae2-6ecd-4043-8b5a-82414c597036,Henrik,Hinz,759b9908-b1f9-40b9-aa6e-6f899daf7bf0,18,5
7716349a-8bb0-46c6-b60c-3594eb7ea60f,Aaron,Talke,78fb4ed0-ba6c-4b98-a34b-bb8fa7f01091,1,6
7716349a-8bb0-46c6-b60c-3594eb7ea60f,Aaron,Talke,78fb4ed0-ba6c-4b98-a34b-bb8fa7f01091,2,9
7716349a-8bb0-46c6-b60c-3594eb7ea60f,Aaron,Talke,78fb4ed0-ba6c-4b98-a34b-bb8fa7f01091,3,5
7716349a-8bb0-46c6-b60c-3594eb7ea60f,Aaron,Talke,78fb4ed0-ba6c-4b98-a34b-bb8fa7f01091,4,4
7716349a-8bb0-46c6-b60c-3594eb7ea60f,Aaron,Talke,78fb4ed0-ba6c-4b98-a34b-bb8fa7f01091,5,4
7716349a-8bb0-46c6-b60c-3594eb7ea60f,Aaron,Talke,78fb4ed0-ba6c-4b98-a34b-bb8fa7f01091,6,6
7716349a-8bb0-46c6-b60c-3594eb7ea60f,Aaron,Talke,78fb4ed0-ba6c-4b98-a34b-bb8fa7f01091,7,3
7716349a-8bb0-46c6-b60c-3594eb7ea60f,Aaron,Talke,78fb4ed0-ba6c-4b98-a34b-bb8fa7f01091,8,5
7716349a-8bb0-46c6-b60c-3594eb7ea60f,Aaron,Talke,78fb4ed0-ba6c-4b98-a34b-bb8fa7f01091,9,8
7716349a-8bb0-46c6-b60c-3594eb7ea60f,Aaron,Talke,78fb4ed0-ba6c-4b98-a34b-bb8fa7f01091,10,5
7716349a-8bb0-46c6-b60c-3594eb7ea60f,Aaron,Talke,78fb4ed0-ba6c-4b98-a34b-bb8fa7f01091,11,3
7716349a-8bb0-46c6-b60c-3594eb7ea60f,Aaron,Talke,78fb4ed0-ba6c-4b98-a34b-bb8fa7f01091,12,3
7716349a-8bb0-46c6-b60c-3594eb7ea60f,Aaron,Talke,78fb4ed0-ba6c-4b98-a34b-bb8fa7f01091,13,5
7716349a-8bb0-46c6-b60c-3594eb7ea60f,Aaron,Talke,78fb4ed0-ba6c-4b98-a34b-bb8fa7f01091,14,6
7716349a-8bb0-46c6-b60c-3594eb7ea60f,Aaron,Talke,78fb4ed0-ba6c-4b98-a34b-bb8fa7f01091,15,4
7716349a-8bb0-46c6-b60c-3594eb7ea60f,Aaron,Talke,78fb4ed0-ba6c-4b98-a34b-bb8fa7f01091,16,4
7716349a-8bb0-46c6-b60c-3594eb7ea60f,Aaron,Talke,78fb4ed0-ba6c-4b98-a34b-bb8fa7f01091,17,6
7716349a-8bb0-46c6-b60c-3594eb7ea60f,Aaron,Talke,78fb4ed0-ba6c-4b98-a34b-bb8fa7f01091,18,13
d4a92ae2-6ecd-4043-8b5a-82414c597036,Nicolas,Gregg,79fae2cb-e948-49a9-aa44-6bb1d4ea602b,15,6
d4a92ae2-6ecd-4043-8b5a-82414c597036,Nicolas,Gregg,79fae2cb-e948-49a9-aa44-6bb1d4ea602b,16,4
d4a92ae2-6ecd-4043-8b5a-82414c597036,Nicolas,Gregg,79fae2cb-e948-49a9-aa44-6bb1d4ea602b,1,4
d4a92ae2-6ecd-4043-8b5a-82414c597036,Nicolas,Gregg,79fae2cb-e948-49a9-aa44-6bb1d4ea602b,2,5
d4a92ae2-6ecd-4043-8b5a-82414c597036,Nicolas,Gregg,79fae2cb-e948-49a9-aa44-6bb1d4ea602b,8,4
d4a92ae2-6ecd-4043-8b5a-82414c597036,Nicolas,Gregg,79fae2cb-e948-49a9-aa44-6bb1d4ea602b,9,3
d4a92ae2-6ecd-4043-8b5a-82414c597036,Nicolas,Gregg,79fae2cb-e948-49a9-aa44-6bb1d4ea602b,10,5
d4a92ae2-6ecd-4043-8b5a-82414c597036,Nicolas,Gregg,79fae2cb-e948-49a9-aa44-6bb1d4ea602b,17,3
d4a92ae2-6ecd-4043-8b5a-82414c597036,Nicolas,Gregg,79fae2cb-e948-49a9-aa44-6bb1d4ea602b,18,6
d4a92ae2-6ecd-4043-8b5a-82414c597036,Nicolas,Gregg,79fae2cb-e948-49a9-aa44-6bb1d4ea602b,11,4
d4a92ae2-6ecd-4043-8b5a-82414c597036,Nicolas,Gregg,79fae2cb-e948-49a9-aa44-6bb1d4ea602b,12,4
d4a92ae2-6ecd-4043-8b5a-82414c597036,Nicolas,Gregg,79fae2cb-e948-49a9-aa44-6bb1d4ea602b,13,3
d4a92ae2-6ecd-4043-8b5a-82414c597036,Nicolas,Gregg,79fae2cb-e948-49a9-aa44-6bb1d4ea602b,14,5
d4a92ae2-6ecd-4043-8b5a-82414c597036,Nicolas,Gregg,79fae2cb-e948-49a9-aa44-6bb1d4ea602b,1,5
d4a92ae2-6ecd-4043-8b5a-82414c597036,Nicolas,Gregg,79fae2cb-e948-49a9-aa44-6bb1d4ea602b,2,5
d4a92ae2-6ecd-4043-8b5a-82414c597036,Nicolas,Gregg,79fae2cb-e948-49a9-aa44-6bb1d4ea602b,3,2
d4a92ae2-6ecd-4043-8b5a-82414c597036,Nicolas,Gregg,79fae2cb-e948-49a9-aa44-6bb1d4ea602b,4,4
d4a92ae2-6ecd-4043-8b5a-82414c597036,Nicolas,Gregg,79fae2cb-e948-49a9-aa44-6bb1d4ea602b,5,3
d4a92ae2-6ecd-4043-8b5a-82414c597036,Nicolas,Gregg,79fae2cb-e948-49a9-aa44-6bb1d4ea602b,6,5
d4a92ae2-6ecd-4043-8b5a-82414c597036,Nicolas,Gregg,79fae2cb-e948-49a9-aa44-6bb1d4ea602b,7,4
d4a92ae2-6ecd-4043-8b5a-82414c597036,Nicolas,Gregg,79fae2cb-e948-49a9-aa44-6bb1d4ea602b,8,4
d4a92ae2-6ecd-4043-8b5a-82414c597036,Nicolas,Gregg,79fae2cb-e948-49a9-aa44-6bb1d4ea602b,9,5
d4a92ae2-6ecd-4043-8b5a-82414c597036,Nicolas,Gregg,79fae2cb-e948-49a9-aa44-6bb1d4ea602b,10,5
d4a92ae2-6ecd-4043-8b5a-82414c597036,Nicolas,Gregg,79fae2cb-e948-49a9-aa44-6bb1d4ea602b,11,6
d4a92ae2-6ecd-4043-8b5a-82414c597036,Nicolas,Gregg,79fae2cb-e948-49a9-aa44-6bb1d4ea602b,12,4
d4a92ae2-6ecd-4043-8b5a-82414c597036,Nicolas,Gregg,79fae2cb-e948-49a9-aa44-6bb1d4ea602b,13,4
d4a92ae2-6ecd-4043-8b5a-82414c597036,Nicolas,Gregg,79fae2cb-e948-49a9-aa44-6bb1d4ea602b,14,5
d4a92ae2-6ecd-4043-8b5a-82414c597036,Nicolas,Gregg,79fae2cb-e948-49a9-aa44-6bb1d4ea602b,15,3
d4a92ae2-6ecd-4043-8b5a-82414c597036,Nicolas,Gregg,79fae2cb-e948-49a9-aa44-6bb1d4ea602b,16,4
d4a92ae2-6ecd-4043-8b5a-82414c597036,Nicolas,Gregg,79fae2cb-e948-49a9-aa44-6bb1d4ea602b,17,3
d4a92ae2-6ecd-4043-8b5a-82414c597036,Nicolas,Gregg,79fae2cb-e948-49a9-aa44-6bb1d4ea602b,18,4
d4a92ae2-6ecd-4043-8b5a-82414c597036,Nicolas,Gregg,79fae2cb-e948-49a9-aa44-6bb1d4ea602b,12,4
d4a92ae2-6ecd-4043-8b5a-82414c597036,Nicolas,Gregg,79fae2cb-e948-49a9-aa44-6bb1d4ea602b,1,5
d4a92ae2-6ecd-4043-8b5a-82414c597036,Nicolas,Gregg,79fae2cb-e948-49a9-aa44-6bb1d4ea602b,2,4
d4a92ae2-6ecd-4043-8b5a-82414c597036,Nicolas,Gregg,79fae2cb-e948-49a9-aa44-6bb1d4ea602b,3,4
d4a92ae2-6ecd-4043-8b5a-82414c597036,Nicolas,Gregg,79fae2cb-e948-49a9-aa44-6bb1d4ea602b,4,5
d4a92ae2-6ecd-4043-8b5a-82414c597036,Nicolas,Gregg,79fae2cb-e948-49a9-aa44-6bb1d4ea602b,5,4
d4a92ae2-6ecd-4043-8b5a-82414c597036,Nicolas,Gregg,79fae2cb-e948-49a9-aa44-6bb1d4ea602b,6,4
d4a92ae2-6ecd-4043-8b5a-82414c597036,Nicolas,Gregg,79fae2cb-e948-49a9-aa44-6bb1d4ea602b,7,4
d4a92ae2-6ecd-4043-8b5a-82414c597036,Nicolas,Gregg,79fae2cb-e948-49a9-aa44-6bb1d4ea602b,8,4
d4a92ae2-6ecd-4043-8b5a-82414c597036,Nicolas,Gregg,79fae2cb-e948-49a9-aa44-6bb1d4ea602b,9,5
d4a92ae2-6ecd-4043-8b5a-82414c597036,Nicolas,Gregg,79fae2cb-e948-49a9-aa44-6bb1d4ea602b,10,5
d4a92ae2-6ecd-4043-8b5a-82414c597036,Nicolas,Gregg,79fae2cb-e948-49a9-aa44-6bb1d4ea602b,11,5
d4a92ae2-6ecd-4043-8b5a-82414c597036,Nicolas,Gregg,79fae2cb-e948-49a9-aa44-6bb1d4ea602b,15,4
d4a92ae2-6ecd-4043-8b5a-82414c597036,Nicolas,Gregg,79fae2cb-e948-49a9-aa44-6bb1d4ea602b,16,4
d4a92ae2-6ecd-4043-8b5a-82414c597036,Nicolas,Gregg,79fae2cb-e948-49a9-aa44-6bb1d4ea602b,14,4
d4a92ae2-6ecd-4043-8b5a-82414c597036,Nicolas,Gregg,79fae2cb-e948-49a9-aa44-6bb1d4ea602b,13,2
d4a92ae2-6ecd-4043-8b5a-82414c597036,Nicolas,Gregg,79fae2cb-e948-49a9-aa44-6bb1d4ea602b,17,4
d4a92ae2-6ecd-4043-8b5a-82414c597036,Nicolas,Gregg,79fae2cb-e948-49a9-aa44-6bb1d4ea602b,18,3
d4a92ae2-6ecd-4043-8b5a-82414c597036,Nicolas,Gregg,79fae2cb-e948-49a9-aa44-6bb1d4ea602b,3,3
d4a92ae2-6ecd-4043-8b5a-82414c597036,Nicolas,Gregg,79fae2cb-e948-49a9-aa44-6bb1d4ea602b,4,5
d4a92ae2-6ecd-4043-8b5a-82414c597036,Nicolas,Gregg,79fae2cb-e948-49a9-aa44-6bb1d4ea602b,5,3
d4a92ae2-6ecd-4043-8b5a-82414c597036,Nicolas,Gregg,79fae2cb-e948-49a9-aa44-6bb1d4ea602b,6,4
d4a92ae2-6ecd-4043-8b5a-82414c597036,Nicolas,Gregg,79fae2cb-e948-49a9-aa44-6bb1d4ea602b,7,5
7716349a-8bb0-46c6-b60c-3594eb7ea60f,Leander,Wienands,7c4671ff-76ee-4a70-b912-6aa7354774ee,1,5
7716349a-8bb0-46c6-b60c-3594eb7ea60f,Leander,Wienands,7c4671ff-76ee-4a70-b912-6aa7354774ee,3,8
7716349a-8bb0-46c6-b60c-3594eb7ea60f,Leander,Wienands,7c4671ff-76ee-4a70-b912-6aa7354774ee,4,3
7716349a-8bb0-46c6-b60c-3594eb7ea60f,Leander,Wienands,7c4671ff-76ee-4a70-b912-6aa7354774ee,5,4
7716349a-8bb0-46c6-b60c-3594eb7ea60f,Leander,Wienands,7c4671ff-76ee-4a70-b912-6aa7354774ee,6,5
7716349a-8bb0-46c6-b60c-3594eb7ea60f,Leander,Wienands,7c4671ff-76ee-4a70-b912-6aa7354774ee,7,3
7716349a-8bb0-46c6-b60c-3594eb7ea60f,Leander,Wienands,7c4671ff-76ee-4a70-b912-6aa7354774ee,8,5
7716349a-8bb0-46c6-b60c-3594eb7ea60f,Leander,Wienands,7c4671ff-76ee-4a70-b912-6aa7354774ee,13,4
7716349a-8bb0-46c6-b60c-3594eb7ea60f,Leander,Wienands,7c4671ff-76ee-4a70-b912-6aa7354774ee,14,4
7716349a-8bb0-46c6-b60c-3594eb7ea60f,Leander,Wienands,7c4671ff-76ee-4a70-b912-6aa7354774ee,12,4
7716349a-8bb0-46c6-b60c-3594eb7ea60f,Leander,Wienands,7c4671ff-76ee-4a70-b912-6aa7354774ee,16,4
7716349a-8bb0-46c6-b60c-3594eb7ea60f,Leander,Wienands,7c4671ff-76ee-4a70-b912-6aa7354774ee,2,4
7716349a-8bb0-46c6-b60c-3594eb7ea60f,Leander,Wienands,7c4671ff-76ee-4a70-b912-6aa7354774ee,9,5
7716349a-8bb0-46c6-b60c-3594eb7ea60f,Leander,Wienands,7c4671ff-76ee-4a70-b912-6aa7354774ee,15,2
7716349a-8bb0-46c6-b60c-3594eb7ea60f,Leander,Wienands,7c4671ff-76ee-4a70-b912-6aa7354774ee,17,5
7716349a-8bb0-46c6-b60c-3594eb7ea60f,Leander,Wienands,7c4671ff-76ee-4a70-b912-6aa7354774ee,18,4
7716349a-8bb0-46c6-b60c-3594eb7ea60f,Leander,Wienands,7c4671ff-76ee-4a70-b912-6aa7354774ee,10,5
7716349a-8bb0-46c6-b60c-3594eb7ea60f,Leander,Wienands,7c4671ff-76ee-4a70-b912-6aa7354774ee,11,3
7716349a-8bb0-46c6-b60c-3594eb7ea60f,Julian,Klocke,7cb8f5cb-1d66-4a8b-a52e-3c0ab48ff137,1,7
7716349a-8bb0-46c6-b60c-3594eb7ea60f,Julian,Klocke,7cb8f5cb-1d66-4a8b-a52e-3c0ab48ff137,2,7
7716349a-8bb0-46c6-b60c-3594eb7ea60f,Julian,Klocke,7cb8f5cb-1d66-4a8b-a52e-3c0ab48ff137,3,5
7716349a-8bb0-46c6-b60c-3594eb7ea60f,Julian,Klocke,7cb8f5cb-1d66-4a8b-a52e-3c0ab48ff137,4,4
7716349a-8bb0-46c6-b60c-3594eb7ea60f,Julian,Klocke,7cb8f5cb-1d66-4a8b-a52e-3c0ab48ff137,6,6
7716349a-8bb0-46c6-b60c-3594eb7ea60f,Julian,Klocke,7cb8f5cb-1d66-4a8b-a52e-3c0ab48ff137,7,3
7716349a-8bb0-46c6-b60c-3594eb7ea60f,Julian,Klocke,7cb8f5cb-1d66-4a8b-a52e-3c0ab48ff137,8,5
7716349a-8bb0-46c6-b60c-3594eb7ea60f,Julian,Klocke,7cb8f5cb-1d66-4a8b-a52e-3c0ab48ff137,9,6
7716349a-8bb0-46c6-b60c-3594eb7ea60f,Julian,Klocke,7cb8f5cb-1d66-4a8b-a52e-3c0ab48ff137,10,5
7716349a-8bb0-46c6-b60c-3594eb7ea60f,Julian,Klocke,7cb8f5cb-1d66-4a8b-a52e-3c0ab48ff137,11,4
7716349a-8bb0-46c6-b60c-3594eb7ea60f,Julian,Klocke,7cb8f5cb-1d66-4a8b-a52e-3c0ab48ff137,12,5
7716349a-8bb0-46c6-b60c-3594eb7ea60f,Julian,Klocke,7cb8f5cb-1d66-4a8b-a52e-3c0ab48ff137,5,5
7716349a-8bb0-46c6-b60c-3594eb7ea60f,Julian,Klocke,7cb8f5cb-1d66-4a8b-a52e-3c0ab48ff137,13,5
7716349a-8bb0-46c6-b60c-3594eb7ea60f,Julian,Klocke,7cb8f5cb-1d66-4a8b-a52e-3c0ab48ff137,14,5
7716349a-8bb0-46c6-b60c-3594eb7ea60f,Julian,Klocke,7cb8f5cb-1d66-4a8b-a52e-3c0ab48ff137,15,3
7716349a-8bb0-46c6-b60c-3594eb7ea60f,Julian,Klocke,7cb8f5cb-1d66-4a8b-a52e-3c0ab48ff137,16,5
7716349a-8bb0-46c6-b60c-3594eb7ea60f,Julian,Klocke,7cb8f5cb-1d66-4a8b-a52e-3c0ab48ff137,17,6
7716349a-8bb0-46c6-b60c-3594eb7ea60f,Julian,Klocke,7cb8f5cb-1d66-4a8b-a52e-3c0ab48ff137,18,6
d4a92ae2-6ecd-4043-8b5a-82414c597036,Aidan,Nüchter,7db2cb2f-f9ed-41d0-bbd8-502f7a9a2ff3,1,6
d4a92ae2-6ecd-4043-8b5a-82414c597036,Aidan,Nüchter,7db2cb2f-f9ed-41d0-bbd8-502f7a9a2ff3,2,6
d4a92ae2-6ecd-4043-8b5a-82414c597036,Aidan,Nüchter,7db2cb2f-f9ed-41d0-bbd8-502f7a9a2ff3,3,3
d4a92ae2-6ecd-4043-8b5a-82414c597036,Aidan,Nüchter,7db2cb2f-f9ed-41d0-bbd8-502f7a9a2ff3,4,7
d4a92ae2-6ecd-4043-8b5a-82414c597036,Aidan,Nüchter,7db2cb2f-f9ed-41d0-bbd8-502f7a9a2ff3,5,5
d4a92ae2-6ecd-4043-8b5a-82414c597036,Aidan,Nüchter,7db2cb2f-f9ed-41d0-bbd8-502f7a9a2ff3,6,5
d4a92ae2-6ecd-4043-8b5a-82414c597036,Aidan,Nüchter,7db2cb2f-f9ed-41d0-bbd8-502f7a9a2ff3,7,7
d4a92ae2-6ecd-4043-8b5a-82414c597036,Aidan,Nüchter,7db2cb2f-f9ed-41d0-bbd8-502f7a9a2ff3,8,8
d4a92ae2-6ecd-4043-8b5a-82414c597036,Aidan,Nüchter,7db2cb2f-f9ed-41d0-bbd8-502f7a9a2ff3,9,7
d4a92ae2-6ecd-4043-8b5a-82414c597036,Aidan,Nüchter,7db2cb2f-f9ed-41d0-bbd8-502f7a9a2ff3,1,8
d4a92ae2-6ecd-4043-8b5a-82414c597036,Aidan,Nüchter,7db2cb2f-f9ed-41d0-bbd8-502f7a9a2ff3,6,7
d4a92ae2-6ecd-4043-8b5a-82414c597036,Aidan,Nüchter,7db2cb2f-f9ed-41d0-bbd8-502f7a9a2ff3,2,5
d4a92ae2-6ecd-4043-8b5a-82414c597036,Aidan,Nüchter,7db2cb2f-f9ed-41d0-bbd8-502f7a9a2ff3,3,3
d4a92ae2-6ecd-4043-8b5a-82414c597036,Aidan,Nüchter,7db2cb2f-f9ed-41d0-bbd8-502f7a9a2ff3,4,6
d4a92ae2-6ecd-4043-8b5a-82414c597036,Aidan,Nüchter,7db2cb2f-f9ed-41d0-bbd8-502f7a9a2ff3,1,6
d4a92ae2-6ecd-4043-8b5a-82414c597036,Aidan,Nüchter,7db2cb2f-f9ed-41d0-bbd8-502f7a9a2ff3,2,7
d4a92ae2-6ecd-4043-8b5a-82414c597036,Nicolas,Gregg,79fae2cb-e948-49a9-aa44-6bb1d4ea602b,8,4
d4a92ae2-6ecd-4043-8b5a-82414c597036,Nicolas,Gregg,79fae2cb-e948-49a9-aa44-6bb1d4ea602b,9,5
d4a92ae2-6ecd-4043-8b5a-82414c597036,Tjark,Geiser,c374f3e1-3ecb-45dd-a720-996aae83628e,13,6
d4a92ae2-6ecd-4043-8b5a-82414c597036,Tjark,Geiser,c374f3e1-3ecb-45dd-a720-996aae83628e,17,5
d4a92ae2-6ecd-4043-8b5a-82414c597036,Nicolas,Gregg,79fae2cb-e948-49a9-aa44-6bb1d4ea602b,10,5
d4a92ae2-6ecd-4043-8b5a-82414c597036,Nicolas,Gregg,79fae2cb-e948-49a9-aa44-6bb1d4ea602b,11,6
d4a92ae2-6ecd-4043-8b5a-82414c597036,Nicolas,Gregg,79fae2cb-e948-49a9-aa44-6bb1d4ea602b,12,4
d4a92ae2-6ecd-4043-8b5a-82414c597036,Nicolas,Gregg,79fae2cb-e948-49a9-aa44-6bb1d4ea602b,13,4
d4a92ae2-6ecd-4043-8b5a-82414c597036,Nicolas,Gregg,79fae2cb-e948-49a9-aa44-6bb1d4ea602b,14,5
d4a92ae2-6ecd-4043-8b5a-82414c597036,Nicolas,Gregg,79fae2cb-e948-49a9-aa44-6bb1d4ea602b,15,3
d4a92ae2-6ecd-4043-8b5a-82414c597036,Nicolas,Gregg,79fae2cb-e948-49a9-aa44-6bb1d4ea602b,16,4
d4a92ae2-6ecd-4043-8b5a-82414c597036,Nicolas,Gregg,79fae2cb-e948-49a9-aa44-6bb1d4ea602b,17,3
d4a92ae2-6ecd-4043-8b5a-82414c597036,Tom,Schult,08d26a81-b59d-4162-ad72-b07ee5d75c64,2,4
d4a92ae2-6ecd-4043-8b5a-82414c597036,Tom,Schult,08d26a81-b59d-4162-ad72-b07ee5d75c64,3,3
d4a92ae2-6ecd-4043-8b5a-82414c597036,Tom,Schult,08d26a81-b59d-4162-ad72-b07ee5d75c64,4,4
d4a92ae2-6ecd-4043-8b5a-82414c597036,Tom,Schult,08d26a81-b59d-4162-ad72-b07ee5d75c64,5,4
d4a92ae2-6ecd-4043-8b5a-82414c597036,Aaron,Talke,abd869dc-4fb4-4281-ad1f-d5945e769254,15,4
d4a92ae2-6ecd-4043-8b5a-82414c597036,Aaron,Talke,abd869dc-4fb4-4281-ad1f-d5945e769254,16,5
d4a92ae2-6ecd-4043-8b5a-82414c597036,Aaron,Talke,abd869dc-4fb4-4281-ad1f-d5945e769254,17,3
d4a92ae2-6ecd-4043-8b5a-82414c597036,Aaron,Talke,abd869dc-4fb4-4281-ad1f-d5945e769254,18,5
d4a92ae2-6ecd-4043-8b5a-82414c597036,Mateo,Kaffka,50dd6e49-1e4a-41ab-82ca-6d15050216b3,6,11
d4a92ae2-6ecd-4043-8b5a-82414c597036,Henry Pete,Nischk,60d9add6-17ee-430f-a974-1bc5cfa95c84,1,6
d4a92ae2-6ecd-4043-8b5a-82414c597036,Henry Pete,Nischk,60d9add6-17ee-430f-a974-1bc5cfa95c84,2,6
d4a92ae2-6ecd-4043-8b5a-82414c597036,Henry Pete,Nischk,60d9add6-17ee-430f-a974-1bc5cfa95c84,3,4
d4a92ae2-6ecd-4043-8b5a-82414c597036,Henry Pete,Nischk,60d9add6-17ee-430f-a974-1bc5cfa95c84,4,5
d4a92ae2-6ecd-4043-8b5a-82414c597036,Aidan,Nüchter,7db2cb2f-f9ed-41d0-bbd8-502f7a9a2ff3,2,5
d4a92ae2-6ecd-4043-8b5a-82414c597036,Aidan,Nüchter,7db2cb2f-f9ed-41d0-bbd8-502f7a9a2ff3,3,3
d4a92ae2-6ecd-4043-8b5a-82414c597036,Aidan,Nüchter,7db2cb2f-f9ed-41d0-bbd8-502f7a9a2ff3,4,6
d4a92ae2-6ecd-4043-8b5a-82414c597036,Nicolas,Gregg,79fae2cb-e948-49a9-aa44-6bb1d4ea602b,18,4
d4a92ae2-6ecd-4043-8b5a-82414c597036,Oskar,Arnold,6c31fd00-3f0e-406d-8145-ddca8aad7a11,2,7
d4a92ae2-6ecd-4043-8b5a-82414c597036,Oskar,Arnold,6c31fd00-3f0e-406d-8145-ddca8aad7a11,3,3
d4a92ae2-6ecd-4043-8b5a-82414c597036,Oskar,Arnold,6c31fd00-3f0e-406d-8145-ddca8aad7a11,4,5
d4a92ae2-6ecd-4043-8b5a-82414c597036,Oskar,Arnold,6c31fd00-3f0e-406d-8145-ddca8aad7a11,5,3
d4a92ae2-6ecd-4043-8b5a-82414c597036,Oskar,Arnold,6c31fd00-3f0e-406d-8145-ddca8aad7a11,6,5
d4a92ae2-6ecd-4043-8b5a-82414c597036,Oskar,Arnold,6c31fd00-3f0e-406d-8145-ddca8aad7a11,7,5
d4a92ae2-6ecd-4043-8b5a-82414c597036,Oskar,Arnold,6c31fd00-3f0e-406d-8145-ddca8aad7a11,8,4
d4a92ae2-6ecd-4043-8b5a-82414c597036,Oskar,Arnold,6c31fd00-3f0e-406d-8145-ddca8aad7a11,9,4
d4a92ae2-6ecd-4043-8b5a-82414c597036,Oskar,Arnold,6c31fd00-3f0e-406d-8145-ddca8aad7a11,10,5
d4a92ae2-6ecd-4043-8b5a-82414c597036,Oskar,Arnold,6c31fd00-3f0e-406d-8145-ddca8aad7a11,11,5
d4a92ae2-6ecd-4043-8b5a-82414c597036,Carl,Balz,9fab0351-ea45-4762-a3b9-4d61ef1d99b9,2,5
d4a92ae2-6ecd-4043-8b5a-82414c597036,Oskar,Arnold,6c31fd00-3f0e-406d-8145-ddca8aad7a11,12,4
d4a92ae2-6ecd-4043-8b5a-82414c597036,Oskar,Arnold,6c31fd00-3f0e-406d-8145-ddca8aad7a11,13,3
d4a92ae2-6ecd-4043-8b5a-82414c597036,Oskar,Arnold,6c31fd00-3f0e-406d-8145-ddca8aad7a11,14,5
d4a92ae2-6ecd-4043-8b5a-82414c597036,Oskar,Arnold,6c31fd00-3f0e-406d-8145-ddca8aad7a11,15,5
d4a92ae2-6ecd-4043-8b5a-82414c597036,Oskar,Arnold,6c31fd00-3f0e-406d-8145-ddca8aad7a11,16,4
d4a92ae2-6ecd-4043-8b5a-82414c597036,Oskar,Arnold,6c31fd00-3f0e-406d-8145-ddca8aad7a11,17,3
d4a92ae2-6ecd-4043-8b5a-82414c597036,Oskar,Arnold,6c31fd00-3f0e-406d-8145-ddca8aad7a11,18,7
d4a92ae2-6ecd-4043-8b5a-82414c597036,Henrik,Hinz,759b9908-b1f9-40b9-aa6e-6f899daf7bf0,1,5
d4a92ae2-6ecd-4043-8b5a-82414c597036,Henrik,Hinz,759b9908-b1f9-40b9-aa6e-6f899daf7bf0,2,5
d4a92ae2-6ecd-4043-8b5a-82414c597036,Henrik,Hinz,759b9908-b1f9-40b9-aa6e-6f899daf7bf0,3,3
d4a92ae2-6ecd-4043-8b5a-82414c597036,Henrik,Hinz,759b9908-b1f9-40b9-aa6e-6f899daf7bf0,4,5
d4a92ae2-6ecd-4043-8b5a-82414c597036,Henrik,Hinz,759b9908-b1f9-40b9-aa6e-6f899daf7bf0,5,3
d4a92ae2-6ecd-4043-8b5a-82414c597036,Jacob,Boether,14e39112-6ce6-4eaf-9b97-097f758789f4,16,4
d4a92ae2-6ecd-4043-8b5a-82414c597036,Jacob,Boether,14e39112-6ce6-4eaf-9b97-097f758789f4,17,2
d4a92ae2-6ecd-4043-8b5a-82414c597036,Henrik,Hinz,759b9908-b1f9-40b9-aa6e-6f899daf7bf0,6,5
d4a92ae2-6ecd-4043-8b5a-82414c597036,Rafael,Pich,b8d0b9c8-feab-494a-b904-713a3ef84e28,14,8
d4a92ae2-6ecd-4043-8b5a-82414c597036,Hugo,Freund,fbc1c0c4-2815-4bdb-af5b-c0a7c4ebf642,13,4
d4a92ae2-6ecd-4043-8b5a-82414c597036,Nicolas,Gregg,79fae2cb-e948-49a9-aa44-6bb1d4ea602b,12,4
d4a92ae2-6ecd-4043-8b5a-82414c597036,Rafael,Pich,b8d0b9c8-feab-494a-b904-713a3ef84e28,18,5
d4a92ae2-6ecd-4043-8b5a-82414c597036,Henrik,Hinz,759b9908-b1f9-40b9-aa6e-6f899daf7bf0,7,5
d4a92ae2-6ecd-4043-8b5a-82414c597036,Henrik,Hinz,759b9908-b1f9-40b9-aa6e-6f899daf7bf0,8,5
d4a92ae2-6ecd-4043-8b5a-82414c597036,Henrik,Hinz,759b9908-b1f9-40b9-aa6e-6f899daf7bf0,9,4
d4a92ae2-6ecd-4043-8b5a-82414c597036,Tjark,Geiser,c374f3e1-3ecb-45dd-a720-996aae83628e,12,5
d4a92ae2-6ecd-4043-8b5a-82414c597036,Tjark,Geiser,c374f3e1-3ecb-45dd-a720-996aae83628e,16,6
d4a92ae2-6ecd-4043-8b5a-82414c597036,Tjark,Geiser,c374f3e1-3ecb-45dd-a720-996aae83628e,18,12
d4a92ae2-6ecd-4043-8b5a-82414c597036,Tom,Schult,08d26a81-b59d-4162-ad72-b07ee5d75c64,6,7
d4a92ae2-6ecd-4043-8b5a-82414c597036,Tom,Schult,08d26a81-b59d-4162-ad72-b07ee5d75c64,1,5
d4a92ae2-6ecd-4043-8b5a-82414c597036,Oskar,Arnold,6c31fd00-3f0e-406d-8145-ddca8aad7a11,1,6
d4a92ae2-6ecd-4043-8b5a-82414c597036,Tom,Schult,08d26a81-b59d-4162-ad72-b07ee5d75c64,7,6
d4a92ae2-6ecd-4043-8b5a-82414c597036,Tom,Schult,08d26a81-b59d-4162-ad72-b07ee5d75c64,8,5
d4a92ae2-6ecd-4043-8b5a-82414c597036,Tom,Schult,08d26a81-b59d-4162-ad72-b07ee5d75c64,1,5
d4a92ae2-6ecd-4043-8b5a-82414c597036,Mateo,Kaffka,50dd6e49-1e4a-41ab-82ca-6d15050216b3,7,5
d4a92ae2-6ecd-4043-8b5a-82414c597036,Henry,Porth,96b9b1f2-6aa1-4ce3-8602-db8885855df9,3,4
d4a92ae2-6ecd-4043-8b5a-82414c597036,Carl,Balz,9fab0351-ea45-4762-a3b9-4d61ef1d99b9,2,5
d4a92ae2-6ecd-4043-8b5a-82414c597036,Mateo,Kaffka,50dd6e49-1e4a-41ab-82ca-6d15050216b3,8,7
d4a92ae2-6ecd-4043-8b5a-82414c597036,Mateo,Kaffka,50dd6e49-1e4a-41ab-82ca-6d15050216b3,9,5
d4a92ae2-6ecd-4043-8b5a-82414c597036,Philip,Dahlstrom,0b2be1cc-3241-4cfe-9af6-0b92a5582cec,1,5
d4a92ae2-6ecd-4043-8b5a-82414c597036,Oskar,Arnold,6c31fd00-3f0e-406d-8145-ddca8aad7a11,1,6
d4a92ae2-6ecd-4043-8b5a-82414c597036,Carl,Balz,9fab0351-ea45-4762-a3b9-4d61ef1d99b9,1,5
d4a92ae2-6ecd-4043-8b5a-82414c597036,Jackson,Sharp,eed4f2ad-d027-443d-9d78-a70e0a3b93a7,1,5
d4a92ae2-6ecd-4043-8b5a-82414c597036,Jackson,Sharp,eed4f2ad-d027-443d-9d78-a70e0a3b93a7,2,5
d4a92ae2-6ecd-4043-8b5a-82414c597036,Tjark,Geiser,c374f3e1-3ecb-45dd-a720-996aae83628e,1,7
d4a92ae2-6ecd-4043-8b5a-82414c597036,Hugo,Freund,fbc1c0c4-2815-4bdb-af5b-c0a7c4ebf642,1,6
d4a92ae2-6ecd-4043-8b5a-82414c597036,Hugo,Freund,fbc1c0c4-2815-4bdb-af5b-c0a7c4ebf642,2,5
d4a92ae2-6ecd-4043-8b5a-82414c597036,Hugo,Freund,fbc1c0c4-2815-4bdb-af5b-c0a7c4ebf642,3,4
d4a92ae2-6ecd-4043-8b5a-82414c597036,Hugo,Freund,fbc1c0c4-2815-4bdb-af5b-c0a7c4ebf642,4,5
d4a92ae2-6ecd-4043-8b5a-82414c597036,Hugo,Freund,fbc1c0c4-2815-4bdb-af5b-c0a7c4ebf642,5,3
d4a92ae2-6ecd-4043-8b5a-82414c597036,Nicolas,Gregg,79fae2cb-e948-49a9-aa44-6bb1d4ea602b,1,5
d4a92ae2-6ecd-4043-8b5a-82414c597036,Nicolas,Gregg,79fae2cb-e948-49a9-aa44-6bb1d4ea602b,2,4
d4a92ae2-6ecd-4043-8b5a-82414c597036,Tjark,Geiser,c374f3e1-3ecb-45dd-a720-996aae83628e,1,8
d4a92ae2-6ecd-4043-8b5a-82414c597036,Tjark,Geiser,c374f3e1-3ecb-45dd-a720-996aae83628e,2,6
d4a92ae2-6ecd-4043-8b5a-82414c597036,Nicolas,Gregg,79fae2cb-e948-49a9-aa44-6bb1d4ea602b,3,4
d4a92ae2-6ecd-4043-8b5a-82414c597036,Nicolas,Gregg,79fae2cb-e948-49a9-aa44-6bb1d4ea602b,4,5
d4a92ae2-6ecd-4043-8b5a-82414c597036,Tjark,Geiser,c374f3e1-3ecb-45dd-a720-996aae83628e,3,5
d4a92ae2-6ecd-4043-8b5a-82414c597036,Nicolas,Gregg,79fae2cb-e948-49a9-aa44-6bb1d4ea602b,5,4
d4a92ae2-6ecd-4043-8b5a-82414c597036,Nicolas,Gregg,79fae2cb-e948-49a9-aa44-6bb1d4ea602b,6,4
d4a92ae2-6ecd-4043-8b5a-82414c597036,Leander,Wienands,39ace5a0-881a-4178-aa2b-2fd274ebc40a,1,5
d4a92ae2-6ecd-4043-8b5a-82414c597036,Alexander,Mylius,de28cd8e-9d77-4157-807a-369c938090ab,1,5
d4a92ae2-6ecd-4043-8b5a-82414c597036,Alexander,Mylius,de28cd8e-9d77-4157-807a-369c938090ab,2,4
d4a92ae2-6ecd-4043-8b5a-82414c597036,Aaron,Kastein,10f1afa0-aa58-4b13-8d05-4e0b8e462e5f,1,4
d4a92ae2-6ecd-4043-8b5a-82414c597036,Aaron,Kastein,10f1afa0-aa58-4b13-8d05-4e0b8e462e5f,2,5
d4a92ae2-6ecd-4043-8b5a-82414c597036,Julian,Schwarz,16bbde86-be42-4588-bf60-d2798fec823b,1,5
d4a92ae2-6ecd-4043-8b5a-82414c597036,Mateo,Kaffka,50dd6e49-1e4a-41ab-82ca-6d15050216b3,1,7
d4a92ae2-6ecd-4043-8b5a-82414c597036,Nicolas,Metz,f42128ff-96ff-4c07-8ad5-c344d9767135,1,6
d4a92ae2-6ecd-4043-8b5a-82414c597036,Aidan,Nüchter,7db2cb2f-f9ed-41d0-bbd8-502f7a9a2ff3,1,6
d4a92ae2-6ecd-4043-8b5a-82414c597036,Valentin Andreas,Bohl,b64c96a6-6bd0-461d-9f68-f49865e53db5,1,6
d4a92ae2-6ecd-4043-8b5a-82414c597036,Henry Pete,Nischk,60d9add6-17ee-430f-a974-1bc5cfa95c84,1,6
d4a92ae2-6ecd-4043-8b5a-82414c597036,Henry Pete,Nischk,60d9add6-17ee-430f-a974-1bc5cfa95c84,2,6
d4a92ae2-6ecd-4043-8b5a-82414c597036,Elias,Didjurgis,2c5f4c05-03c1-4d64-960d-4e7b3c33c949,1,6
d4a92ae2-6ecd-4043-8b5a-82414c597036,Elias,Didjurgis,2c5f4c05-03c1-4d64-960d-4e7b3c33c949,2,4
d4a92ae2-6ecd-4043-8b5a-82414c597036,Elias,Didjurgis,2c5f4c05-03c1-4d64-960d-4e7b3c33c949,3,5
d4a92ae2-6ecd-4043-8b5a-82414c597036,Henrik,Hinz,759b9908-b1f9-40b9-aa6e-6f899daf7bf0,10,6
d4a92ae2-6ecd-4043-8b5a-82414c597036,Henrik,Hinz,759b9908-b1f9-40b9-aa6e-6f899daf7bf0,11,5
d4a92ae2-6ecd-4043-8b5a-82414c597036,Henrik,Hinz,759b9908-b1f9-40b9-aa6e-6f899daf7bf0,12,4
d4a92ae2-6ecd-4043-8b5a-82414c597036,Henrik,Hinz,759b9908-b1f9-40b9-aa6e-6f899daf7bf0,13,5
d4a92ae2-6ecd-4043-8b5a-82414c597036,Henrik,Hinz,759b9908-b1f9-40b9-aa6e-6f899daf7bf0,14,4
d4a92ae2-6ecd-4043-8b5a-82414c597036,Henrik,Hinz,759b9908-b1f9-40b9-aa6e-6f899daf7bf0,1,6
d4a92ae2-6ecd-4043-8b5a-82414c597036,Hugo,Freund,fbc1c0c4-2815-4bdb-af5b-c0a7c4ebf642,6,5
d4a92ae2-6ecd-4043-8b5a-82414c597036,Nicolas,Gregg,79fae2cb-e948-49a9-aa44-6bb1d4ea602b,7,4
d4a92ae2-6ecd-4043-8b5a-82414c597036,Tom,Schult,08d26a81-b59d-4162-ad72-b07ee5d75c64,9,6
d4a92ae2-6ecd-4043-8b5a-82414c597036,Nicolas,Gregg,79fae2cb-e948-49a9-aa44-6bb1d4ea602b,8,4
d4a92ae2-6ecd-4043-8b5a-82414c597036,Nicolas,Gregg,79fae2cb-e948-49a9-aa44-6bb1d4ea602b,9,5
d4a92ae2-6ecd-4043-8b5a-82414c597036,Tom,Schult,08d26a81-b59d-4162-ad72-b07ee5d75c64,10,8
d4a92ae2-6ecd-4043-8b5a-82414c597036,Nicolas,Gregg,79fae2cb-e948-49a9-aa44-6bb1d4ea602b,10,5
d4a92ae2-6ecd-4043-8b5a-82414c597036,Aaron,Kastein,10f1afa0-aa58-4b13-8d05-4e0b8e462e5f,3,4
d4a92ae2-6ecd-4043-8b5a-82414c597036,Aaron,Kastein,10f1afa0-aa58-4b13-8d05-4e0b8e462e5f,4,4
d4a92ae2-6ecd-4043-8b5a-82414c597036,Julian,Schwarz,16bbde86-be42-4588-bf60-d2798fec823b,2,4
d4a92ae2-6ecd-4043-8b5a-82414c597036,Tom,Schult,08d26a81-b59d-4162-ad72-b07ee5d75c64,11,7
d4a92ae2-6ecd-4043-8b5a-82414c597036,Tom,Schult,08d26a81-b59d-4162-ad72-b07ee5d75c64,12,6
d4a92ae2-6ecd-4043-8b5a-82414c597036,Tom,Schult,08d26a81-b59d-4162-ad72-b07ee5d75c64,13,3
d4a92ae2-6ecd-4043-8b5a-82414c597036,Henrik,Hinz,759b9908-b1f9-40b9-aa6e-6f899daf7bf0,15,6
d4a92ae2-6ecd-4043-8b5a-82414c597036,Henrik,Hinz,759b9908-b1f9-40b9-aa6e-6f899daf7bf0,16,4
d4a92ae2-6ecd-4043-8b5a-82414c597036,Henrik,Hinz,759b9908-b1f9-40b9-aa6e-6f899daf7bf0,17,3
d4a92ae2-6ecd-4043-8b5a-82414c597036,Henrik,Hinz,759b9908-b1f9-40b9-aa6e-6f899daf7bf0,18,5
d4a92ae2-6ecd-4043-8b5a-82414c597036,Jackson,Sharp,eed4f2ad-d027-443d-9d78-a70e0a3b93a7,1,4
d4a92ae2-6ecd-4043-8b5a-82414c597036,Jackson,Sharp,eed4f2ad-d027-443d-9d78-a70e0a3b93a7,2,3
d4a92ae2-6ecd-4043-8b5a-82414c597036,Jackson,Sharp,eed4f2ad-d027-443d-9d78-a70e0a3b93a7,3,3
d4a92ae2-6ecd-4043-8b5a-82414c597036,Jackson,Sharp,eed4f2ad-d027-443d-9d78-a70e0a3b93a7,4,4
d4a92ae2-6ecd-4043-8b5a-82414c597036,Jackson,Sharp,eed4f2ad-d027-443d-9d78-a70e0a3b93a7,5,4
d4a92ae2-6ecd-4043-8b5a-82414c597036,Jackson,Sharp,eed4f2ad-d027-443d-9d78-a70e0a3b93a7,6,5
d4a92ae2-6ecd-4043-8b5a-82414c597036,Jackson,Sharp,eed4f2ad-d027-443d-9d78-a70e0a3b93a7,7,5
d4a92ae2-6ecd-4043-8b5a-82414c597036,Jackson,Sharp,eed4f2ad-d027-443d-9d78-a70e0a3b93a7,8,4
d4a92ae2-6ecd-4043-8b5a-82414c597036,Jackson,Sharp,eed4f2ad-d027-443d-9d78-a70e0a3b93a7,9,5
d4a92ae2-6ecd-4043-8b5a-82414c597036,Jackson,Sharp,eed4f2ad-d027-443d-9d78-a70e0a3b93a7,10,6
d4a92ae2-6ecd-4043-8b5a-82414c597036,Jackson,Sharp,eed4f2ad-d027-443d-9d78-a70e0a3b93a7,11,5
d4a92ae2-6ecd-4043-8b5a-82414c597036,Jackson,Sharp,eed4f2ad-d027-443d-9d78-a70e0a3b93a7,12,4
d4a92ae2-6ecd-4043-8b5a-82414c597036,Jackson,Sharp,eed4f2ad-d027-443d-9d78-a70e0a3b93a7,13,3
d4a92ae2-6ecd-4043-8b5a-82414c597036,Jackson,Sharp,eed4f2ad-d027-443d-9d78-a70e0a3b93a7,14,5
d4a92ae2-6ecd-4043-8b5a-82414c597036,Jackson,Sharp,eed4f2ad-d027-443d-9d78-a70e0a3b93a7,15,4
d4a92ae2-6ecd-4043-8b5a-82414c597036,Jackson,Sharp,eed4f2ad-d027-443d-9d78-a70e0a3b93a7,16,3
d4a92ae2-6ecd-4043-8b5a-82414c597036,Jackson,Sharp,eed4f2ad-d027-443d-9d78-a70e0a3b93a7,17,3
d4a92ae2-6ecd-4043-8b5a-82414c597036,Jackson,Sharp,eed4f2ad-d027-443d-9d78-a70e0a3b93a7,18,6
d4a92ae2-6ecd-4043-8b5a-82414c597036,Tom,Schult,08d26a81-b59d-4162-ad72-b07ee5d75c64,2,7
d4a92ae2-6ecd-4043-8b5a-82414c597036,Tom,Schult,08d26a81-b59d-4162-ad72-b07ee5d75c64,3,3
d4a92ae2-6ecd-4043-8b5a-82414c597036,Tom,Schult,08d26a81-b59d-4162-ad72-b07ee5d75c64,4,5
d4a92ae2-6ecd-4043-8b5a-82414c597036,Tom,Schult,08d26a81-b59d-4162-ad72-b07ee5d75c64,5,3
d4a92ae2-6ecd-4043-8b5a-82414c597036,Tom,Schult,08d26a81-b59d-4162-ad72-b07ee5d75c64,6,6
d4a92ae2-6ecd-4043-8b5a-82414c597036,Tom,Schult,08d26a81-b59d-4162-ad72-b07ee5d75c64,7,5
d4a92ae2-6ecd-4043-8b5a-82414c597036,Nicolas,Metz,f42128ff-96ff-4c07-8ad5-c344d9767135,2,6
d4a92ae2-6ecd-4043-8b5a-82414c597036,Elias,Didjurgis,2c5f4c05-03c1-4d64-960d-4e7b3c33c949,5,3
d4a92ae2-6ecd-4043-8b5a-82414c597036,Elias,Didjurgis,2c5f4c05-03c1-4d64-960d-4e7b3c33c949,6,5
d4a92ae2-6ecd-4043-8b5a-82414c597036,Elias,Didjurgis,2c5f4c05-03c1-4d64-960d-4e7b3c33c949,7,5
d4a92ae2-6ecd-4043-8b5a-82414c597036,Elias,Didjurgis,2c5f4c05-03c1-4d64-960d-4e7b3c33c949,8,4
d4a92ae2-6ecd-4043-8b5a-82414c597036,Tom,Schult,08d26a81-b59d-4162-ad72-b07ee5d75c64,8,5
d4a92ae2-6ecd-4043-8b5a-82414c597036,Tom,Schult,08d26a81-b59d-4162-ad72-b07ee5d75c64,9,5
d4a92ae2-6ecd-4043-8b5a-82414c597036,Tom,Schult,08d26a81-b59d-4162-ad72-b07ee5d75c64,10,6
d4a92ae2-6ecd-4043-8b5a-82414c597036,Tom,Schult,08d26a81-b59d-4162-ad72-b07ee5d75c64,11,6
d4a92ae2-6ecd-4043-8b5a-82414c597036,Tom,Schult,08d26a81-b59d-4162-ad72-b07ee5d75c64,12,4
d4a92ae2-6ecd-4043-8b5a-82414c597036,Tom,Schult,08d26a81-b59d-4162-ad72-b07ee5d75c64,13,3
d4a92ae2-6ecd-4043-8b5a-82414c597036,Tom,Schult,08d26a81-b59d-4162-ad72-b07ee5d75c64,14,7
d4a92ae2-6ecd-4043-8b5a-82414c597036,Tom,Schult,08d26a81-b59d-4162-ad72-b07ee5d75c64,15,5
d4a92ae2-6ecd-4043-8b5a-82414c597036,Nicolas,Metz,f42128ff-96ff-4c07-8ad5-c344d9767135,3,6
d4a92ae2-6ecd-4043-8b5a-82414c597036,Tom,Schult,08d26a81-b59d-4162-ad72-b07ee5d75c64,16,4
d4a92ae2-6ecd-4043-8b5a-82414c597036,Tom,Schult,08d26a81-b59d-4162-ad72-b07ee5d75c64,17,3
d4a92ae2-6ecd-4043-8b5a-82414c597036,Tom,Schult,08d26a81-b59d-4162-ad72-b07ee5d75c64,18,6
d4a92ae2-6ecd-4043-8b5a-82414c597036,Henry Pete,Nischk,60d9add6-17ee-430f-a974-1bc5cfa95c84,3,3
d4a92ae2-6ecd-4043-8b5a-82414c597036,Henry Pete,Nischk,60d9add6-17ee-430f-a974-1bc5cfa95c84,4,3
d4a92ae2-6ecd-4043-8b5a-82414c597036,Henry Pete,Nischk,60d9add6-17ee-430f-a974-1bc5cfa95c84,5,3
d4a92ae2-6ecd-4043-8b5a-82414c597036,Henry Pete,Nischk,60d9add6-17ee-430f-a974-1bc5cfa95c84,6,5
d4a92ae2-6ecd-4043-8b5a-82414c597036,Henry Pete,Nischk,60d9add6-17ee-430f-a974-1bc5cfa95c84,7,5
d4a92ae2-6ecd-4043-8b5a-82414c597036,Henry Pete,Nischk,60d9add6-17ee-430f-a974-1bc5cfa95c84,8,3
d4a92ae2-6ecd-4043-8b5a-82414c597036,Henry Pete,Nischk,60d9add6-17ee-430f-a974-1bc5cfa95c84,9,6
d4a92ae2-6ecd-4043-8b5a-82414c597036,Elias,Didjurgis,2c5f4c05-03c1-4d64-960d-4e7b3c33c949,4,3
d4a92ae2-6ecd-4043-8b5a-82414c597036,Elias,Didjurgis,2c5f4c05-03c1-4d64-960d-4e7b3c33c949,9,5
d4a92ae2-6ecd-4043-8b5a-82414c597036,Nicolas,Metz,f42128ff-96ff-4c07-8ad5-c344d9767135,4,6
d4a92ae2-6ecd-4043-8b5a-82414c597036,Aaron,Talke,abd869dc-4fb4-4281-ad1f-d5945e769254,2,7
d4a92ae2-6ecd-4043-8b5a-82414c597036,Nicolas,Metz,f42128ff-96ff-4c07-8ad5-c344d9767135,5,4
d4a92ae2-6ecd-4043-8b5a-82414c597036,Aaron,Talke,abd869dc-4fb4-4281-ad1f-d5945e769254,3,5
d4a92ae2-6ecd-4043-8b5a-82414c597036,Nicolas,Metz,f42128ff-96ff-4c07-8ad5-c344d9767135,6,7
d4a92ae2-6ecd-4043-8b5a-82414c597036,Nicolas,Metz,f42128ff-96ff-4c07-8ad5-c344d9767135,7,6
d4a92ae2-6ecd-4043-8b5a-82414c597036,Nicolas,Metz,f42128ff-96ff-4c07-8ad5-c344d9767135,8,4
d4a92ae2-6ecd-4043-8b5a-82414c597036,Nicolas,Metz,f42128ff-96ff-4c07-8ad5-c344d9767135,9,5
d4a92ae2-6ecd-4043-8b5a-82414c597036,Aidan,Nüchter,7db2cb2f-f9ed-41d0-bbd8-502f7a9a2ff3,2,7
d4a92ae2-6ecd-4043-8b5a-82414c597036,Aaron,Talke,abd869dc-4fb4-4281-ad1f-d5945e769254,4,6
d4a92ae2-6ecd-4043-8b5a-82414c597036,Aaron,Talke,abd869dc-4fb4-4281-ad1f-d5945e769254,5,3
d4a92ae2-6ecd-4043-8b5a-82414c597036,Aaron,Talke,abd869dc-4fb4-4281-ad1f-d5945e769254,6,8
d4a92ae2-6ecd-4043-8b5a-82414c597036,Aaron,Talke,abd869dc-4fb4-4281-ad1f-d5945e769254,7,5
d4a92ae2-6ecd-4043-8b5a-82414c597036,Aaron,Talke,abd869dc-4fb4-4281-ad1f-d5945e769254,8,6
d4a92ae2-6ecd-4043-8b5a-82414c597036,Aaron,Talke,abd869dc-4fb4-4281-ad1f-d5945e769254,9,5
d4a92ae2-6ecd-4043-8b5a-82414c597036,Henry,Porth,96b9b1f2-6aa1-4ce3-8602-db8885855df9,4,5
d4a92ae2-6ecd-4043-8b5a-82414c597036,Henry,Porth,96b9b1f2-6aa1-4ce3-8602-db8885855df9,5,4
d4a92ae2-6ecd-4043-8b5a-82414c597036,Henry,Porth,96b9b1f2-6aa1-4ce3-8602-db8885855df9,6,8
d4a92ae2-6ecd-4043-8b5a-82414c597036,Henry,Porth,96b9b1f2-6aa1-4ce3-8602-db8885855df9,7,5
d4a92ae2-6ecd-4043-8b5a-82414c597036,Henry,Porth,96b9b1f2-6aa1-4ce3-8602-db8885855df9,8,5
d4a92ae2-6ecd-4043-8b5a-82414c597036,Aaron,Talke,abd869dc-4fb4-4281-ad1f-d5945e769254,10,6
d4a92ae2-6ecd-4043-8b5a-82414c597036,Aaron,Talke,abd869dc-4fb4-4281-ad1f-d5945e769254,11,7
d4a92ae2-6ecd-4043-8b5a-82414c597036,Aaron,Talke,abd869dc-4fb4-4281-ad1f-d5945e769254,12,5
d4a92ae2-6ecd-4043-8b5a-82414c597036,Aaron,Talke,abd869dc-4fb4-4281-ad1f-d5945e769254,13,4
d4a92ae2-6ecd-4043-8b5a-82414c597036,Aaron,Talke,abd869dc-4fb4-4281-ad1f-d5945e769254,14,8
d4a92ae2-6ecd-4043-8b5a-82414c597036,Aaron,Talke,abd869dc-4fb4-4281-ad1f-d5945e769254,15,5
d4a92ae2-6ecd-4043-8b5a-82414c597036,Aaron,Talke,abd869dc-4fb4-4281-ad1f-d5945e769254,16,7
d4a92ae2-6ecd-4043-8b5a-82414c597036,Aaron,Talke,abd869dc-4fb4-4281-ad1f-d5945e769254,17,4
d4a92ae2-6ecd-4043-8b5a-82414c597036,Aaron,Talke,abd869dc-4fb4-4281-ad1f-d5945e769254,18,5
d4a92ae2-6ecd-4043-8b5a-82414c597036,Hugo,Freund,fbc1c0c4-2815-4bdb-af5b-c0a7c4ebf642,11,6
d4a92ae2-6ecd-4043-8b5a-82414c597036,Hugo,Freund,fbc1c0c4-2815-4bdb-af5b-c0a7c4ebf642,14,5
d4a92ae2-6ecd-4043-8b5a-82414c597036,Hugo,Freund,fbc1c0c4-2815-4bdb-af5b-c0a7c4ebf642,15,5
d4a92ae2-6ecd-4043-8b5a-82414c597036,Nicolas,Gregg,79fae2cb-e948-49a9-aa44-6bb1d4ea602b,11,5
d4a92ae2-6ecd-4043-8b5a-82414c597036,Aidan,Nüchter,7db2cb2f-f9ed-41d0-bbd8-502f7a9a2ff3,3,4
d4a92ae2-6ecd-4043-8b5a-82414c597036,Aidan,Nüchter,7db2cb2f-f9ed-41d0-bbd8-502f7a9a2ff3,4,7
d4a92ae2-6ecd-4043-8b5a-82414c597036,Aidan,Nüchter,7db2cb2f-f9ed-41d0-bbd8-502f7a9a2ff3,5,3
d4a92ae2-6ecd-4043-8b5a-82414c597036,Aidan,Nüchter,7db2cb2f-f9ed-41d0-bbd8-502f7a9a2ff3,6,6
d4a92ae2-6ecd-4043-8b5a-82414c597036,Aidan,Nüchter,7db2cb2f-f9ed-41d0-bbd8-502f7a9a2ff3,7,5
d4a92ae2-6ecd-4043-8b5a-82414c597036,Aidan,Nüchter,7db2cb2f-f9ed-41d0-bbd8-502f7a9a2ff3,8,6
d4a92ae2-6ecd-4043-8b5a-82414c597036,Aidan,Nüchter,7db2cb2f-f9ed-41d0-bbd8-502f7a9a2ff3,9,4
d4a92ae2-6ecd-4043-8b5a-82414c597036,Valentin Andreas,Bohl,b64c96a6-6bd0-461d-9f68-f49865e53db5,2,5
d4a92ae2-6ecd-4043-8b5a-82414c597036,Valentin Andreas,Bohl,b64c96a6-6bd0-461d-9f68-f49865e53db5,3,3
d4a92ae2-6ecd-4043-8b5a-82414c597036,Valentin Andreas,Bohl,b64c96a6-6bd0-461d-9f68-f49865e53db5,4,4
d4a92ae2-6ecd-4043-8b5a-82414c597036,Valentin Andreas,Bohl,b64c96a6-6bd0-461d-9f68-f49865e53db5,5,5
d4a92ae2-6ecd-4043-8b5a-82414c597036,Valentin Andreas,Bohl,b64c96a6-6bd0-461d-9f68-f49865e53db5,6,7
d4a92ae2-6ecd-4043-8b5a-82414c597036,Valentin Andreas,Bohl,b64c96a6-6bd0-461d-9f68-f49865e53db5,7,4
d4a92ae2-6ecd-4043-8b5a-82414c597036,Valentin Andreas,Bohl,b64c96a6-6bd0-461d-9f68-f49865e53db5,8,3
d4a92ae2-6ecd-4043-8b5a-82414c597036,Valentin Andreas,Bohl,b64c96a6-6bd0-461d-9f68-f49865e53db5,9,6
d4a92ae2-6ecd-4043-8b5a-82414c597036,Paul Jules,Nischk,36381ba5-02d8-474e-a058-58b719674b9a,1,6
d4a92ae2-6ecd-4043-8b5a-82414c597036,Paul Jules,Nischk,36381ba5-02d8-474e-a058-58b719674b9a,2,5
d4a92ae2-6ecd-4043-8b5a-82414c597036,Paul Jules,Nischk,36381ba5-02d8-474e-a058-58b719674b9a,3,3
d4a92ae2-6ecd-4043-8b5a-82414c597036,Paul Jules,Nischk,36381ba5-02d8-474e-a058-58b719674b9a,4,5
d4a92ae2-6ecd-4043-8b5a-82414c597036,Paul Jules,Nischk,36381ba5-02d8-474e-a058-58b719674b9a,5,3
d4a92ae2-6ecd-4043-8b5a-82414c597036,Paul Jules,Nischk,36381ba5-02d8-474e-a058-58b719674b9a,6,6
d4a92ae2-6ecd-4043-8b5a-82414c597036,Paul Jules,Nischk,36381ba5-02d8-474e-a058-58b719674b9a,7,4
d4a92ae2-6ecd-4043-8b5a-82414c597036,Paul Jules,Nischk,36381ba5-02d8-474e-a058-58b719674b9a,8,5
d4a92ae2-6ecd-4043-8b5a-82414c597036,Paul Jules,Nischk,36381ba5-02d8-474e-a058-58b719674b9a,9,5
d4a92ae2-6ecd-4043-8b5a-82414c597036,Tom,Schult,08d26a81-b59d-4162-ad72-b07ee5d75c64,14,5
d4a92ae2-6ecd-4043-8b5a-82414c597036,Tom,Schult,08d26a81-b59d-4162-ad72-b07ee5d75c64,15,6
d4a92ae2-6ecd-4043-8b5a-82414c597036,Tom,Schult,08d26a81-b59d-4162-ad72-b07ee5d75c64,16,6
d4a92ae2-6ecd-4043-8b5a-82414c597036,Tom,Schult,08d26a81-b59d-4162-ad72-b07ee5d75c64,17,3
d4a92ae2-6ecd-4043-8b5a-82414c597036,Tom,Schult,08d26a81-b59d-4162-ad72-b07ee5d75c64,18,5
d4a92ae2-6ecd-4043-8b5a-82414c597036,Henry,Porth,96b9b1f2-6aa1-4ce3-8602-db8885855df9,1,7
d4a92ae2-6ecd-4043-8b5a-82414c597036,Rafael,Pich,b8d0b9c8-feab-494a-b904-713a3ef84e28,1,6
d4a92ae2-6ecd-4043-8b5a-82414c597036,Rafael,Pich,b8d0b9c8-feab-494a-b904-713a3ef84e28,2,7
d4a92ae2-6ecd-4043-8b5a-82414c597036,Rafael,Pich,b8d0b9c8-feab-494a-b904-713a3ef84e28,3,8
d4a92ae2-6ecd-4043-8b5a-82414c597036,Rafael,Pich,b8d0b9c8-feab-494a-b904-713a3ef84e28,4,5
d4a92ae2-6ecd-4043-8b5a-82414c597036,Rafael,Pich,b8d0b9c8-feab-494a-b904-713a3ef84e28,5,4
d4a92ae2-6ecd-4043-8b5a-82414c597036,Rafael,Pich,b8d0b9c8-feab-494a-b904-713a3ef84e28,6,6
d4a92ae2-6ecd-4043-8b5a-82414c597036,Rafael,Pich,b8d0b9c8-feab-494a-b904-713a3ef84e28,7,6
d4a92ae2-6ecd-4043-8b5a-82414c597036,Rafael,Pich,b8d0b9c8-feab-494a-b904-713a3ef84e28,8,7
d4a92ae2-6ecd-4043-8b5a-82414c597036,Rafael,Pich,b8d0b9c8-feab-494a-b904-713a3ef84e28,9,6
d4a92ae2-6ecd-4043-8b5a-82414c597036,Henry,Porth,96b9b1f2-6aa1-4ce3-8602-db8885855df9,2,5
d4a92ae2-6ecd-4043-8b5a-82414c597036,Henry,Porth,96b9b1f2-6aa1-4ce3-8602-db8885855df9,9,7
d4a92ae2-6ecd-4043-8b5a-82414c597036,Henry,Porth,96b9b1f2-6aa1-4ce3-8602-db8885855df9,10,6
d4a92ae2-6ecd-4043-8b5a-82414c597036,Henry,Porth,96b9b1f2-6aa1-4ce3-8602-db8885855df9,11,8
d4a92ae2-6ecd-4043-8b5a-82414c597036,Henry,Porth,96b9b1f2-6aa1-4ce3-8602-db8885855df9,12,5
d4a92ae2-6ecd-4043-8b5a-82414c597036,Henry,Porth,96b9b1f2-6aa1-4ce3-8602-db8885855df9,13,4
d4a92ae2-6ecd-4043-8b5a-82414c597036,Henry,Porth,96b9b1f2-6aa1-4ce3-8602-db8885855df9,14,5
d4a92ae2-6ecd-4043-8b5a-82414c597036,Henry,Porth,96b9b1f2-6aa1-4ce3-8602-db8885855df9,15,6
d4a92ae2-6ecd-4043-8b5a-82414c597036,Henry,Porth,96b9b1f2-6aa1-4ce3-8602-db8885855df9,16,5
d4a92ae2-6ecd-4043-8b5a-82414c597036,Henry,Porth,96b9b1f2-6aa1-4ce3-8602-db8885855df9,17,4
d4a92ae2-6ecd-4043-8b5a-82414c597036,Henry,Porth,96b9b1f2-6aa1-4ce3-8602-db8885855df9,18,6
d4a92ae2-6ecd-4043-8b5a-82414c597036,Justus,von Rüden,288cb02f-b30e-4cb3-8faf-08f5364d19fc,1,7
d4a92ae2-6ecd-4043-8b5a-82414c597036,Justus,von Rüden,288cb02f-b30e-4cb3-8faf-08f5364d19fc,2,5
d4a92ae2-6ecd-4043-8b5a-82414c597036,Justus,von Rüden,288cb02f-b30e-4cb3-8faf-08f5364d19fc,3,3
d4a92ae2-6ecd-4043-8b5a-82414c597036,Justus,von Rüden,288cb02f-b30e-4cb3-8faf-08f5364d19fc,4,5
d4a92ae2-6ecd-4043-8b5a-82414c597036,Justus,von Rüden,288cb02f-b30e-4cb3-8faf-08f5364d19fc,5,5
d4a92ae2-6ecd-4043-8b5a-82414c597036,Justus,von Rüden,288cb02f-b30e-4cb3-8faf-08f5364d19fc,6,8
d4a92ae2-6ecd-4043-8b5a-82414c597036,Justus,von Rüden,288cb02f-b30e-4cb3-8faf-08f5364d19fc,9,5
d4a92ae2-6ecd-4043-8b5a-82414c597036,Justus,von Rüden,288cb02f-b30e-4cb3-8faf-08f5364d19fc,10,7
d4a92ae2-6ecd-4043-8b5a-82414c597036,Justus,von Rüden,288cb02f-b30e-4cb3-8faf-08f5364d19fc,11,7
d4a92ae2-6ecd-4043-8b5a-82414c597036,Justus,von Rüden,288cb02f-b30e-4cb3-8faf-08f5364d19fc,12,4
d4a92ae2-6ecd-4043-8b5a-82414c597036,Justus,von Rüden,288cb02f-b30e-4cb3-8faf-08f5364d19fc,13,3
d4a92ae2-6ecd-4043-8b5a-82414c597036,Justus,von Rüden,288cb02f-b30e-4cb3-8faf-08f5364d19fc,14,6
d4a92ae2-6ecd-4043-8b5a-82414c597036,Rafael,Pich,b8d0b9c8-feab-494a-b904-713a3ef84e28,10,7
d4a92ae2-6ecd-4043-8b5a-82414c597036,Rafael,Pich,b8d0b9c8-feab-494a-b904-713a3ef84e28,11,6
d4a92ae2-6ecd-4043-8b5a-82414c597036,Rafael,Pich,b8d0b9c8-feab-494a-b904-713a3ef84e28,12,6
d4a92ae2-6ecd-4043-8b5a-82414c597036,Rafael,Pich,b8d0b9c8-feab-494a-b904-713a3ef84e28,13,4
d4a92ae2-6ecd-4043-8b5a-82414c597036,Rafael,Pich,b8d0b9c8-feab-494a-b904-713a3ef84e28,14,5
d4a92ae2-6ecd-4043-8b5a-82414c597036,Rafael,Pich,b8d0b9c8-feab-494a-b904-713a3ef84e28,15,7
d4a92ae2-6ecd-4043-8b5a-82414c597036,Rafael,Pich,b8d0b9c8-feab-494a-b904-713a3ef84e28,16,5
d4a92ae2-6ecd-4043-8b5a-82414c597036,Rafael,Pich,b8d0b9c8-feab-494a-b904-713a3ef84e28,17,4
d4a92ae2-6ecd-4043-8b5a-82414c597036,Rafael,Pich,b8d0b9c8-feab-494a-b904-713a3ef84e28,18,6
d4a92ae2-6ecd-4043-8b5a-82414c597036,Justus,von Rüden,288cb02f-b30e-4cb3-8faf-08f5364d19fc,1,6
d4a92ae2-6ecd-4043-8b5a-82414c597036,Justus,von Rüden,288cb02f-b30e-4cb3-8faf-08f5364d19fc,2,7
d4a92ae2-6ecd-4043-8b5a-82414c597036,Justus,von Rüden,288cb02f-b30e-4cb3-8faf-08f5364d19fc,3,8
d4a92ae2-6ecd-4043-8b5a-82414c597036,Justus,von Rüden,288cb02f-b30e-4cb3-8faf-08f5364d19fc,4,5
d4a92ae2-6ecd-4043-8b5a-82414c597036,Justus,von Rüden,288cb02f-b30e-4cb3-8faf-08f5364d19fc,5,4
d4a92ae2-6ecd-4043-8b5a-82414c597036,Justus,von Rüden,288cb02f-b30e-4cb3-8faf-08f5364d19fc,6,6
d4a92ae2-6ecd-4043-8b5a-82414c597036,Justus,von Rüden,288cb02f-b30e-4cb3-8faf-08f5364d19fc,7,6
d4a92ae2-6ecd-4043-8b5a-82414c597036,Justus,von Rüden,288cb02f-b30e-4cb3-8faf-08f5364d19fc,8,7
d4a92ae2-6ecd-4043-8b5a-82414c597036,Justus,von Rüden,288cb02f-b30e-4cb3-8faf-08f5364d19fc,9,6
d4a92ae2-6ecd-4043-8b5a-82414c597036,Justus,von Rüden,288cb02f-b30e-4cb3-8faf-08f5364d19fc,10,7
d4a92ae2-6ecd-4043-8b5a-82414c597036,Justus,von Rüden,288cb02f-b30e-4cb3-8faf-08f5364d19fc,11,6
d4a92ae2-6ecd-4043-8b5a-82414c597036,Justus,von Rüden,288cb02f-b30e-4cb3-8faf-08f5364d19fc,12,6
d4a92ae2-6ecd-4043-8b5a-82414c597036,Justus,von Rüden,288cb02f-b30e-4cb3-8faf-08f5364d19fc,13,4
d4a92ae2-6ecd-4043-8b5a-82414c597036,Justus,von Rüden,288cb02f-b30e-4cb3-8faf-08f5364d19fc,14,5
d4a92ae2-6ecd-4043-8b5a-82414c597036,Justus,von Rüden,288cb02f-b30e-4cb3-8faf-08f5364d19fc,15,7
d4a92ae2-6ecd-4043-8b5a-82414c597036,Justus,von Rüden,288cb02f-b30e-4cb3-8faf-08f5364d19fc,16,5
d4a92ae2-6ecd-4043-8b5a-82414c597036,Justus,von Rüden,288cb02f-b30e-4cb3-8faf-08f5364d19fc,17,4
d4a92ae2-6ecd-4043-8b5a-82414c597036,Justus,von Rüden,288cb02f-b30e-4cb3-8faf-08f5364d19fc,18,6
d4a92ae2-6ecd-4043-8b5a-82414c597036,Henry,Porth,96b9b1f2-6aa1-4ce3-8602-db8885855df9,1,6
d4a92ae2-6ecd-4043-8b5a-82414c597036,Henry,Porth,96b9b1f2-6aa1-4ce3-8602-db8885855df9,2,6
d4a92ae2-6ecd-4043-8b5a-82414c597036,Henry,Porth,96b9b1f2-6aa1-4ce3-8602-db8885855df9,3,4
d4a92ae2-6ecd-4043-8b5a-82414c597036,Henry,Porth,96b9b1f2-6aa1-4ce3-8602-db8885855df9,4,5
d4a92ae2-6ecd-4043-8b5a-82414c597036,Henry,Porth,96b9b1f2-6aa1-4ce3-8602-db8885855df9,5,5
d4a92ae2-6ecd-4043-8b5a-82414c597036,Henry,Porth,96b9b1f2-6aa1-4ce3-8602-db8885855df9,6,8
d4a92ae2-6ecd-4043-8b5a-82414c597036,Henry,Porth,96b9b1f2-6aa1-4ce3-8602-db8885855df9,7,6
d4a92ae2-6ecd-4043-8b5a-82414c597036,Henry,Porth,96b9b1f2-6aa1-4ce3-8602-db8885855df9,8,6
d4a92ae2-6ecd-4043-8b5a-82414c597036,Henry,Porth,96b9b1f2-6aa1-4ce3-8602-db8885855df9,9,5
d4a92ae2-6ecd-4043-8b5a-82414c597036,Henry,Porth,96b9b1f2-6aa1-4ce3-8602-db8885855df9,10,6
d4a92ae2-6ecd-4043-8b5a-82414c597036,Henry,Porth,96b9b1f2-6aa1-4ce3-8602-db8885855df9,11,8
d4a92ae2-6ecd-4043-8b5a-82414c597036,Henry,Porth,96b9b1f2-6aa1-4ce3-8602-db8885855df9,12,5
d4a92ae2-6ecd-4043-8b5a-82414c597036,Henry,Porth,96b9b1f2-6aa1-4ce3-8602-db8885855df9,13,4
d4a92ae2-6ecd-4043-8b5a-82414c597036,Henry,Porth,96b9b1f2-6aa1-4ce3-8602-db8885855df9,14,5
d4a92ae2-6ecd-4043-8b5a-82414c597036,Henry,Porth,96b9b1f2-6aa1-4ce3-8602-db8885855df9,15,5
d4a92ae2-6ecd-4043-8b5a-82414c597036,Henry,Porth,96b9b1f2-6aa1-4ce3-8602-db8885855df9,16,5
d4a92ae2-6ecd-4043-8b5a-82414c597036,Henry,Porth,96b9b1f2-6aa1-4ce3-8602-db8885855df9,17,4
d4a92ae2-6ecd-4043-8b5a-82414c597036,Henry,Porth,96b9b1f2-6aa1-4ce3-8602-db8885855df9,18,7
d4a92ae2-6ecd-4043-8b5a-82414c597036,Nicolas,Gregg,79fae2cb-e948-49a9-aa44-6bb1d4ea602b,15,4
d4a92ae2-6ecd-4043-8b5a-82414c597036,Nicolas,Gregg,79fae2cb-e948-49a9-aa44-6bb1d4ea602b,16,4
d4a92ae2-6ecd-4043-8b5a-82414c597036,Justus,von Rüden,288cb02f-b30e-4cb3-8faf-08f5364d19fc,15,5
d4a92ae2-6ecd-4043-8b5a-82414c597036,Philip,Dahlstrom,0b2be1cc-3241-4cfe-9af6-0b92a5582cec,1,5
d4a92ae2-6ecd-4043-8b5a-82414c597036,Philip,Dahlstrom,0b2be1cc-3241-4cfe-9af6-0b92a5582cec,2,5
d4a92ae2-6ecd-4043-8b5a-82414c597036,Philip,Dahlstrom,0b2be1cc-3241-4cfe-9af6-0b92a5582cec,3,4
d4a92ae2-6ecd-4043-8b5a-82414c597036,Philip,Dahlstrom,0b2be1cc-3241-4cfe-9af6-0b92a5582cec,4,5
d4a92ae2-6ecd-4043-8b5a-82414c597036,Philip,Dahlstrom,0b2be1cc-3241-4cfe-9af6-0b92a5582cec,5,5
d4a92ae2-6ecd-4043-8b5a-82414c597036,Philip,Dahlstrom,0b2be1cc-3241-4cfe-9af6-0b92a5582cec,6,7
d4a92ae2-6ecd-4043-8b5a-82414c597036,Philip,Dahlstrom,0b2be1cc-3241-4cfe-9af6-0b92a5582cec,7,6
d4a92ae2-6ecd-4043-8b5a-82414c597036,Philip,Dahlstrom,0b2be1cc-3241-4cfe-9af6-0b92a5582cec,8,5
d4a92ae2-6ecd-4043-8b5a-82414c597036,Philip,Dahlstrom,0b2be1cc-3241-4cfe-9af6-0b92a5582cec,9,5
d4a92ae2-6ecd-4043-8b5a-82414c597036,Philip,Dahlstrom,0b2be1cc-3241-4cfe-9af6-0b92a5582cec,10,5
d4a92ae2-6ecd-4043-8b5a-82414c597036,Philip,Dahlstrom,0b2be1cc-3241-4cfe-9af6-0b92a5582cec,11,9
d4a92ae2-6ecd-4043-8b5a-82414c597036,Philip,Dahlstrom,0b2be1cc-3241-4cfe-9af6-0b92a5582cec,12,5
d4a92ae2-6ecd-4043-8b5a-82414c597036,Philip,Dahlstrom,0b2be1cc-3241-4cfe-9af6-0b92a5582cec,13,4
d4a92ae2-6ecd-4043-8b5a-82414c597036,Philip,Dahlstrom,0b2be1cc-3241-4cfe-9af6-0b92a5582cec,14,3
d4a92ae2-6ecd-4043-8b5a-82414c597036,Philip,Dahlstrom,0b2be1cc-3241-4cfe-9af6-0b92a5582cec,15,4
d4a92ae2-6ecd-4043-8b5a-82414c597036,Philip,Dahlstrom,0b2be1cc-3241-4cfe-9af6-0b92a5582cec,16,4
d4a92ae2-6ecd-4043-8b5a-82414c597036,Philip,Dahlstrom,0b2be1cc-3241-4cfe-9af6-0b92a5582cec,17,4
d4a92ae2-6ecd-4043-8b5a-82414c597036,Philip,Dahlstrom,0b2be1cc-3241-4cfe-9af6-0b92a5582cec,18,7
d4a92ae2-6ecd-4043-8b5a-82414c597036,Leander,Wienands,39ace5a0-881a-4178-aa2b-2fd274ebc40a,15,4
d4a92ae2-6ecd-4043-8b5a-82414c597036,Leander,Wienands,39ace5a0-881a-4178-aa2b-2fd274ebc40a,16,4
d4a92ae2-6ecd-4043-8b5a-82414c597036,Leander,Wienands,39ace5a0-881a-4178-aa2b-2fd274ebc40a,17,3
d4a92ae2-6ecd-4043-8b5a-82414c597036,Leander,Wienands,39ace5a0-881a-4178-aa2b-2fd274ebc40a,18,4
d4a92ae2-6ecd-4043-8b5a-82414c597036,Carl,Balz,9fab0351-ea45-4762-a3b9-4d61ef1d99b9,3,4
d4a92ae2-6ecd-4043-8b5a-82414c597036,Carl,Balz,9fab0351-ea45-4762-a3b9-4d61ef1d99b9,4,4
d4a92ae2-6ecd-4043-8b5a-82414c597036,Carl,Balz,9fab0351-ea45-4762-a3b9-4d61ef1d99b9,5,4
d4a92ae2-6ecd-4043-8b5a-82414c597036,Carl,Balz,9fab0351-ea45-4762-a3b9-4d61ef1d99b9,6,6
d4a92ae2-6ecd-4043-8b5a-82414c597036,Carl,Balz,9fab0351-ea45-4762-a3b9-4d61ef1d99b9,7,5
d4a92ae2-6ecd-4043-8b5a-82414c597036,Carl,Balz,9fab0351-ea45-4762-a3b9-4d61ef1d99b9,8,4
d4a92ae2-6ecd-4043-8b5a-82414c597036,Carl,Balz,9fab0351-ea45-4762-a3b9-4d61ef1d99b9,9,6
d4a92ae2-6ecd-4043-8b5a-82414c597036,Carl,Balz,9fab0351-ea45-4762-a3b9-4d61ef1d99b9,10,5
d4a92ae2-6ecd-4043-8b5a-82414c597036,Carl,Balz,9fab0351-ea45-4762-a3b9-4d61ef1d99b9,11,6
d4a92ae2-6ecd-4043-8b5a-82414c597036,Carl,Balz,9fab0351-ea45-4762-a3b9-4d61ef1d99b9,12,5
d4a92ae2-6ecd-4043-8b5a-82414c597036,Carl,Balz,9fab0351-ea45-4762-a3b9-4d61ef1d99b9,13,4
d4a92ae2-6ecd-4043-8b5a-82414c597036,Carl,Balz,9fab0351-ea45-4762-a3b9-4d61ef1d99b9,14,4
d4a92ae2-6ecd-4043-8b5a-82414c597036,Carl,Balz,9fab0351-ea45-4762-a3b9-4d61ef1d99b9,15,5
d4a92ae2-6ecd-4043-8b5a-82414c597036,Carl,Balz,9fab0351-ea45-4762-a3b9-4d61ef1d99b9,16,4
d4a92ae2-6ecd-4043-8b5a-82414c597036,Tom,Schult,08d26a81-b59d-4162-ad72-b07ee5d75c64,1,6
d4a92ae2-6ecd-4043-8b5a-82414c597036,Lennart,Schult,84a783cc-96d7-494c-9413-5c6075d22010,1,5
d4a92ae2-6ecd-4043-8b5a-82414c597036,Nicolas,Gregg,79fae2cb-e948-49a9-aa44-6bb1d4ea602b,14,4
d4a92ae2-6ecd-4043-8b5a-82414c597036,Carl,Balz,9fab0351-ea45-4762-a3b9-4d61ef1d99b9,17,2
d4a92ae2-6ecd-4043-8b5a-82414c597036,Carl,Balz,9fab0351-ea45-4762-a3b9-4d61ef1d99b9,18,6
d4a92ae2-6ecd-4043-8b5a-82414c597036,Tjark,Geiser,c374f3e1-3ecb-45dd-a720-996aae83628e,2,5
d4a92ae2-6ecd-4043-8b5a-82414c597036,Tjark,Geiser,c374f3e1-3ecb-45dd-a720-996aae83628e,3,5
d4a92ae2-6ecd-4043-8b5a-82414c597036,Tjark,Geiser,c374f3e1-3ecb-45dd-a720-996aae83628e,4,6
d4a92ae2-6ecd-4043-8b5a-82414c597036,Tjark,Geiser,c374f3e1-3ecb-45dd-a720-996aae83628e,5,5
d4a92ae2-6ecd-4043-8b5a-82414c597036,Tjark,Geiser,c374f3e1-3ecb-45dd-a720-996aae83628e,6,13
d4a92ae2-6ecd-4043-8b5a-82414c597036,Tjark,Geiser,c374f3e1-3ecb-45dd-a720-996aae83628e,7,6
d4a92ae2-6ecd-4043-8b5a-82414c597036,Tjark,Geiser,c374f3e1-3ecb-45dd-a720-996aae83628e,8,7
d4a92ae2-6ecd-4043-8b5a-82414c597036,Tjark,Geiser,c374f3e1-3ecb-45dd-a720-996aae83628e,9,12
d4a92ae2-6ecd-4043-8b5a-82414c597036,Tjark,Geiser,c374f3e1-3ecb-45dd-a720-996aae83628e,10,10
d4a92ae2-6ecd-4043-8b5a-82414c597036,Tjark,Geiser,c374f3e1-3ecb-45dd-a720-996aae83628e,11,11
d4a92ae2-6ecd-4043-8b5a-82414c597036,Tjark,Geiser,c374f3e1-3ecb-45dd-a720-996aae83628e,12,5
d4a92ae2-6ecd-4043-8b5a-82414c597036,Tjark,Geiser,c374f3e1-3ecb-45dd-a720-996aae83628e,13,4
d4a92ae2-6ecd-4043-8b5a-82414c597036,Tjark,Geiser,c374f3e1-3ecb-45dd-a720-996aae83628e,14,5
d4a92ae2-6ecd-4043-8b5a-82414c597036,Tjark,Geiser,c374f3e1-3ecb-45dd-a720-996aae83628e,15,5
d4a92ae2-6ecd-4043-8b5a-82414c597036,Tjark,Geiser,c374f3e1-3ecb-45dd-a720-996aae83628e,16,6
d4a92ae2-6ecd-4043-8b5a-82414c597036,Tjark,Geiser,c374f3e1-3ecb-45dd-a720-996aae83628e,17,3
d4a92ae2-6ecd-4043-8b5a-82414c597036,Tjark,Geiser,c374f3e1-3ecb-45dd-a720-996aae83628e,18,6
d4a92ae2-6ecd-4043-8b5a-82414c597036,Justus,von Rüden,288cb02f-b30e-4cb3-8faf-08f5364d19fc,16,6
d4a92ae2-6ecd-4043-8b5a-82414c597036,Justus,von Rüden,288cb02f-b30e-4cb3-8faf-08f5364d19fc,17,4
d4a92ae2-6ecd-4043-8b5a-82414c597036,Henry,Porth,96b9b1f2-6aa1-4ce3-8602-db8885855df9,15,8
d4a92ae2-6ecd-4043-8b5a-82414c597036,Hugo,Freund,fbc1c0c4-2815-4bdb-af5b-c0a7c4ebf642,7,4
d4a92ae2-6ecd-4043-8b5a-82414c597036,Hugo,Freund,fbc1c0c4-2815-4bdb-af5b-c0a7c4ebf642,8,6
d4a92ae2-6ecd-4043-8b5a-82414c597036,Hugo,Freund,fbc1c0c4-2815-4bdb-af5b-c0a7c4ebf642,9,5
d4a92ae2-6ecd-4043-8b5a-82414c597036,Hugo,Freund,fbc1c0c4-2815-4bdb-af5b-c0a7c4ebf642,10,6
d4a92ae2-6ecd-4043-8b5a-82414c597036,Hugo,Freund,fbc1c0c4-2815-4bdb-af5b-c0a7c4ebf642,12,4
d4a92ae2-6ecd-4043-8b5a-82414c597036,Hugo,Freund,fbc1c0c4-2815-4bdb-af5b-c0a7c4ebf642,16,4
d4a92ae2-6ecd-4043-8b5a-82414c597036,Hugo,Freund,fbc1c0c4-2815-4bdb-af5b-c0a7c4ebf642,17,3
d4a92ae2-6ecd-4043-8b5a-82414c597036,Hugo,Freund,fbc1c0c4-2815-4bdb-af5b-c0a7c4ebf642,18,5
d4a92ae2-6ecd-4043-8b5a-82414c597036,Nicolas,Gregg,79fae2cb-e948-49a9-aa44-6bb1d4ea602b,13,2
d4a92ae2-6ecd-4043-8b5a-82414c597036,Nicolas,Gregg,79fae2cb-e948-49a9-aa44-6bb1d4ea602b,17,4
d4a92ae2-6ecd-4043-8b5a-82414c597036,Nicolas,Gregg,79fae2cb-e948-49a9-aa44-6bb1d4ea602b,18,3
d4a92ae2-6ecd-4043-8b5a-82414c597036,Lennart,Schult,84a783cc-96d7-494c-9413-5c6075d22010,2,5
d4a92ae2-6ecd-4043-8b5a-82414c597036,Lennart,Schult,84a783cc-96d7-494c-9413-5c6075d22010,3,4
d4a92ae2-6ecd-4043-8b5a-82414c597036,Lennart,Schult,84a783cc-96d7-494c-9413-5c6075d22010,4,4
d4a92ae2-6ecd-4043-8b5a-82414c597036,Lennart,Schult,84a783cc-96d7-494c-9413-5c6075d22010,5,4
d4a92ae2-6ecd-4043-8b5a-82414c597036,Lennart,Schult,84a783cc-96d7-494c-9413-5c6075d22010,6,5
d4a92ae2-6ecd-4043-8b5a-82414c597036,Lennart,Schult,84a783cc-96d7-494c-9413-5c6075d22010,7,5
d4a92ae2-6ecd-4043-8b5a-82414c597036,Lennart,Schult,84a783cc-96d7-494c-9413-5c6075d22010,8,4
d4a92ae2-6ecd-4043-8b5a-82414c597036,Lennart,Schult,84a783cc-96d7-494c-9413-5c6075d22010,9,4
d4a92ae2-6ecd-4043-8b5a-82414c597036,Lennart,Schult,84a783cc-96d7-494c-9413-5c6075d22010,10,4
d4a92ae2-6ecd-4043-8b5a-82414c597036,Lennart,Schult,84a783cc-96d7-494c-9413-5c6075d22010,11,6
d4a92ae2-6ecd-4043-8b5a-82414c597036,Lennart,Schult,84a783cc-96d7-494c-9413-5c6075d22010,12,5
d4a92ae2-6ecd-4043-8b5a-82414c597036,Lennart,Schult,84a783cc-96d7-494c-9413-5c6075d22010,13,3
d4a92ae2-6ecd-4043-8b5a-82414c597036,Lennart,Schult,84a783cc-96d7-494c-9413-5c6075d22010,14,6
d4a92ae2-6ecd-4043-8b5a-82414c597036,Lennart,Schult,84a783cc-96d7-494c-9413-5c6075d22010,15,5
d4a92ae2-6ecd-4043-8b5a-82414c597036,Lennart,Schult,84a783cc-96d7-494c-9413-5c6075d22010,16,4
d4a92ae2-6ecd-4043-8b5a-82414c597036,Lennart,Schult,84a783cc-96d7-494c-9413-5c6075d22010,17,2
d4a92ae2-6ecd-4043-8b5a-82414c597036,Lennart,Schult,84a783cc-96d7-494c-9413-5c6075d22010,18,6
d4a92ae2-6ecd-4043-8b5a-82414c597036,Julian,Schwarz,16bbde86-be42-4588-bf60-d2798fec823b,3,3
d4a92ae2-6ecd-4043-8b5a-82414c597036,Justus,von Rüden,288cb02f-b30e-4cb3-8faf-08f5364d19fc,18,7
d4a92ae2-6ecd-4043-8b5a-82414c597036,Carl,Balz,9fab0351-ea45-4762-a3b9-4d61ef1d99b9,1,5
d4a92ae2-6ecd-4043-8b5a-82414c597036,Carl,Balz,9fab0351-ea45-4762-a3b9-4d61ef1d99b9,3,3
d4a92ae2-6ecd-4043-8b5a-82414c597036,Carl,Balz,9fab0351-ea45-4762-a3b9-4d61ef1d99b9,4,4
d4a92ae2-6ecd-4043-8b5a-82414c597036,Carl,Balz,9fab0351-ea45-4762-a3b9-4d61ef1d99b9,5,3
d4a92ae2-6ecd-4043-8b5a-82414c597036,Carl,Balz,9fab0351-ea45-4762-a3b9-4d61ef1d99b9,6,5
d4a92ae2-6ecd-4043-8b5a-82414c597036,Carl,Balz,9fab0351-ea45-4762-a3b9-4d61ef1d99b9,7,5
d4a92ae2-6ecd-4043-8b5a-82414c597036,Carl,Balz,9fab0351-ea45-4762-a3b9-4d61ef1d99b9,8,4
d4a92ae2-6ecd-4043-8b5a-82414c597036,Carl,Balz,9fab0351-ea45-4762-a3b9-4d61ef1d99b9,9,4
d4a92ae2-6ecd-4043-8b5a-82414c597036,Carl,Balz,9fab0351-ea45-4762-a3b9-4d61ef1d99b9,10,5
d4a92ae2-6ecd-4043-8b5a-82414c597036,Carl,Balz,9fab0351-ea45-4762-a3b9-4d61ef1d99b9,11,5
d4a92ae2-6ecd-4043-8b5a-82414c597036,Carl,Balz,9fab0351-ea45-4762-a3b9-4d61ef1d99b9,12,4
d4a92ae2-6ecd-4043-8b5a-82414c597036,Carl,Balz,9fab0351-ea45-4762-a3b9-4d61ef1d99b9,13,3
d4a92ae2-6ecd-4043-8b5a-82414c597036,Carl,Balz,9fab0351-ea45-4762-a3b9-4d61ef1d99b9,14,5
d4a92ae2-6ecd-4043-8b5a-82414c597036,Carl,Balz,9fab0351-ea45-4762-a3b9-4d61ef1d99b9,15,4
d4a92ae2-6ecd-4043-8b5a-82414c597036,Carl,Balz,9fab0351-ea45-4762-a3b9-4d61ef1d99b9,16,4
d4a92ae2-6ecd-4043-8b5a-82414c597036,Carl,Balz,9fab0351-ea45-4762-a3b9-4d61ef1d99b9,17,4
d4a92ae2-6ecd-4043-8b5a-82414c597036,Carl,Balz,9fab0351-ea45-4762-a3b9-4d61ef1d99b9,18,4
d4a92ae2-6ecd-4043-8b5a-82414c597036,Philip,Dahlstrom,0b2be1cc-3241-4cfe-9af6-0b92a5582cec,2,5
d4a92ae2-6ecd-4043-8b5a-82414c597036,Philip,Dahlstrom,0b2be1cc-3241-4cfe-9af6-0b92a5582cec,3,3
d4a92ae2-6ecd-4043-8b5a-82414c597036,Philip,Dahlstrom,0b2be1cc-3241-4cfe-9af6-0b92a5582cec,4,6
d4a92ae2-6ecd-4043-8b5a-82414c597036,Philip,Dahlstrom,0b2be1cc-3241-4cfe-9af6-0b92a5582cec,5,4
d4a92ae2-6ecd-4043-8b5a-82414c597036,Philip,Dahlstrom,0b2be1cc-3241-4cfe-9af6-0b92a5582cec,6,5
d4a92ae2-6ecd-4043-8b5a-82414c597036,Philip,Dahlstrom,0b2be1cc-3241-4cfe-9af6-0b92a5582cec,7,4
d4a92ae2-6ecd-4043-8b5a-82414c597036,Philip,Dahlstrom,0b2be1cc-3241-4cfe-9af6-0b92a5582cec,8,5
d4a92ae2-6ecd-4043-8b5a-82414c597036,Philip,Dahlstrom,0b2be1cc-3241-4cfe-9af6-0b92a5582cec,9,4
d4a92ae2-6ecd-4043-8b5a-82414c597036,Philip,Dahlstrom,0b2be1cc-3241-4cfe-9af6-0b92a5582cec,10,6
d4a92ae2-6ecd-4043-8b5a-82414c597036,Philip,Dahlstrom,0b2be1cc-3241-4cfe-9af6-0b92a5582cec,11,6
d4a92ae2-6ecd-4043-8b5a-82414c597036,Philip,Dahlstrom,0b2be1cc-3241-4cfe-9af6-0b92a5582cec,12,4
d4a92ae2-6ecd-4043-8b5a-82414c597036,Philip,Dahlstrom,0b2be1cc-3241-4cfe-9af6-0b92a5582cec,13,2
d4a92ae2-6ecd-4043-8b5a-82414c597036,Philip,Dahlstrom,0b2be1cc-3241-4cfe-9af6-0b92a5582cec,14,3
d4a92ae2-6ecd-4043-8b5a-82414c597036,Philip,Dahlstrom,0b2be1cc-3241-4cfe-9af6-0b92a5582cec,15,4
d4a92ae2-6ecd-4043-8b5a-82414c597036,Philip,Dahlstrom,0b2be1cc-3241-4cfe-9af6-0b92a5582cec,16,5
d4a92ae2-6ecd-4043-8b5a-82414c597036,Philip,Dahlstrom,0b2be1cc-3241-4cfe-9af6-0b92a5582cec,17,4
d4a92ae2-6ecd-4043-8b5a-82414c597036,Philip,Dahlstrom,0b2be1cc-3241-4cfe-9af6-0b92a5582cec,18,5
d4a92ae2-6ecd-4043-8b5a-82414c597036,Oskar,Arnold,6c31fd00-3f0e-406d-8145-ddca8aad7a11,2,5
d4a92ae2-6ecd-4043-8b5a-82414c597036,Oskar,Arnold,6c31fd00-3f0e-406d-8145-ddca8aad7a11,3,2
d4a92ae2-6ecd-4043-8b5a-82414c597036,Oskar,Arnold,6c31fd00-3f0e-406d-8145-ddca8aad7a11,4,4
d4a92ae2-6ecd-4043-8b5a-82414c597036,Oskar,Arnold,6c31fd00-3f0e-406d-8145-ddca8aad7a11,5,4
d4a92ae2-6ecd-4043-8b5a-82414c597036,Oskar,Arnold,6c31fd00-3f0e-406d-8145-ddca8aad7a11,6,7
d4a92ae2-6ecd-4043-8b5a-82414c597036,Oskar,Arnold,6c31fd00-3f0e-406d-8145-ddca8aad7a11,7,5
d4a92ae2-6ecd-4043-8b5a-82414c597036,Oskar,Arnold,6c31fd00-3f0e-406d-8145-ddca8aad7a11,8,7
d4a92ae2-6ecd-4043-8b5a-82414c597036,Oskar,Arnold,6c31fd00-3f0e-406d-8145-ddca8aad7a11,9,5
d4a92ae2-6ecd-4043-8b5a-82414c597036,Oskar,Arnold,6c31fd00-3f0e-406d-8145-ddca8aad7a11,10,6
d4a92ae2-6ecd-4043-8b5a-82414c597036,Oskar,Arnold,6c31fd00-3f0e-406d-8145-ddca8aad7a11,11,7
d4a92ae2-6ecd-4043-8b5a-82414c597036,Oskar,Arnold,6c31fd00-3f0e-406d-8145-ddca8aad7a11,12,5
d4a92ae2-6ecd-4043-8b5a-82414c597036,Oskar,Arnold,6c31fd00-3f0e-406d-8145-ddca8aad7a11,13,4
d4a92ae2-6ecd-4043-8b5a-82414c597036,Oskar,Arnold,6c31fd00-3f0e-406d-8145-ddca8aad7a11,14,9
d4a92ae2-6ecd-4043-8b5a-82414c597036,Oskar,Arnold,6c31fd00-3f0e-406d-8145-ddca8aad7a11,15,3
d4a92ae2-6ecd-4043-8b5a-82414c597036,Oskar,Arnold,6c31fd00-3f0e-406d-8145-ddca8aad7a11,16,4
d4a92ae2-6ecd-4043-8b5a-82414c597036,Oskar,Arnold,6c31fd00-3f0e-406d-8145-ddca8aad7a11,17,3
d4a92ae2-6ecd-4043-8b5a-82414c597036,Oskar,Arnold,6c31fd00-3f0e-406d-8145-ddca8aad7a11,18,5
d4a92ae2-6ecd-4043-8b5a-82414c597036,Tjark,Geiser,c374f3e1-3ecb-45dd-a720-996aae83628e,1,7
d4a92ae2-6ecd-4043-8b5a-82414c597036,Tjark,Geiser,c374f3e1-3ecb-45dd-a720-996aae83628e,2,7
d4a92ae2-6ecd-4043-8b5a-82414c597036,Tjark,Geiser,c374f3e1-3ecb-45dd-a720-996aae83628e,3,4
d4a92ae2-6ecd-4043-8b5a-82414c597036,Tjark,Geiser,c374f3e1-3ecb-45dd-a720-996aae83628e,4,6
d4a92ae2-6ecd-4043-8b5a-82414c597036,Tjark,Geiser,c374f3e1-3ecb-45dd-a720-996aae83628e,5,4
d4a92ae2-6ecd-4043-8b5a-82414c597036,Tjark,Geiser,c374f3e1-3ecb-45dd-a720-996aae83628e,6,10
d4a92ae2-6ecd-4043-8b5a-82414c597036,Tjark,Geiser,c374f3e1-3ecb-45dd-a720-996aae83628e,7,7
d4a92ae2-6ecd-4043-8b5a-82414c597036,Tjark,Geiser,c374f3e1-3ecb-45dd-a720-996aae83628e,8,7
d4a92ae2-6ecd-4043-8b5a-82414c597036,Tjark,Geiser,c374f3e1-3ecb-45dd-a720-996aae83628e,9,6
d4a92ae2-6ecd-4043-8b5a-82414c597036,Tjark,Geiser,c374f3e1-3ecb-45dd-a720-996aae83628e,10,9
d4a92ae2-6ecd-4043-8b5a-82414c597036,Tjark,Geiser,c374f3e1-3ecb-45dd-a720-996aae83628e,11,7
d4a92ae2-6ecd-4043-8b5a-82414c597036,Tjark,Geiser,c374f3e1-3ecb-45dd-a720-996aae83628e,12,7
d4a92ae2-6ecd-4043-8b5a-82414c597036,Tjark,Geiser,c374f3e1-3ecb-45dd-a720-996aae83628e,13,5
d4a92ae2-6ecd-4043-8b5a-82414c597036,Tjark,Geiser,c374f3e1-3ecb-45dd-a720-996aae83628e,14,6
d4a92ae2-6ecd-4043-8b5a-82414c597036,Tjark,Geiser,c374f3e1-3ecb-45dd-a720-996aae83628e,15,7
d4a92ae2-6ecd-4043-8b5a-82414c597036,Tjark,Geiser,c374f3e1-3ecb-45dd-a720-996aae83628e,16,5
d4a92ae2-6ecd-4043-8b5a-82414c597036,Tjark,Geiser,c374f3e1-3ecb-45dd-a720-996aae83628e,17,3
d4a92ae2-6ecd-4043-8b5a-82414c597036,Tjark,Geiser,c374f3e1-3ecb-45dd-a720-996aae83628e,18,7
d4a92ae2-6ecd-4043-8b5a-82414c597036,Lennart,Schult,84a783cc-96d7-494c-9413-5c6075d22010,2,5
d4a92ae2-6ecd-4043-8b5a-82414c597036,Lennart,Schult,84a783cc-96d7-494c-9413-5c6075d22010,3,3
d4a92ae2-6ecd-4043-8b5a-82414c597036,Lennart,Schult,84a783cc-96d7-494c-9413-5c6075d22010,4,4
d4a92ae2-6ecd-4043-8b5a-82414c597036,Lennart,Schult,84a783cc-96d7-494c-9413-5c6075d22010,5,2
d4a92ae2-6ecd-4043-8b5a-82414c597036,Lennart,Schult,84a783cc-96d7-494c-9413-5c6075d22010,6,5
d4a92ae2-6ecd-4043-8b5a-82414c597036,Lennart,Schult,84a783cc-96d7-494c-9413-5c6075d22010,7,4
d4a92ae2-6ecd-4043-8b5a-82414c597036,Lennart,Schult,84a783cc-96d7-494c-9413-5c6075d22010,8,4
d4a92ae2-6ecd-4043-8b5a-82414c597036,Lennart,Schult,84a783cc-96d7-494c-9413-5c6075d22010,9,4
d4a92ae2-6ecd-4043-8b5a-82414c597036,Lennart,Schult,84a783cc-96d7-494c-9413-5c6075d22010,10,5
d4a92ae2-6ecd-4043-8b5a-82414c597036,Lennart,Schult,84a783cc-96d7-494c-9413-5c6075d22010,11,6
d4a92ae2-6ecd-4043-8b5a-82414c597036,Lennart,Schult,84a783cc-96d7-494c-9413-5c6075d22010,12,4
d4a92ae2-6ecd-4043-8b5a-82414c597036,Lennart,Schult,84a783cc-96d7-494c-9413-5c6075d22010,13,3
d4a92ae2-6ecd-4043-8b5a-82414c597036,Lennart,Schult,84a783cc-96d7-494c-9413-5c6075d22010,14,4
d4a92ae2-6ecd-4043-8b5a-82414c597036,Lennart,Schult,84a783cc-96d7-494c-9413-5c6075d22010,15,4
d4a92ae2-6ecd-4043-8b5a-82414c597036,Lennart,Schult,84a783cc-96d7-494c-9413-5c6075d22010,16,5
d4a92ae2-6ecd-4043-8b5a-82414c597036,Lennart,Schult,84a783cc-96d7-494c-9413-5c6075d22010,17,4
d4a92ae2-6ecd-4043-8b5a-82414c597036,Lennart,Schult,84a783cc-96d7-494c-9413-5c6075d22010,18,5
d4a92ae2-6ecd-4043-8b5a-82414c597036,Henrik,Hinz,759b9908-b1f9-40b9-aa6e-6f899daf7bf0,2,4
d4a92ae2-6ecd-4043-8b5a-82414c597036,Henrik,Hinz,759b9908-b1f9-40b9-aa6e-6f899daf7bf0,3,4
d4a92ae2-6ecd-4043-8b5a-82414c597036,Henrik,Hinz,759b9908-b1f9-40b9-aa6e-6f899daf7bf0,4,4
d4a92ae2-6ecd-4043-8b5a-82414c597036,Henrik,Hinz,759b9908-b1f9-40b9-aa6e-6f899daf7bf0,5,5
d4a92ae2-6ecd-4043-8b5a-82414c597036,Henrik,Hinz,759b9908-b1f9-40b9-aa6e-6f899daf7bf0,6,5
d4a92ae2-6ecd-4043-8b5a-82414c597036,Henrik,Hinz,759b9908-b1f9-40b9-aa6e-6f899daf7bf0,7,5
d4a92ae2-6ecd-4043-8b5a-82414c597036,Henrik,Hinz,759b9908-b1f9-40b9-aa6e-6f899daf7bf0,8,4
d4a92ae2-6ecd-4043-8b5a-82414c597036,Henrik,Hinz,759b9908-b1f9-40b9-aa6e-6f899daf7bf0,9,4
d4a92ae2-6ecd-4043-8b5a-82414c597036,Henrik,Hinz,759b9908-b1f9-40b9-aa6e-6f899daf7bf0,10,5
d4a92ae2-6ecd-4043-8b5a-82414c597036,Henrik,Hinz,759b9908-b1f9-40b9-aa6e-6f899daf7bf0,11,7
d4a92ae2-6ecd-4043-8b5a-82414c597036,Henrik,Hinz,759b9908-b1f9-40b9-aa6e-6f899daf7bf0,12,4
d4a92ae2-6ecd-4043-8b5a-82414c597036,Henrik,Hinz,759b9908-b1f9-40b9-aa6e-6f899daf7bf0,13,4
d4a92ae2-6ecd-4043-8b5a-82414c597036,Henrik,Hinz,759b9908-b1f9-40b9-aa6e-6f899daf7bf0,14,5
d4a92ae2-6ecd-4043-8b5a-82414c597036,Henrik,Hinz,759b9908-b1f9-40b9-aa6e-6f899daf7bf0,15,4
d4a92ae2-6ecd-4043-8b5a-82414c597036,Henrik,Hinz,759b9908-b1f9-40b9-aa6e-6f899daf7bf0,16,5
d4a92ae2-6ecd-4043-8b5a-82414c597036,Henrik,Hinz,759b9908-b1f9-40b9-aa6e-6f899daf7bf0,17,3
d4a92ae2-6ecd-4043-8b5a-82414c597036,Henrik,Hinz,759b9908-b1f9-40b9-aa6e-6f899daf7bf0,18,6
d4a92ae2-6ecd-4043-8b5a-82414c597036,Jackson,Sharp,eed4f2ad-d027-443d-9d78-a70e0a3b93a7,3,5
d4a92ae2-6ecd-4043-8b5a-82414c597036,Jackson,Sharp,eed4f2ad-d027-443d-9d78-a70e0a3b93a7,4,4
d4a92ae2-6ecd-4043-8b5a-82414c597036,Jackson,Sharp,eed4f2ad-d027-443d-9d78-a70e0a3b93a7,5,4
d4a92ae2-6ecd-4043-8b5a-82414c597036,Jackson,Sharp,eed4f2ad-d027-443d-9d78-a70e0a3b93a7,6,6
d4a92ae2-6ecd-4043-8b5a-82414c597036,Jackson,Sharp,eed4f2ad-d027-443d-9d78-a70e0a3b93a7,7,4
d4a92ae2-6ecd-4043-8b5a-82414c597036,Jackson,Sharp,eed4f2ad-d027-443d-9d78-a70e0a3b93a7,8,4
d4a92ae2-6ecd-4043-8b5a-82414c597036,Jackson,Sharp,eed4f2ad-d027-443d-9d78-a70e0a3b93a7,9,7
d4a92ae2-6ecd-4043-8b5a-82414c597036,Jackson,Sharp,eed4f2ad-d027-443d-9d78-a70e0a3b93a7,10,4
d4a92ae2-6ecd-4043-8b5a-82414c597036,Jackson,Sharp,eed4f2ad-d027-443d-9d78-a70e0a3b93a7,11,6
d4a92ae2-6ecd-4043-8b5a-82414c597036,Jackson,Sharp,eed4f2ad-d027-443d-9d78-a70e0a3b93a7,12,4
d4a92ae2-6ecd-4043-8b5a-82414c597036,Jackson,Sharp,eed4f2ad-d027-443d-9d78-a70e0a3b93a7,13,3
d4a92ae2-6ecd-4043-8b5a-82414c597036,Jackson,Sharp,eed4f2ad-d027-443d-9d78-a70e0a3b93a7,14,4
d4a92ae2-6ecd-4043-8b5a-82414c597036,Jackson,Sharp,eed4f2ad-d027-443d-9d78-a70e0a3b93a7,15,4
d4a92ae2-6ecd-4043-8b5a-82414c597036,Jackson,Sharp,eed4f2ad-d027-443d-9d78-a70e0a3b93a7,16,4
d4a92ae2-6ecd-4043-8b5a-82414c597036,Jackson,Sharp,eed4f2ad-d027-443d-9d78-a70e0a3b93a7,17,3
d4a92ae2-6ecd-4043-8b5a-82414c597036,Jackson,Sharp,eed4f2ad-d027-443d-9d78-a70e0a3b93a7,18,6
d4a92ae2-6ecd-4043-8b5a-82414c597036,Justus,von Rüden,288cb02f-b30e-4cb3-8faf-08f5364d19fc,7,5
d4a92ae2-6ecd-4043-8b5a-82414c597036,Justus,von Rüden,288cb02f-b30e-4cb3-8faf-08f5364d19fc,8,7
d4a92ae2-6ecd-4043-8b5a-82414c597036,Leander,Wienands,39ace5a0-881a-4178-aa2b-2fd274ebc40a,2,6
d4a92ae2-6ecd-4043-8b5a-82414c597036,Leander,Wienands,39ace5a0-881a-4178-aa2b-2fd274ebc40a,3,3
d4a92ae2-6ecd-4043-8b5a-82414c597036,Leander,Wienands,39ace5a0-881a-4178-aa2b-2fd274ebc40a,4,4
d4a92ae2-6ecd-4043-8b5a-82414c597036,Leander,Wienands,39ace5a0-881a-4178-aa2b-2fd274ebc40a,5,4
d4a92ae2-6ecd-4043-8b5a-82414c597036,Leander,Wienands,39ace5a0-881a-4178-aa2b-2fd274ebc40a,6,5
d4a92ae2-6ecd-4043-8b5a-82414c597036,Leander,Wienands,39ace5a0-881a-4178-aa2b-2fd274ebc40a,7,4
d4a92ae2-6ecd-4043-8b5a-82414c597036,Leander,Wienands,39ace5a0-881a-4178-aa2b-2fd274ebc40a,8,4
d4a92ae2-6ecd-4043-8b5a-82414c597036,Leander,Wienands,39ace5a0-881a-4178-aa2b-2fd274ebc40a,9,4
d4a92ae2-6ecd-4043-8b5a-82414c597036,Leander,Wienands,39ace5a0-881a-4178-aa2b-2fd274ebc40a,10,4
d4a92ae2-6ecd-4043-8b5a-82414c597036,Leander,Wienands,39ace5a0-881a-4178-aa2b-2fd274ebc40a,11,5
d4a92ae2-6ecd-4043-8b5a-82414c597036,Leander,Wienands,39ace5a0-881a-4178-aa2b-2fd274ebc40a,12,3
d4a92ae2-6ecd-4043-8b5a-82414c597036,Leander,Wienands,39ace5a0-881a-4178-aa2b-2fd274ebc40a,13,3
d4a92ae2-6ecd-4043-8b5a-82414c597036,Leander,Wienands,39ace5a0-881a-4178-aa2b-2fd274ebc40a,14,4
d4a92ae2-6ecd-4043-8b5a-82414c597036,Leander,Wienands,39ace5a0-881a-4178-aa2b-2fd274ebc40a,15,4
d4a92ae2-6ecd-4043-8b5a-82414c597036,Leander,Wienands,39ace5a0-881a-4178-aa2b-2fd274ebc40a,16,4
d4a92ae2-6ecd-4043-8b5a-82414c597036,Leander,Wienands,39ace5a0-881a-4178-aa2b-2fd274ebc40a,17,3
d4a92ae2-6ecd-4043-8b5a-82414c597036,Leander,Wienands,39ace5a0-881a-4178-aa2b-2fd274ebc40a,18,4
d4a92ae2-6ecd-4043-8b5a-82414c597036,Alexander,Mylius,de28cd8e-9d77-4157-807a-369c938090ab,3,3
d4a92ae2-6ecd-4043-8b5a-82414c597036,Alexander,Mylius,de28cd8e-9d77-4157-807a-369c938090ab,4,4
d4a92ae2-6ecd-4043-8b5a-82414c597036,Alexander,Mylius,de28cd8e-9d77-4157-807a-369c938090ab,5,4
d4a92ae2-6ecd-4043-8b5a-82414c597036,Alexander,Mylius,de28cd8e-9d77-4157-807a-369c938090ab,6,5
d4a92ae2-6ecd-4043-8b5a-82414c597036,Alexander,Mylius,de28cd8e-9d77-4157-807a-369c938090ab,7,5
d4a92ae2-6ecd-4043-8b5a-82414c597036,Alexander,Mylius,de28cd8e-9d77-4157-807a-369c938090ab,8,5
d4a92ae2-6ecd-4043-8b5a-82414c597036,Alexander,Mylius,de28cd8e-9d77-4157-807a-369c938090ab,9,4
d4a92ae2-6ecd-4043-8b5a-82414c597036,Alexander,Mylius,de28cd8e-9d77-4157-807a-369c938090ab,10,5
d4a92ae2-6ecd-4043-8b5a-82414c597036,Alexander,Mylius,de28cd8e-9d77-4157-807a-369c938090ab,11,5
d4a92ae2-6ecd-4043-8b5a-82414c597036,Alexander,Mylius,de28cd8e-9d77-4157-807a-369c938090ab,12,4
d4a92ae2-6ecd-4043-8b5a-82414c597036,Alexander,Mylius,de28cd8e-9d77-4157-807a-369c938090ab,13,5
d4a92ae2-6ecd-4043-8b5a-82414c597036,Alexander,Mylius,de28cd8e-9d77-4157-807a-369c938090ab,14,4
d4a92ae2-6ecd-4043-8b5a-82414c597036,Alexander,Mylius,de28cd8e-9d77-4157-807a-369c938090ab,15,4
d4a92ae2-6ecd-4043-8b5a-82414c597036,Alexander,Mylius,de28cd8e-9d77-4157-807a-369c938090ab,16,4
d4a92ae2-6ecd-4043-8b5a-82414c597036,Alexander,Mylius,de28cd8e-9d77-4157-807a-369c938090ab,17,4
d4a92ae2-6ecd-4043-8b5a-82414c597036,Alexander,Mylius,de28cd8e-9d77-4157-807a-369c938090ab,18,4
d4a92ae2-6ecd-4043-8b5a-82414c597036,Aaron,Kastein,10f1afa0-aa58-4b13-8d05-4e0b8e462e5f,5,3
d4a92ae2-6ecd-4043-8b5a-82414c597036,Aaron,Kastein,10f1afa0-aa58-4b13-8d05-4e0b8e462e5f,6,5
d4a92ae2-6ecd-4043-8b5a-82414c597036,Aaron,Kastein,10f1afa0-aa58-4b13-8d05-4e0b8e462e5f,7,3
d4a92ae2-6ecd-4043-8b5a-82414c597036,Aaron,Kastein,10f1afa0-aa58-4b13-8d05-4e0b8e462e5f,8,4
d4a92ae2-6ecd-4043-8b5a-82414c597036,Aaron,Kastein,10f1afa0-aa58-4b13-8d05-4e0b8e462e5f,9,4
d4a92ae2-6ecd-4043-8b5a-82414c597036,Aaron,Kastein,10f1afa0-aa58-4b13-8d05-4e0b8e462e5f,10,4
d4a92ae2-6ecd-4043-8b5a-82414c597036,Aaron,Kastein,10f1afa0-aa58-4b13-8d05-4e0b8e462e5f,11,5
d4a92ae2-6ecd-4043-8b5a-82414c597036,Aaron,Kastein,10f1afa0-aa58-4b13-8d05-4e0b8e462e5f,12,4
d4a92ae2-6ecd-4043-8b5a-82414c597036,Aaron,Kastein,10f1afa0-aa58-4b13-8d05-4e0b8e462e5f,13,3
d4a92ae2-6ecd-4043-8b5a-82414c597036,Aaron,Kastein,10f1afa0-aa58-4b13-8d05-4e0b8e462e5f,14,4
d4a92ae2-6ecd-4043-8b5a-82414c597036,Aaron,Kastein,10f1afa0-aa58-4b13-8d05-4e0b8e462e5f,15,5
d4a92ae2-6ecd-4043-8b5a-82414c597036,Aaron,Kastein,10f1afa0-aa58-4b13-8d05-4e0b8e462e5f,16,4
d4a92ae2-6ecd-4043-8b5a-82414c597036,Aaron,Kastein,10f1afa0-aa58-4b13-8d05-4e0b8e462e5f,17,2
d4a92ae2-6ecd-4043-8b5a-82414c597036,Aaron,Kastein,10f1afa0-aa58-4b13-8d05-4e0b8e462e5f,18,4
d4a92ae2-6ecd-4043-8b5a-82414c597036,Julian,Schwarz,16bbde86-be42-4588-bf60-d2798fec823b,4,5
d4a92ae2-6ecd-4043-8b5a-82414c597036,Julian,Schwarz,16bbde86-be42-4588-bf60-d2798fec823b,5,2
d4a92ae2-6ecd-4043-8b5a-82414c597036,Julian,Schwarz,16bbde86-be42-4588-bf60-d2798fec823b,6,5
d4a92ae2-6ecd-4043-8b5a-82414c597036,Julian,Schwarz,16bbde86-be42-4588-bf60-d2798fec823b,7,4
d4a92ae2-6ecd-4043-8b5a-82414c597036,Julian,Schwarz,16bbde86-be42-4588-bf60-d2798fec823b,8,4
d4a92ae2-6ecd-4043-8b5a-82414c597036,Julian,Schwarz,16bbde86-be42-4588-bf60-d2798fec823b,9,4
d4a92ae2-6ecd-4043-8b5a-82414c597036,Julian,Schwarz,16bbde86-be42-4588-bf60-d2798fec823b,10,4
d4a92ae2-6ecd-4043-8b5a-82414c597036,Julian,Schwarz,16bbde86-be42-4588-bf60-d2798fec823b,11,7
d4a92ae2-6ecd-4043-8b5a-82414c597036,Julian,Schwarz,16bbde86-be42-4588-bf60-d2798fec823b,12,4
d4a92ae2-6ecd-4043-8b5a-82414c597036,Julian,Schwarz,16bbde86-be42-4588-bf60-d2798fec823b,13,3
d4a92ae2-6ecd-4043-8b5a-82414c597036,Julian,Schwarz,16bbde86-be42-4588-bf60-d2798fec823b,14,4
d4a92ae2-6ecd-4043-8b5a-82414c597036,Julian,Schwarz,16bbde86-be42-4588-bf60-d2798fec823b,15,4
d4a92ae2-6ecd-4043-8b5a-82414c597036,Julian,Schwarz,16bbde86-be42-4588-bf60-d2798fec823b,16,3
d4a92ae2-6ecd-4043-8b5a-82414c597036,Julian,Schwarz,16bbde86-be42-4588-bf60-d2798fec823b,17,2
d4a92ae2-6ecd-4043-8b5a-82414c597036,Julian,Schwarz,16bbde86-be42-4588-bf60-d2798fec823b,18,4
d4a92ae2-6ecd-4043-8b5a-82414c597036,Elias,Didjurgis,2c5f4c05-03c1-4d64-960d-4e7b3c33c949,1,5
d4a92ae2-6ecd-4043-8b5a-82414c597036,Elias,Didjurgis,2c5f4c05-03c1-4d64-960d-4e7b3c33c949,2,6
d4a92ae2-6ecd-4043-8b5a-82414c597036,Elias,Didjurgis,2c5f4c05-03c1-4d64-960d-4e7b3c33c949,3,4
d4a92ae2-6ecd-4043-8b5a-82414c597036,Elias,Didjurgis,2c5f4c05-03c1-4d64-960d-4e7b3c33c949,4,4
d4a92ae2-6ecd-4043-8b5a-82414c597036,Elias,Didjurgis,2c5f4c05-03c1-4d64-960d-4e7b3c33c949,6,7
d4a92ae2-6ecd-4043-8b5a-82414c597036,Elias,Didjurgis,2c5f4c05-03c1-4d64-960d-4e7b3c33c949,7,5
d4a92ae2-6ecd-4043-8b5a-82414c597036,Elias,Didjurgis,2c5f4c05-03c1-4d64-960d-4e7b3c33c949,8,4
d4a92ae2-6ecd-4043-8b5a-82414c597036,Elias,Didjurgis,2c5f4c05-03c1-4d64-960d-4e7b3c33c949,9,5
d4a92ae2-6ecd-4043-8b5a-82414c597036,Julian,Schwarz,16bbde86-be42-4588-bf60-d2798fec823b,1,5
d4a92ae2-6ecd-4043-8b5a-82414c597036,Julian,Schwarz,16bbde86-be42-4588-bf60-d2798fec823b,3,2
d4a92ae2-6ecd-4043-8b5a-82414c597036,Julian,Schwarz,16bbde86-be42-4588-bf60-d2798fec823b,4,3
d4a92ae2-6ecd-4043-8b5a-82414c597036,Julian,Schwarz,16bbde86-be42-4588-bf60-d2798fec823b,5,4
d4a92ae2-6ecd-4043-8b5a-82414c597036,Julian,Schwarz,16bbde86-be42-4588-bf60-d2798fec823b,6,4
d4a92ae2-6ecd-4043-8b5a-82414c597036,Julian,Schwarz,16bbde86-be42-4588-bf60-d2798fec823b,7,4
d4a92ae2-6ecd-4043-8b5a-82414c597036,Julian,Schwarz,16bbde86-be42-4588-bf60-d2798fec823b,8,4
d4a92ae2-6ecd-4043-8b5a-82414c597036,Julian,Schwarz,16bbde86-be42-4588-bf60-d2798fec823b,9,4
d4a92ae2-6ecd-4043-8b5a-82414c597036,Julian,Schwarz,16bbde86-be42-4588-bf60-d2798fec823b,10,4
d4a92ae2-6ecd-4043-8b5a-82414c597036,Julian,Schwarz,16bbde86-be42-4588-bf60-d2798fec823b,11,4
d4a92ae2-6ecd-4043-8b5a-82414c597036,Julian,Schwarz,16bbde86-be42-4588-bf60-d2798fec823b,12,4
d4a92ae2-6ecd-4043-8b5a-82414c597036,Julian,Schwarz,16bbde86-be42-4588-bf60-d2798fec823b,13,3
d4a92ae2-6ecd-4043-8b5a-82414c597036,Julian,Schwarz,16bbde86-be42-4588-bf60-d2798fec823b,14,4
d4a92ae2-6ecd-4043-8b5a-82414c597036,Julian,Schwarz,16bbde86-be42-4588-bf60-d2798fec823b,15,4
d4a92ae2-6ecd-4043-8b5a-82414c597036,Julian,Schwarz,16bbde86-be42-4588-bf60-d2798fec823b,16,4
d4a92ae2-6ecd-4043-8b5a-82414c597036,Julian,Schwarz,16bbde86-be42-4588-bf60-d2798fec823b,17,3
d4a92ae2-6ecd-4043-8b5a-82414c597036,Julian,Schwarz,16bbde86-be42-4588-bf60-d2798fec823b,18,3
d4a92ae2-6ecd-4043-8b5a-82414c597036,Lennart,Schult,84a783cc-96d7-494c-9413-5c6075d22010,15,4
d4a92ae2-6ecd-4043-8b5a-82414c597036,Lennart,Schult,84a783cc-96d7-494c-9413-5c6075d22010,16,5
d4a92ae2-6ecd-4043-8b5a-82414c597036,Lennart,Schult,84a783cc-96d7-494c-9413-5c6075d22010,17,3
d4a92ae2-6ecd-4043-8b5a-82414c597036,Lennart,Schult,84a783cc-96d7-494c-9413-5c6075d22010,18,5
d4a92ae2-6ecd-4043-8b5a-82414c597036,Henrik,Hinz,759b9908-b1f9-40b9-aa6e-6f899daf7bf0,1,4
d4a92ae2-6ecd-4043-8b5a-82414c597036,Henrik,Hinz,759b9908-b1f9-40b9-aa6e-6f899daf7bf0,2,4
d4a92ae2-6ecd-4043-8b5a-82414c597036,Henrik,Hinz,759b9908-b1f9-40b9-aa6e-6f899daf7bf0,3,3
d4a92ae2-6ecd-4043-8b5a-82414c597036,Henrik,Hinz,759b9908-b1f9-40b9-aa6e-6f899daf7bf0,4,4
d4a92ae2-6ecd-4043-8b5a-82414c597036,Henrik,Hinz,759b9908-b1f9-40b9-aa6e-6f899daf7bf0,5,4
d4a92ae2-6ecd-4043-8b5a-82414c597036,Henrik,Hinz,759b9908-b1f9-40b9-aa6e-6f899daf7bf0,6,5
d4a92ae2-6ecd-4043-8b5a-82414c597036,Henrik,Hinz,759b9908-b1f9-40b9-aa6e-6f899daf7bf0,7,4
d4a92ae2-6ecd-4043-8b5a-82414c597036,Henrik,Hinz,759b9908-b1f9-40b9-aa6e-6f899daf7bf0,8,7
d4a92ae2-6ecd-4043-8b5a-82414c597036,Henrik,Hinz,759b9908-b1f9-40b9-aa6e-6f899daf7bf0,9,5
d4a92ae2-6ecd-4043-8b5a-82414c597036,Henrik,Hinz,759b9908-b1f9-40b9-aa6e-6f899daf7bf0,10,5
d4a92ae2-6ecd-4043-8b5a-82414c597036,Henrik,Hinz,759b9908-b1f9-40b9-aa6e-6f899daf7bf0,11,6
d4a92ae2-6ecd-4043-8b5a-82414c597036,Henrik,Hinz,759b9908-b1f9-40b9-aa6e-6f899daf7bf0,12,4
d4a92ae2-6ecd-4043-8b5a-82414c597036,Henrik,Hinz,759b9908-b1f9-40b9-aa6e-6f899daf7bf0,13,3
d4a92ae2-6ecd-4043-8b5a-82414c597036,Henrik,Hinz,759b9908-b1f9-40b9-aa6e-6f899daf7bf0,14,6
d4a92ae2-6ecd-4043-8b5a-82414c597036,Henrik,Hinz,759b9908-b1f9-40b9-aa6e-6f899daf7bf0,15,5
d4a92ae2-6ecd-4043-8b5a-82414c597036,Henrik,Hinz,759b9908-b1f9-40b9-aa6e-6f899daf7bf0,16,3
d4a92ae2-6ecd-4043-8b5a-82414c597036,Henrik,Hinz,759b9908-b1f9-40b9-aa6e-6f899daf7bf0,17,3
d4a92ae2-6ecd-4043-8b5a-82414c597036,Henrik,Hinz,759b9908-b1f9-40b9-aa6e-6f899daf7bf0,18,5
d4a92ae2-6ecd-4043-8b5a-82414c597036,Henry,Porth,96b9b1f2-6aa1-4ce3-8602-db8885855df9,3,2
d4a92ae2-6ecd-4043-8b5a-82414c597036,Henry,Porth,96b9b1f2-6aa1-4ce3-8602-db8885855df9,4,6
d4a92ae2-6ecd-4043-8b5a-82414c597036,Tom,Schult,08d26a81-b59d-4162-ad72-b07ee5d75c64,2,4
d4a92ae2-6ecd-4043-8b5a-82414c597036,Tom,Schult,08d26a81-b59d-4162-ad72-b07ee5d75c64,3,4
d4a92ae2-6ecd-4043-8b5a-82414c597036,Tom,Schult,08d26a81-b59d-4162-ad72-b07ee5d75c64,4,4
d4a92ae2-6ecd-4043-8b5a-82414c597036,Tom,Schult,08d26a81-b59d-4162-ad72-b07ee5d75c64,5,4
d4a92ae2-6ecd-4043-8b5a-82414c597036,Tom,Schult,08d26a81-b59d-4162-ad72-b07ee5d75c64,6,5
d4a92ae2-6ecd-4043-8b5a-82414c597036,Tom,Schult,08d26a81-b59d-4162-ad72-b07ee5d75c64,7,6
d4a92ae2-6ecd-4043-8b5a-82414c597036,Tom,Schult,08d26a81-b59d-4162-ad72-b07ee5d75c64,8,5
d4a92ae2-6ecd-4043-8b5a-82414c597036,Tom,Schult,08d26a81-b59d-4162-ad72-b07ee5d75c64,9,6
d4a92ae2-6ecd-4043-8b5a-82414c597036,Tom,Schult,08d26a81-b59d-4162-ad72-b07ee5d75c64,10,6
d4a92ae2-6ecd-4043-8b5a-82414c597036,Tom,Schult,08d26a81-b59d-4162-ad72-b07ee5d75c64,11,5
d4a92ae2-6ecd-4043-8b5a-82414c597036,Tom,Schult,08d26a81-b59d-4162-ad72-b07ee5d75c64,12,5
d4a92ae2-6ecd-4043-8b5a-82414c597036,Tom,Schult,08d26a81-b59d-4162-ad72-b07ee5d75c64,13,4
d4a92ae2-6ecd-4043-8b5a-82414c597036,Tom,Schult,08d26a81-b59d-4162-ad72-b07ee5d75c64,14,5
d4a92ae2-6ecd-4043-8b5a-82414c597036,Tom,Schult,08d26a81-b59d-4162-ad72-b07ee5d75c64,15,4
d4a92ae2-6ecd-4043-8b5a-82414c597036,Tom,Schult,08d26a81-b59d-4162-ad72-b07ee5d75c64,16,5
d4a92ae2-6ecd-4043-8b5a-82414c597036,Tom,Schult,08d26a81-b59d-4162-ad72-b07ee5d75c64,17,4
d4a92ae2-6ecd-4043-8b5a-82414c597036,Tom,Schult,08d26a81-b59d-4162-ad72-b07ee5d75c64,18,6
d4a92ae2-6ecd-4043-8b5a-82414c597036,Aaron,Talke,abd869dc-4fb4-4281-ad1f-d5945e769254,2,6
d4a92ae2-6ecd-4043-8b5a-82414c597036,Hugo,Freund,fbc1c0c4-2815-4bdb-af5b-c0a7c4ebf642,4,4
d4a92ae2-6ecd-4043-8b5a-82414c597036,Hugo,Freund,fbc1c0c4-2815-4bdb-af5b-c0a7c4ebf642,5,3
d4a92ae2-6ecd-4043-8b5a-82414c597036,Hugo,Freund,fbc1c0c4-2815-4bdb-af5b-c0a7c4ebf642,6,5
d4a92ae2-6ecd-4043-8b5a-82414c597036,Hugo,Freund,fbc1c0c4-2815-4bdb-af5b-c0a7c4ebf642,7,5
d4a92ae2-6ecd-4043-8b5a-82414c597036,Hugo,Freund,fbc1c0c4-2815-4bdb-af5b-c0a7c4ebf642,8,4
d4a92ae2-6ecd-4043-8b5a-82414c597036,Hugo,Freund,fbc1c0c4-2815-4bdb-af5b-c0a7c4ebf642,9,3
d4a92ae2-6ecd-4043-8b5a-82414c597036,Hugo,Freund,fbc1c0c4-2815-4bdb-af5b-c0a7c4ebf642,10,5
d4a92ae2-6ecd-4043-8b5a-82414c597036,Hugo,Freund,fbc1c0c4-2815-4bdb-af5b-c0a7c4ebf642,11,5
d4a92ae2-6ecd-4043-8b5a-82414c597036,Hugo,Freund,fbc1c0c4-2815-4bdb-af5b-c0a7c4ebf642,12,5
d4a92ae2-6ecd-4043-8b5a-82414c597036,Hugo,Freund,fbc1c0c4-2815-4bdb-af5b-c0a7c4ebf642,13,3
d4a92ae2-6ecd-4043-8b5a-82414c597036,Hugo,Freund,fbc1c0c4-2815-4bdb-af5b-c0a7c4ebf642,14,4
d4a92ae2-6ecd-4043-8b5a-82414c597036,Hugo,Freund,fbc1c0c4-2815-4bdb-af5b-c0a7c4ebf642,15,4
d4a92ae2-6ecd-4043-8b5a-82414c597036,Hugo,Freund,fbc1c0c4-2815-4bdb-af5b-c0a7c4ebf642,16,4
d4a92ae2-6ecd-4043-8b5a-82414c597036,Hugo,Freund,fbc1c0c4-2815-4bdb-af5b-c0a7c4ebf642,17,3
d4a92ae2-6ecd-4043-8b5a-82414c597036,Hugo,Freund,fbc1c0c4-2815-4bdb-af5b-c0a7c4ebf642,18,4
d4a92ae2-6ecd-4043-8b5a-82414c597036,Aaron,Talke,abd869dc-4fb4-4281-ad1f-d5945e769254,3,4
d4a92ae2-6ecd-4043-8b5a-82414c597036,Aaron,Talke,abd869dc-4fb4-4281-ad1f-d5945e769254,4,4
d4a92ae2-6ecd-4043-8b5a-82414c597036,Aaron,Talke,abd869dc-4fb4-4281-ad1f-d5945e769254,5,4
d4a92ae2-6ecd-4043-8b5a-82414c597036,Aaron,Talke,abd869dc-4fb4-4281-ad1f-d5945e769254,6,6
d4a92ae2-6ecd-4043-8b5a-82414c597036,Aaron,Talke,abd869dc-4fb4-4281-ad1f-d5945e769254,7,5
d4a92ae2-6ecd-4043-8b5a-82414c597036,Aaron,Talke,abd869dc-4fb4-4281-ad1f-d5945e769254,8,5
d4a92ae2-6ecd-4043-8b5a-82414c597036,Aaron,Talke,abd869dc-4fb4-4281-ad1f-d5945e769254,9,5
d4a92ae2-6ecd-4043-8b5a-82414c597036,Aaron,Talke,abd869dc-4fb4-4281-ad1f-d5945e769254,10,7
d4a92ae2-6ecd-4043-8b5a-82414c597036,Aaron,Talke,abd869dc-4fb4-4281-ad1f-d5945e769254,11,6
d4a92ae2-6ecd-4043-8b5a-82414c597036,Aaron,Talke,abd869dc-4fb4-4281-ad1f-d5945e769254,12,6
d4a92ae2-6ecd-4043-8b5a-82414c597036,Aaron,Talke,abd869dc-4fb4-4281-ad1f-d5945e769254,13,3
d4a92ae2-6ecd-4043-8b5a-82414c597036,Aaron,Talke,abd869dc-4fb4-4281-ad1f-d5945e769254,14,4
d4a92ae2-6ecd-4043-8b5a-82414c597036,Aaron,Talke,abd869dc-4fb4-4281-ad1f-d5945e769254,15,5
d4a92ae2-6ecd-4043-8b5a-82414c597036,Aaron,Talke,abd869dc-4fb4-4281-ad1f-d5945e769254,16,4
d4a92ae2-6ecd-4043-8b5a-82414c597036,Aaron,Talke,abd869dc-4fb4-4281-ad1f-d5945e769254,17,4
d4a92ae2-6ecd-4043-8b5a-82414c597036,Aaron,Talke,abd869dc-4fb4-4281-ad1f-d5945e769254,18,6
d4a92ae2-6ecd-4043-8b5a-82414c597036,Rafael,Pich,b8d0b9c8-feab-494a-b904-713a3ef84e28,1,6
d4a92ae2-6ecd-4043-8b5a-82414c597036,Rafael,Pich,b8d0b9c8-feab-494a-b904-713a3ef84e28,2,7
d4a92ae2-6ecd-4043-8b5a-82414c597036,Rafael,Pich,b8d0b9c8-feab-494a-b904-713a3ef84e28,3,3
d4a92ae2-6ecd-4043-8b5a-82414c597036,Nicolas,Gregg,79fae2cb-e948-49a9-aa44-6bb1d4ea602b,3,3
d4a92ae2-6ecd-4043-8b5a-82414c597036,Nicolas,Gregg,79fae2cb-e948-49a9-aa44-6bb1d4ea602b,4,5
d4a92ae2-6ecd-4043-8b5a-82414c597036,Nicolas,Gregg,79fae2cb-e948-49a9-aa44-6bb1d4ea602b,5,3
d4a92ae2-6ecd-4043-8b5a-82414c597036,Nicolas,Gregg,79fae2cb-e948-49a9-aa44-6bb1d4ea602b,6,4
d4a92ae2-6ecd-4043-8b5a-82414c597036,Nicolas,Gregg,79fae2cb-e948-49a9-aa44-6bb1d4ea602b,7,5
d4a92ae2-6ecd-4043-8b5a-82414c597036,Philip,Dahlstrom,0b2be1cc-3241-4cfe-9af6-0b92a5582cec,8,4
d4a92ae2-6ecd-4043-8b5a-82414c597036,Philip,Dahlstrom,0b2be1cc-3241-4cfe-9af6-0b92a5582cec,9,4
d4a92ae2-6ecd-4043-8b5a-82414c597036,Philip,Dahlstrom,0b2be1cc-3241-4cfe-9af6-0b92a5582cec,10,5
d4a92ae2-6ecd-4043-8b5a-82414c597036,Philip,Dahlstrom,0b2be1cc-3241-4cfe-9af6-0b92a5582cec,11,5
d4a92ae2-6ecd-4043-8b5a-82414c597036,Philip,Dahlstrom,0b2be1cc-3241-4cfe-9af6-0b92a5582cec,12,5
d4a92ae2-6ecd-4043-8b5a-82414c597036,Philip,Dahlstrom,0b2be1cc-3241-4cfe-9af6-0b92a5582cec,13,4
d4a92ae2-6ecd-4043-8b5a-82414c597036,Philip,Dahlstrom,0b2be1cc-3241-4cfe-9af6-0b92a5582cec,14,4
d4a92ae2-6ecd-4043-8b5a-82414c597036,Philip,Dahlstrom,0b2be1cc-3241-4cfe-9af6-0b92a5582cec,15,5
d4a92ae2-6ecd-4043-8b5a-82414c597036,Philip,Dahlstrom,0b2be1cc-3241-4cfe-9af6-0b92a5582cec,16,4
d4a92ae2-6ecd-4043-8b5a-82414c597036,Philip,Dahlstrom,0b2be1cc-3241-4cfe-9af6-0b92a5582cec,17,4
d4a92ae2-6ecd-4043-8b5a-82414c597036,Philip,Dahlstrom,0b2be1cc-3241-4cfe-9af6-0b92a5582cec,18,4
d4a92ae2-6ecd-4043-8b5a-82414c597036,Oskar,Arnold,6c31fd00-3f0e-406d-8145-ddca8aad7a11,1,6
d4a92ae2-6ecd-4043-8b5a-82414c597036,Oskar,Arnold,6c31fd00-3f0e-406d-8145-ddca8aad7a11,2,5
d4a92ae2-6ecd-4043-8b5a-82414c597036,Oskar,Arnold,6c31fd00-3f0e-406d-8145-ddca8aad7a11,3,6
d4a92ae2-6ecd-4043-8b5a-82414c597036,Oskar,Arnold,6c31fd00-3f0e-406d-8145-ddca8aad7a11,4,5
d4a92ae2-6ecd-4043-8b5a-82414c597036,Oskar,Arnold,6c31fd00-3f0e-406d-8145-ddca8aad7a11,5,4
d4a92ae2-6ecd-4043-8b5a-82414c597036,Oskar,Arnold,6c31fd00-3f0e-406d-8145-ddca8aad7a11,6,6
d4a92ae2-6ecd-4043-8b5a-82414c597036,Oskar,Arnold,6c31fd00-3f0e-406d-8145-ddca8aad7a11,7,5
d4a92ae2-6ecd-4043-8b5a-82414c597036,Oskar,Arnold,6c31fd00-3f0e-406d-8145-ddca8aad7a11,8,4
d4a92ae2-6ecd-4043-8b5a-82414c597036,Oskar,Arnold,6c31fd00-3f0e-406d-8145-ddca8aad7a11,9,6
d4a92ae2-6ecd-4043-8b5a-82414c597036,Oskar,Arnold,6c31fd00-3f0e-406d-8145-ddca8aad7a11,10,5
d4a92ae2-6ecd-4043-8b5a-82414c597036,Oskar,Arnold,6c31fd00-3f0e-406d-8145-ddca8aad7a11,11,5
d4a92ae2-6ecd-4043-8b5a-82414c597036,Oskar,Arnold,6c31fd00-3f0e-406d-8145-ddca8aad7a11,12,6
d4a92ae2-6ecd-4043-8b5a-82414c597036,Oskar,Arnold,6c31fd00-3f0e-406d-8145-ddca8aad7a11,13,3
d4a92ae2-6ecd-4043-8b5a-82414c597036,Oskar,Arnold,6c31fd00-3f0e-406d-8145-ddca8aad7a11,14,5
d4a92ae2-6ecd-4043-8b5a-82414c597036,Oskar,Arnold,6c31fd00-3f0e-406d-8145-ddca8aad7a11,15,4
d4a92ae2-6ecd-4043-8b5a-82414c597036,Oskar,Arnold,6c31fd00-3f0e-406d-8145-ddca8aad7a11,16,5
d4a92ae2-6ecd-4043-8b5a-82414c597036,Oskar,Arnold,6c31fd00-3f0e-406d-8145-ddca8aad7a11,17,3
d4a92ae2-6ecd-4043-8b5a-82414c597036,Oskar,Arnold,6c31fd00-3f0e-406d-8145-ddca8aad7a11,18,5
d4a92ae2-6ecd-4043-8b5a-82414c597036,Justus,von Rüden,288cb02f-b30e-4cb3-8faf-08f5364d19fc,2,5
d4a92ae2-6ecd-4043-8b5a-82414c597036,Justus,von Rüden,288cb02f-b30e-4cb3-8faf-08f5364d19fc,3,3
d4a92ae2-6ecd-4043-8b5a-82414c597036,Justus,von Rüden,288cb02f-b30e-4cb3-8faf-08f5364d19fc,4,7
d4a92ae2-6ecd-4043-8b5a-82414c597036,Paul Jules,Nischk,36381ba5-02d8-474e-a058-58b719674b9a,8,7
d4a92ae2-6ecd-4043-8b5a-82414c597036,Paul Jules,Nischk,36381ba5-02d8-474e-a058-58b719674b9a,9,5
d4a92ae2-6ecd-4043-8b5a-82414c597036,Nicolas,Metz,f42128ff-96ff-4c07-8ad5-c344d9767135,1,7
d4a92ae2-6ecd-4043-8b5a-82414c597036,Nicolas,Metz,f42128ff-96ff-4c07-8ad5-c344d9767135,2,5
d4a92ae2-6ecd-4043-8b5a-82414c597036,Henry Pete,Nischk,60d9add6-17ee-430f-a974-1bc5cfa95c84,5,3
d4a92ae2-6ecd-4043-8b5a-82414c597036,Henry Pete,Nischk,60d9add6-17ee-430f-a974-1bc5cfa95c84,6,5
d4a92ae2-6ecd-4043-8b5a-82414c597036,Henry Pete,Nischk,60d9add6-17ee-430f-a974-1bc5cfa95c84,7,5
d4a92ae2-6ecd-4043-8b5a-82414c597036,Henry Pete,Nischk,60d9add6-17ee-430f-a974-1bc5cfa95c84,8,4
d4a92ae2-6ecd-4043-8b5a-82414c597036,Henry Pete,Nischk,60d9add6-17ee-430f-a974-1bc5cfa95c84,9,6
d4a92ae2-6ecd-4043-8b5a-82414c597036,Aidan,Nüchter,7db2cb2f-f9ed-41d0-bbd8-502f7a9a2ff3,7,7
d4a92ae2-6ecd-4043-8b5a-82414c597036,Aidan,Nüchter,7db2cb2f-f9ed-41d0-bbd8-502f7a9a2ff3,8,7
d4a92ae2-6ecd-4043-8b5a-82414c597036,Aidan,Nüchter,7db2cb2f-f9ed-41d0-bbd8-502f7a9a2ff3,9,5
d4a92ae2-6ecd-4043-8b5a-82414c597036,Valentin Andreas,Bohl,b64c96a6-6bd0-461d-9f68-f49865e53db5,1,6
d4a92ae2-6ecd-4043-8b5a-82414c597036,Mateo,Kaffka,50dd6e49-1e4a-41ab-82ca-6d15050216b3,1,8
d4a92ae2-6ecd-4043-8b5a-82414c597036,Mateo,Kaffka,50dd6e49-1e4a-41ab-82ca-6d15050216b3,9,7
d4a92ae2-6ecd-4043-8b5a-82414c597036,Alexander,Mylius,de28cd8e-9d77-4157-807a-369c938090ab,1,5
d4a92ae2-6ecd-4043-8b5a-82414c597036,Alexander,Mylius,de28cd8e-9d77-4157-807a-369c938090ab,2,4
d4a92ae2-6ecd-4043-8b5a-82414c597036,Alexander,Mylius,de28cd8e-9d77-4157-807a-369c938090ab,3,4
d4a92ae2-6ecd-4043-8b5a-82414c597036,Alexander,Mylius,de28cd8e-9d77-4157-807a-369c938090ab,4,5
d4a92ae2-6ecd-4043-8b5a-82414c597036,Alexander,Mylius,de28cd8e-9d77-4157-807a-369c938090ab,5,3
d4a92ae2-6ecd-4043-8b5a-82414c597036,Carl,Balz,9fab0351-ea45-4762-a3b9-4d61ef1d99b9,1,8
d4a92ae2-6ecd-4043-8b5a-82414c597036,Carl,Balz,9fab0351-ea45-4762-a3b9-4d61ef1d99b9,2,5
d4a92ae2-6ecd-4043-8b5a-82414c597036,Carl,Balz,9fab0351-ea45-4762-a3b9-4d61ef1d99b9,3,3
d4a92ae2-6ecd-4043-8b5a-82414c597036,Carl,Balz,9fab0351-ea45-4762-a3b9-4d61ef1d99b9,4,4
d4a92ae2-6ecd-4043-8b5a-82414c597036,Carl,Balz,9fab0351-ea45-4762-a3b9-4d61ef1d99b9,5,5
d4a92ae2-6ecd-4043-8b5a-82414c597036,Carl,Balz,9fab0351-ea45-4762-a3b9-4d61ef1d99b9,6,6
d4a92ae2-6ecd-4043-8b5a-82414c597036,Carl,Balz,9fab0351-ea45-4762-a3b9-4d61ef1d99b9,7,5
d4a92ae2-6ecd-4043-8b5a-82414c597036,Carl,Balz,9fab0351-ea45-4762-a3b9-4d61ef1d99b9,8,4
d4a92ae2-6ecd-4043-8b5a-82414c597036,Carl,Balz,9fab0351-ea45-4762-a3b9-4d61ef1d99b9,9,8
d4a92ae2-6ecd-4043-8b5a-82414c597036,Carl,Balz,9fab0351-ea45-4762-a3b9-4d61ef1d99b9,10,6
d4a92ae2-6ecd-4043-8b5a-82414c597036,Carl,Balz,9fab0351-ea45-4762-a3b9-4d61ef1d99b9,11,5
d4a92ae2-6ecd-4043-8b5a-82414c597036,Carl,Balz,9fab0351-ea45-4762-a3b9-4d61ef1d99b9,12,4
d4a92ae2-6ecd-4043-8b5a-82414c597036,Carl,Balz,9fab0351-ea45-4762-a3b9-4d61ef1d99b9,13,4
d4a92ae2-6ecd-4043-8b5a-82414c597036,Carl,Balz,9fab0351-ea45-4762-a3b9-4d61ef1d99b9,14,4
d4a92ae2-6ecd-4043-8b5a-82414c597036,Carl,Balz,9fab0351-ea45-4762-a3b9-4d61ef1d99b9,15,6
d4a92ae2-6ecd-4043-8b5a-82414c597036,Carl,Balz,9fab0351-ea45-4762-a3b9-4d61ef1d99b9,16,4
d4a92ae2-6ecd-4043-8b5a-82414c597036,Carl,Balz,9fab0351-ea45-4762-a3b9-4d61ef1d99b9,17,3
d4a92ae2-6ecd-4043-8b5a-82414c597036,Carl,Balz,9fab0351-ea45-4762-a3b9-4d61ef1d99b9,18,4
d4a92ae2-6ecd-4043-8b5a-82414c597036,Justus,von Rüden,288cb02f-b30e-4cb3-8faf-08f5364d19fc,5,4
d4a92ae2-6ecd-4043-8b5a-82414c597036,Justus,von Rüden,288cb02f-b30e-4cb3-8faf-08f5364d19fc,6,8
d4a92ae2-6ecd-4043-8b5a-82414c597036,Justus,von Rüden,288cb02f-b30e-4cb3-8faf-08f5364d19fc,7,5
d4a92ae2-6ecd-4043-8b5a-82414c597036,Justus,von Rüden,288cb02f-b30e-4cb3-8faf-08f5364d19fc,8,6
d4a92ae2-6ecd-4043-8b5a-82414c597036,Justus,von Rüden,288cb02f-b30e-4cb3-8faf-08f5364d19fc,9,6
d4a92ae2-6ecd-4043-8b5a-82414c597036,Justus,von Rüden,288cb02f-b30e-4cb3-8faf-08f5364d19fc,10,8
d4a92ae2-6ecd-4043-8b5a-82414c597036,Justus,von Rüden,288cb02f-b30e-4cb3-8faf-08f5364d19fc,11,7
d4a92ae2-6ecd-4043-8b5a-82414c597036,Justus,von Rüden,288cb02f-b30e-4cb3-8faf-08f5364d19fc,12,5
d4a92ae2-6ecd-4043-8b5a-82414c597036,Justus,von Rüden,288cb02f-b30e-4cb3-8faf-08f5364d19fc,13,4
d4a92ae2-6ecd-4043-8b5a-82414c597036,Justus,von Rüden,288cb02f-b30e-4cb3-8faf-08f5364d19fc,14,5
d4a92ae2-6ecd-4043-8b5a-82414c597036,Justus,von Rüden,288cb02f-b30e-4cb3-8faf-08f5364d19fc,15,5
d4a92ae2-6ecd-4043-8b5a-82414c597036,Justus,von Rüden,288cb02f-b30e-4cb3-8faf-08f5364d19fc,16,6
d4a92ae2-6ecd-4043-8b5a-82414c597036,Justus,von Rüden,288cb02f-b30e-4cb3-8faf-08f5364d19fc,17,4
d4a92ae2-6ecd-4043-8b5a-82414c597036,Justus,von Rüden,288cb02f-b30e-4cb3-8faf-08f5364d19fc,18,6
d4a92ae2-6ecd-4043-8b5a-82414c597036,Aidan,Nüchter,7db2cb2f-f9ed-41d0-bbd8-502f7a9a2ff3,5,3
d4a92ae2-6ecd-4043-8b5a-82414c597036,Aaron,Kastein,10f1afa0-aa58-4b13-8d05-4e0b8e462e5f,1,5
d4a92ae2-6ecd-4043-8b5a-82414c597036,Aaron,Kastein,10f1afa0-aa58-4b13-8d05-4e0b8e462e5f,2,4
d4a92ae2-6ecd-4043-8b5a-82414c597036,Aaron,Kastein,10f1afa0-aa58-4b13-8d05-4e0b8e462e5f,3,3
d4a92ae2-6ecd-4043-8b5a-82414c597036,Aaron,Kastein,10f1afa0-aa58-4b13-8d05-4e0b8e462e5f,4,4
d4a92ae2-6ecd-4043-8b5a-82414c597036,Aaron,Kastein,10f1afa0-aa58-4b13-8d05-4e0b8e462e5f,5,2
d4a92ae2-6ecd-4043-8b5a-82414c597036,Aaron,Kastein,10f1afa0-aa58-4b13-8d05-4e0b8e462e5f,6,6
d4a92ae2-6ecd-4043-8b5a-82414c597036,Aaron,Kastein,10f1afa0-aa58-4b13-8d05-4e0b8e462e5f,7,4
d4a92ae2-6ecd-4043-8b5a-82414c597036,Aaron,Kastein,10f1afa0-aa58-4b13-8d05-4e0b8e462e5f,8,4
d4a92ae2-6ecd-4043-8b5a-82414c597036,Aaron,Kastein,10f1afa0-aa58-4b13-8d05-4e0b8e462e5f,9,5
d4a92ae2-6ecd-4043-8b5a-82414c597036,Aaron,Kastein,10f1afa0-aa58-4b13-8d05-4e0b8e462e5f,10,5
d4a92ae2-6ecd-4043-8b5a-82414c597036,Aaron,Kastein,10f1afa0-aa58-4b13-8d05-4e0b8e462e5f,11,5
d4a92ae2-6ecd-4043-8b5a-82414c597036,Aaron,Kastein,10f1afa0-aa58-4b13-8d05-4e0b8e462e5f,12,4
d4a92ae2-6ecd-4043-8b5a-82414c597036,Aaron,Kastein,10f1afa0-aa58-4b13-8d05-4e0b8e462e5f,13,2
d4a92ae2-6ecd-4043-8b5a-82414c597036,Aaron,Kastein,10f1afa0-aa58-4b13-8d05-4e0b8e462e5f,14,4
d4a92ae2-6ecd-4043-8b5a-82414c597036,Aaron,Kastein,10f1afa0-aa58-4b13-8d05-4e0b8e462e5f,15,4
d4a92ae2-6ecd-4043-8b5a-82414c597036,Aaron,Kastein,10f1afa0-aa58-4b13-8d05-4e0b8e462e5f,16,4
d4a92ae2-6ecd-4043-8b5a-82414c597036,Aaron,Kastein,10f1afa0-aa58-4b13-8d05-4e0b8e462e5f,17,3
d4a92ae2-6ecd-4043-8b5a-82414c597036,Aaron,Kastein,10f1afa0-aa58-4b13-8d05-4e0b8e462e5f,18,4
d4a92ae2-6ecd-4043-8b5a-82414c597036,Lennart,Schult,84a783cc-96d7-494c-9413-5c6075d22010,4,4
d4a92ae2-6ecd-4043-8b5a-82414c597036,Lennart,Schult,84a783cc-96d7-494c-9413-5c6075d22010,5,4
d4a92ae2-6ecd-4043-8b5a-82414c597036,Lennart,Schult,84a783cc-96d7-494c-9413-5c6075d22010,6,5
d4a92ae2-6ecd-4043-8b5a-82414c597036,Lennart,Schult,84a783cc-96d7-494c-9413-5c6075d22010,7,5
d4a92ae2-6ecd-4043-8b5a-82414c597036,Lennart,Schult,84a783cc-96d7-494c-9413-5c6075d22010,8,6
d4a92ae2-6ecd-4043-8b5a-82414c597036,Lennart,Schult,84a783cc-96d7-494c-9413-5c6075d22010,9,4
d4a92ae2-6ecd-4043-8b5a-82414c597036,Lennart,Schult,84a783cc-96d7-494c-9413-5c6075d22010,10,5
d4a92ae2-6ecd-4043-8b5a-82414c597036,Lennart,Schult,84a783cc-96d7-494c-9413-5c6075d22010,11,4
d4a92ae2-6ecd-4043-8b5a-82414c597036,Lennart,Schult,84a783cc-96d7-494c-9413-5c6075d22010,12,3
d4a92ae2-6ecd-4043-8b5a-82414c597036,Lennart,Schult,84a783cc-96d7-494c-9413-5c6075d22010,13,3
d4a92ae2-6ecd-4043-8b5a-82414c597036,Lennart,Schult,84a783cc-96d7-494c-9413-5c6075d22010,14,5
